user_id,course_id,disability_type,question_number,question_difficulty,is_correct,response_time_seconds,true_skill_label
user_0,course_20,hearing,1,3,0,62.4,Intermediate
user_0,course_20,hearing,2,2,1,39.0,Intermediate
user_0,course_20,hearing,3,4,0,76.3,Intermediate
user_0,course_20,hearing,4,2,1,34.2,Intermediate
user_0,course_20,hearing,5,3,1,51.8,Intermediate
user_0,course_20,hearing,6,3,1,55.6,Intermediate
user_0,course_20,hearing,7,4,1,64.1,Intermediate
user_0,course_20,hearing,8,3,1,54.8,Intermediate
user_0,course_20,hearing,9,3,1,58.6,Intermediate
user_0,course_20,hearing,10,2,1,32.6,Intermediate
user_0,course_34,hearing,1,5,0,100.6,Intermediate
user_0,course_34,hearing,2,5,0,94.6,Intermediate
user_0,course_34,hearing,3,4,0,105.4,Intermediate
user_0,course_34,hearing,4,4,0,88.1,Intermediate
user_0,course_34,hearing,5,5,0,116.5,Intermediate
user_0,course_34,hearing,6,5,0,107.5,Intermediate
user_0,course_34,hearing,7,4,1,82.9,Intermediate
user_0,course_34,hearing,8,4,0,76.6,Intermediate
user_0,course_34,hearing,9,5,0,153.3,Intermediate
user_0,course_34,hearing,10,4,0,70.1,Intermediate
user_0,course_34,hearing,11,5,0,115.0,Intermediate
user_0,course_34,hearing,12,4,0,68.1,Intermediate
user_0,course_34,hearing,13,5,0,139.4,Intermediate
user_0,course_34,hearing,14,4,1,71.3,Intermediate
user_0,course_47,hearing,1,4,0,88.9,Intermediate
user_0,course_47,hearing,2,4,1,64.8,Intermediate
user_0,course_47,hearing,3,3,1,62.0,Intermediate
user_0,course_47,hearing,4,4,0,108.1,Intermediate
user_0,course_47,hearing,5,3,0,81.5,Intermediate
user_0,course_47,hearing,6,2,1,33.4,Intermediate
user_0,course_47,hearing,7,2,1,38.9,Intermediate
user_0,course_47,hearing,8,3,0,72.3,Intermediate
user_0,course_47,hearing,9,2,0,40.9,Intermediate
user_0,course_47,hearing,10,4,0,94.6,Intermediate
user_0,course_47,hearing,11,2,1,29.5,Intermediate
user_0,course_47,hearing,12,4,1,73.1,Intermediate
user_0,course_47,hearing,13,4,0,87.2,Intermediate
user_1,course_18,visual,1,2,1,74.6,Advanced
user_1,course_18,visual,2,3,1,110.8,Advanced
user_1,course_18,visual,3,2,0,74.3,Advanced
user_1,course_18,visual,4,4,1,158.5,Advanced
user_1,course_18,visual,5,3,1,124.4,Advanced
user_1,course_18,visual,6,4,1,155.3,Advanced
user_1,course_18,visual,7,2,1,56.6,Advanced
user_1,course_18,visual,8,3,1,87.9,Advanced
user_1,course_18,visual,9,2,1,59.8,Advanced
user_1,course_18,visual,10,2,1,67.1,Advanced
user_1,course_18,visual,11,3,1,86.0,Advanced
user_1,course_18,visual,12,3,1,115.8,Advanced
user_1,course_18,visual,13,2,1,54.9,Advanced
user_1,course_18,visual,14,4,1,164.9,Advanced
user_1,course_4,visual,1,1,1,33.0,Advanced
user_1,course_4,visual,2,1,1,34.2,Advanced
user_1,course_4,visual,3,2,1,53.8,Advanced
user_1,course_4,visual,4,2,1,53.7,Advanced
user_1,course_4,visual,5,3,1,123.2,Advanced
user_1,course_4,visual,6,1,1,42.3,Advanced
user_1,course_4,visual,7,3,0,160.2,Advanced
user_1,course_4,visual,8,2,1,55.9,Advanced
user_1,course_4,visual,9,1,1,46.3,Advanced
user_1,course_4,visual,10,3,0,126.1,Advanced
user_1,course_4,visual,11,1,1,33.1,Advanced
user_1,course_4,visual,12,2,1,68.7,Advanced
user_1,course_4,visual,13,3,1,97.4,Advanced
user_1,course_48,visual,1,5,1,206.9,Advanced
user_1,course_48,visual,2,4,1,155.5,Advanced
user_1,course_48,visual,3,5,0,291.7,Advanced
user_1,course_48,visual,4,4,0,184.6,Advanced
user_1,course_48,visual,5,5,0,220.6,Advanced
user_1,course_48,visual,6,5,0,272.4,Advanced
user_1,course_48,visual,7,4,0,180.4,Advanced
user_1,course_48,visual,8,5,0,270.5,Advanced
user_1,course_48,visual,9,5,1,154.3,Advanced
user_1,course_48,visual,10,4,0,152.2,Advanced
user_1,course_48,visual,11,5,0,236.9,Advanced
user_1,course_17,visual,1,1,1,36.7,Advanced
user_1,course_17,visual,2,3,1,123.7,Advanced
user_1,course_17,visual,3,1,1,46.2,Advanced
user_1,course_17,visual,4,2,1,66.9,Advanced
user_1,course_17,visual,5,1,1,40.1,Advanced
user_1,course_17,visual,6,3,1,90.0,Advanced
user_1,course_17,visual,7,2,1,75.3,Advanced
user_1,course_17,visual,8,2,1,70.9,Advanced
user_1,course_17,visual,9,2,1,75.9,Advanced
user_1,course_17,visual,10,2,1,54.7,Advanced
user_1,course_17,visual,11,3,1,120.3,Advanced
user_1,course_17,visual,12,2,1,77.4,Advanced
user_1,course_17,visual,13,1,1,37.0,Advanced
user_1,course_17,visual,14,3,1,99.9,Advanced
user_2,course_34,visual,1,4,1,126.4,Advanced
user_2,course_34,visual,2,5,1,163.9,Advanced
user_2,course_34,visual,3,4,0,232.9,Advanced
user_2,course_34,visual,4,4,1,139.2,Advanced
user_2,course_34,visual,5,4,0,195.9,Advanced
user_2,course_34,visual,6,4,0,188.8,Advanced
user_2,course_34,visual,7,4,1,169.4,Advanced
user_2,course_34,visual,8,5,0,206.6,Advanced
user_2,course_34,visual,9,5,0,236.3,Advanced
user_2,course_34,visual,10,4,0,205.4,Advanced
user_2,course_34,visual,11,4,0,179.5,Advanced
user_2,course_34,visual,12,4,1,119.9,Advanced
user_2,course_34,visual,13,4,1,158.8,Advanced
user_2,course_34,visual,14,5,0,304.7,Advanced
user_2,course_34,visual,15,5,1,164.7,Advanced
user_2,course_33,visual,1,3,1,95.5,Advanced
user_2,course_33,visual,2,3,0,120.6,Advanced
user_2,course_33,visual,3,4,1,154.3,Advanced
user_2,course_33,visual,4,3,1,118.9,Advanced
user_2,course_33,visual,5,3,0,142.1,Advanced
user_2,course_33,visual,6,3,1,108.8,Advanced
user_2,course_33,visual,7,4,1,159.1,Advanced
user_2,course_33,visual,8,2,1,73.6,Advanced
user_2,course_33,visual,9,4,1,116.3,Advanced
user_2,course_33,visual,10,3,1,110.7,Advanced
user_2,course_28,visual,1,4,0,179.9,Advanced
user_2,course_28,visual,2,4,1,151.4,Advanced
user_2,course_28,visual,3,4,0,201.5,Advanced
user_2,course_28,visual,4,2,1,59.3,Advanced
user_2,course_28,visual,5,2,0,79.3,Advanced
user_2,course_28,visual,6,4,1,135.2,Advanced
user_2,course_28,visual,7,4,1,122.9,Advanced
user_2,course_28,visual,8,4,1,155.8,Advanced
user_2,course_28,visual,9,2,1,64.9,Advanced
user_2,course_28,visual,10,2,0,78.3,Advanced
user_2,course_28,visual,11,2,1,59.8,Advanced
user_2,course_28,visual,12,2,1,66.9,Advanced
user_2,course_6,visual,1,2,1,76.0,Advanced
user_2,course_6,visual,2,2,1,70.6,Advanced
user_2,course_6,visual,3,2,1,65.1,Advanced
user_2,course_6,visual,4,3,1,120.7,Advanced
user_2,course_6,visual,5,4,1,115.6,Advanced
user_2,course_6,visual,6,2,1,68.2,Advanced
user_2,course_6,visual,7,4,1,168.9,Advanced
user_2,course_6,visual,8,3,1,99.5,Advanced
user_2,course_6,visual,9,3,1,85.5,Advanced
user_2,course_6,visual,10,4,0,211.5,Advanced
user_2,course_6,visual,11,4,1,165.6,Advanced
user_2,course_6,visual,12,3,1,94.2,Advanced
user_2,course_6,visual,13,2,1,57.3,Advanced
user_2,course_6,visual,14,4,1,127.7,Advanced
user_2,course_49,visual,1,3,1,121.4,Advanced
user_2,course_49,visual,2,2,1,73.2,Advanced
user_2,course_49,visual,3,2,1,67.8,Advanced
user_2,course_49,visual,4,3,1,115.3,Advanced
user_2,course_49,visual,5,2,1,62.4,Advanced
user_2,course_49,visual,6,2,1,69.5,Advanced
user_2,course_49,visual,7,3,1,104.9,Advanced
user_2,course_49,visual,8,3,1,94.0,Advanced
user_2,course_49,visual,9,3,1,99.3,Advanced
user_2,course_49,visual,10,3,1,96.0,Advanced
user_2,course_49,visual,11,4,1,164.1,Advanced
user_3,course_22,motor,1,3,1,112.4,Intermediate
user_3,course_22,motor,2,2,1,50.1,Intermediate
user_3,course_22,motor,3,2,1,61.8,Intermediate
user_3,course_22,motor,4,4,0,179.2,Intermediate
user_3,course_22,motor,5,3,1,109.2,Intermediate
user_3,course_22,motor,6,2,1,59.5,Intermediate
user_3,course_22,motor,7,2,1,64.4,Intermediate
user_3,course_22,motor,8,2,1,69.9,Intermediate
user_3,course_22,motor,9,3,0,125.1,Intermediate
user_3,course_22,motor,10,4,0,169.9,Intermediate
user_3,course_22,motor,11,2,1,67.1,Intermediate
user_3,course_22,motor,12,4,0,210.7,Intermediate
user_3,course_22,motor,13,2,1,62.6,Intermediate
user_3,course_17,motor,1,1,1,35.8,Intermediate
user_3,course_17,motor,2,2,1,55.7,Intermediate
user_3,course_17,motor,3,3,1,117.6,Intermediate
user_3,course_17,motor,4,3,0,119.4,Intermediate
user_3,course_17,motor,5,3,0,152.0,Intermediate
user_3,course_17,motor,6,1,1,34.7,Intermediate
user_3,course_17,motor,7,1,1,32.1,Intermediate
user_3,course_17,motor,8,2,1,62.3,Intermediate
user_3,course_17,motor,9,2,1,70.5,Intermediate
user_3,course_17,motor,10,3,1,98.3,Intermediate
user_3,course_8,motor,1,5,0,181.0,Intermediate
user_3,course_8,motor,2,4,0,201.0,Intermediate
user_3,course_8,motor,3,5,0,189.1,Intermediate
user_3,course_8,motor,4,5,0,202.0,Intermediate
user_3,course_8,motor,5,5,0,210.2,Intermediate
user_3,course_8,motor,6,5,1,157.9,Intermediate
user_3,course_8,motor,7,5,0,250.3,Intermediate
user_3,course_8,motor,8,4,0,164.5,Intermediate
user_3,course_8,motor,9,5,1,145.4,Intermediate
user_3,course_8,motor,10,5,0,252.2,Intermediate
user_3,course_8,motor,11,5,0,178.5,Intermediate
user_3,course_8,motor,12,5,0,255.3,Intermediate
user_3,course_8,motor,13,5,0,183.4,Intermediate
user_3,course_31,motor,1,1,1,35.0,Intermediate
user_3,course_31,motor,2,2,1,71.6,Intermediate
user_3,course_31,motor,3,1,1,35.2,Intermediate
user_3,course_31,motor,4,1,1,38.8,Intermediate
user_3,course_31,motor,5,2,1,53.5,Intermediate
user_3,course_31,motor,6,1,1,36.3,Intermediate
user_3,course_31,motor,7,1,1,38.7,Intermediate
user_3,course_31,motor,8,1,1,33.2,Intermediate
user_3,course_31,motor,9,1,1,44.4,Intermediate
user_3,course_31,motor,10,1,1,42.9,Intermediate
user_3,course_31,motor,11,2,0,84.4,Intermediate
user_3,course_31,motor,12,1,1,36.4,Intermediate
user_3,course_31,motor,13,2,1,61.7,Intermediate
user_3,course_6,motor,1,2,1,70.9,Intermediate
user_3,course_6,motor,2,4,1,152.7,Intermediate
user_3,course_6,motor,3,4,0,179.3,Intermediate
user_3,course_6,motor,4,3,1,86.2,Intermediate
user_3,course_6,motor,5,2,1,51.9,Intermediate
user_3,course_6,motor,6,4,1,124.9,Intermediate
user_3,course_6,motor,7,3,1,112.0,Intermediate
user_3,course_6,motor,8,4,1,149.4,Intermediate
user_3,course_6,motor,9,2,1,63.8,Intermediate
user_3,course_6,motor,10,4,1,147.0,Intermediate
user_4,course_5,cognitive,1,2,1,53.7,Beginner
user_4,course_5,cognitive,2,3,0,124.2,Beginner
user_4,course_5,cognitive,3,4,0,177.3,Beginner
user_4,course_5,cognitive,4,4,0,194.0,Beginner
user_4,course_5,cognitive,5,2,1,50.1,Beginner
user_4,course_5,cognitive,6,4,0,172.2,Beginner
user_4,course_5,cognitive,7,3,1,75.6,Beginner
user_4,course_5,cognitive,8,3,0,133.4,Beginner
user_4,course_5,cognitive,9,3,0,144.1,Beginner
user_4,course_5,cognitive,10,4,1,110.2,Beginner
user_4,course_5,cognitive,11,4,0,193.8,Beginner
user_4,course_5,cognitive,12,2,0,79.8,Beginner
user_4,course_5,cognitive,13,3,0,127.7,Beginner
user_4,course_5,cognitive,14,3,1,102.5,Beginner
user_4,course_5,cognitive,15,4,1,142.7,Beginner
user_4,course_11,cognitive,1,3,0,139.2,Beginner
user_4,course_11,cognitive,2,5,0,215.2,Beginner
user_4,course_11,cognitive,3,5,0,187.8,Beginner
user_4,course_11,cognitive,4,4,1,116.5,Beginner
user_4,course_11,cognitive,5,5,0,278.5,Beginner
user_4,course_11,cognitive,6,5,0,194.4,Beginner
user_4,course_11,cognitive,7,3,0,128.1,Beginner
user_4,course_11,cognitive,8,4,0,120.9,Beginner
user_4,course_11,cognitive,9,5,0,206.7,Beginner
user_4,course_11,cognitive,10,5,0,223.2,Beginner
user_4,course_11,cognitive,11,5,0,219.9,Beginner
user_4,course_11,cognitive,12,5,0,247.8,Beginner
user_4,course_11,cognitive,13,4,0,223.0,Beginner
user_4,course_11,cognitive,14,5,0,196.0,Beginner
user_4,course_12,cognitive,1,2,0,76.5,Beginner
user_4,course_12,cognitive,2,2,1,63.1,Beginner
user_4,course_12,cognitive,3,1,1,29.7,Beginner
user_4,course_12,cognitive,4,2,0,86.4,Beginner
user_4,course_12,cognitive,5,2,1,59.0,Beginner
user_4,course_12,cognitive,6,2,1,60.8,Beginner
user_4,course_12,cognitive,7,2,1,58.1,Beginner
user_4,course_12,cognitive,8,2,0,78.8,Beginner
user_4,course_12,cognitive,9,2,1,59.4,Beginner
user_4,course_12,cognitive,10,1,1,38.4,Beginner
user_4,course_12,cognitive,11,1,0,42.2,Beginner
user_4,course_16,cognitive,1,3,0,90.0,Beginner
user_4,course_16,cognitive,2,3,0,159.3,Beginner
user_4,course_16,cognitive,3,2,0,73.2,Beginner
user_4,course_16,cognitive,4,2,1,53.2,Beginner
user_4,course_16,cognitive,5,2,0,71.8,Beginner
user_4,course_16,cognitive,6,2,0,63.6,Beginner
user_4,course_16,cognitive,7,3,0,134.4,Beginner
user_4,course_16,cognitive,8,2,0,55.2,Beginner
user_4,course_16,cognitive,9,2,0,82.0,Beginner
user_4,course_16,cognitive,10,2,1,60.6,Beginner
user_4,course_16,cognitive,11,4,0,187.7,Beginner
user_4,course_16,cognitive,12,2,0,67.5,Beginner
user_4,course_21,cognitive,1,3,0,126.4,Beginner
user_4,course_21,cognitive,2,4,1,122.7,Beginner
user_4,course_21,cognitive,3,3,1,104.1,Beginner
user_4,course_21,cognitive,4,4,0,154.2,Beginner
user_4,course_21,cognitive,5,3,0,121.9,Beginner
user_4,course_21,cognitive,6,4,0,200.0,Beginner
user_4,course_21,cognitive,7,5,0,173.4,Beginner
user_4,course_21,cognitive,8,5,1,189.7,Beginner
user_4,course_21,cognitive,9,3,1,107.7,Beginner
user_4,course_21,cognitive,10,5,0,172.9,Beginner
user_4,course_21,cognitive,11,4,0,194.6,Beginner
user_4,course_21,cognitive,12,3,0,102.3,Beginner
user_4,course_21,cognitive,13,4,0,178.5,Beginner
user_4,course_43,cognitive,1,1,1,37.7,Beginner
user_4,course_43,cognitive,2,1,0,45.5,Beginner
user_4,course_43,cognitive,3,2,1,66.1,Beginner
user_4,course_43,cognitive,4,2,1,67.0,Beginner
user_4,course_43,cognitive,5,1,0,53.0,Beginner
user_4,course_43,cognitive,6,1,1,30.3,Beginner
user_4,course_43,cognitive,7,1,0,51.9,Beginner
user_4,course_43,cognitive,8,3,0,126.8,Beginner
user_4,course_43,cognitive,9,1,0,44.1,Beginner
user_4,course_43,cognitive,10,2,0,81.1,Beginner
user_4,course_43,cognitive,11,2,0,84.1,Beginner
user_4,course_43,cognitive,12,3,1,78.0,Beginner
user_4,course_43,cognitive,13,3,0,114.5,Beginner
user_4,course_43,cognitive,14,1,1,29.6,Beginner
user_4,course_43,cognitive,15,2,1,56.9,Beginner
user_4,course_42,cognitive,1,5,0,211.4,Beginner
user_4,course_42,cognitive,2,4,0,146.4,Beginner
user_4,course_42,cognitive,3,5,0,249.9,Beginner
user_4,course_42,cognitive,4,4,0,142.0,Beginner
user_4,course_42,cognitive,5,4,0,172.6,Beginner
user_4,course_42,cognitive,6,5,0,186.1,Beginner
user_4,course_42,cognitive,7,5,0,230.6,Beginner
user_4,course_42,cognitive,8,5,0,190.4,Beginner
user_4,course_42,cognitive,9,3,0,121.9,Beginner
user_4,course_42,cognitive,10,5,0,200.4,Beginner
user_4,course_42,cognitive,11,4,0,130.8,Beginner
user_5,course_10,visual,1,5,0,406.0,Beginner
user_5,course_10,visual,2,5,0,364.2,Beginner
user_5,course_10,visual,3,4,0,336.3,Beginner
user_5,course_10,visual,4,5,0,511.4,Beginner
user_5,course_10,visual,5,5,0,326.2,Beginner
user_5,course_10,visual,6,3,0,200.1,Beginner
user_5,course_10,visual,7,3,0,187.0,Beginner
user_5,course_10,visual,8,4,0,302.9,Beginner
user_5,course_10,visual,9,3,1,174.5,Beginner
user_5,course_10,visual,10,4,0,318.2,Beginner
user_5,course_8,visual,1,5,0,383.5,Beginner
user_5,course_8,visual,2,5,0,446.0,Beginner
user_5,course_8,visual,3,5,0,506.1,Beginner
user_5,course_8,visual,4,5,0,470.4,Beginner
user_5,course_8,visual,5,5,0,473.2,Beginner
user_5,course_8,visual,6,5,0,336.0,Beginner
user_5,course_8,visual,7,5,0,459.2,Beginner
user_5,course_8,visual,8,4,0,313.9,Beginner
user_5,course_8,visual,9,5,0,416.8,Beginner
user_5,course_8,visual,10,5,1,275.4,Beginner
user_5,course_8,visual,11,5,0,454.8,Beginner
user_5,course_42,visual,1,5,0,402.9,Beginner
user_5,course_42,visual,2,3,0,244.3,Beginner
user_5,course_42,visual,3,3,0,277.7,Beginner
user_5,course_42,visual,4,3,1,172.6,Beginner
user_5,course_42,visual,5,4,0,325.0,Beginner
user_5,course_42,visual,6,3,0,253.9,Beginner
user_5,course_42,visual,7,4,0,342.2,Beginner
user_5,course_42,visual,8,3,1,191.0,Beginner
user_5,course_42,visual,9,3,0,227.9,Beginner
user_5,course_42,visual,10,4,0,355.4,Beginner
user_5,course_1,visual,1,2,1,110.9,Beginner
user_5,course_1,visual,2,3,0,234.0,Beginner
user_5,course_1,visual,3,2,0,137.3,Beginner
user_5,course_1,visual,4,2,0,145.5,Beginner
user_5,course_1,visual,5,4,0,321.4,Beginner
user_5,course_1,visual,6,4,0,247.9,Beginner
user_5,course_1,visual,7,3,1,178.3,Beginner
user_5,course_1,visual,8,3,1,178.3,Beginner
user_5,course_1,visual,9,4,0,283.6,Beginner
user_5,course_1,visual,10,2,0,143.3,Beginner
user_5,course_1,visual,11,2,0,167.3,Beginner
user_5,course_1,visual,12,4,0,268.0,Beginner
user_5,course_1,visual,13,3,1,184.3,Beginner
user_5,course_1,visual,14,3,1,154.5,Beginner
user_5,course_47,visual,1,2,0,139.9,Beginner
user_5,course_47,visual,2,3,0,227.3,Beginner
user_5,course_47,visual,3,4,1,295.5,Beginner
user_5,course_47,visual,4,3,0,218.6,Beginner
user_5,course_47,visual,5,4,0,292.7,Beginner
user_5,course_47,visual,6,3,1,196.9,Beginner
user_5,course_47,visual,7,3,0,185.6,Beginner
user_5,course_47,visual,8,4,0,366.8,Beginner
user_5,course_47,visual,9,3,1,193.8,Beginner
user_5,course_47,visual,10,4,0,343.3,Beginner
user_5,course_47,visual,11,2,0,182.1,Beginner
user_5,course_47,visual,12,4,0,368.6,Beginner
user_5,course_47,visual,13,4,0,382.0,Beginner
user_5,course_47,visual,14,2,1,120.9,Beginner
user_5,course_47,visual,15,3,0,256.1,Beginner
user_6,course_39,visual,1,2,0,190.8,Beginner
user_6,course_39,visual,2,1,1,65.0,Beginner
user_6,course_39,visual,3,2,1,102.2,Beginner
user_6,course_39,visual,4,3,0,263.9,Beginner
user_6,course_39,visual,5,3,0,252.9,Beginner
user_6,course_39,visual,6,3,1,215.1,Beginner
user_6,course_39,visual,7,3,0,212.8,Beginner
user_6,course_39,visual,8,3,1,181.0,Beginner
user_6,course_39,visual,9,1,1,63.0,Beginner
user_6,course_39,visual,10,3,0,202.7,Beginner
user_6,course_39,visual,11,2,0,132.8,Beginner
user_6,course_39,visual,12,1,1,58.0,Beginner
user_6,course_39,visual,13,2,0,122.6,Beginner
user_6,course_39,visual,14,1,1,61.6,Beginner
user_6,course_29,visual,1,3,0,196.4,Beginner
user_6,course_29,visual,2,3,1,145.8,Beginner
user_6,course_29,visual,3,3,0,235.8,Beginner
user_6,course_29,visual,4,2,0,125.7,Beginner
user_6,course_29,visual,5,3,0,202.1,Beginner
user_6,course_29,visual,6,2,1,124.3,Beginner
user_6,course_29,visual,7,4,0,299.0,Beginner
user_6,course_29,visual,8,2,1,98.0,Beginner
user_6,course_29,visual,9,2,0,145.8,Beginner
user_6,course_29,visual,10,2,1,105.2,Beginner
user_6,course_29,visual,11,4,0,294.6,Beginner
user_6,course_29,visual,12,3,0,175.2,Beginner
user_6,course_29,visual,13,4,0,335.1,Beginner
user_6,course_31,visual,1,2,0,117.8,Beginner
user_6,course_31,visual,2,1,1,74.4,Beginner
user_6,course_31,visual,3,1,0,87.1,Beginner
user_6,course_31,visual,4,1,0,74.6,Beginner
user_6,course_31,visual,5,2,1,119.1,Beginner
user_6,course_31,visual,6,1,1,56.4,Beginner
user_6,course_31,visual,7,1,1,72.1,Beginner
user_6,course_31,visual,8,1,1,73.2,Beginner
user_6,course_31,visual,9,1,1,59.8,Beginner
user_6,course_31,visual,10,1,0,95.3,Beginner
user_6,course_31,visual,11,1,1,63.7,Beginner
user_6,course_31,visual,12,1,1,80.7,Beginner
user_6,course_31,visual,13,1,1,75.2,Beginner
user_6,course_31,visual,14,2,1,95.4,Beginner
user_7,course_38,visual,1,4,0,197.1,Advanced
user_7,course_38,visual,2,3,1,100.7,Advanced
user_7,course_38,visual,3,3,0,151.4,Advanced
user_7,course_38,visual,4,3,1,89.9,Advanced
user_7,course_38,visual,5,4,1,120.2,Advanced
user_7,course_38,visual,6,2,1,56.5,Advanced
user_7,course_38,visual,7,4,1,171.8,Advanced
user_7,course_38,visual,8,3,0,138.6,Advanced
user_7,course_38,visual,9,4,1,150.5,Advanced
user_7,course_38,visual,10,3,0,152.2,Advanced
user_7,course_38,visual,11,3,1,99.4,Advanced
user_7,course_38,visual,12,2,1,56.0,Advanced
user_7,course_38,visual,13,2,1,77.9,Advanced
user_7,course_38,visual,14,2,0,86.7,Advanced
user_7,course_38,visual,15,4,1,128.0,Advanced
user_7,course_9,visual,1,4,0,138.2,Advanced
user_7,course_9,visual,2,5,1,162.6,Advanced
user_7,course_9,visual,3,4,0,174.8,Advanced
user_7,course_9,visual,4,3,1,91.2,Advanced
user_7,course_9,visual,5,3,1,96.7,Advanced
user_7,course_9,visual,6,5,1,197.8,Advanced
user_7,course_9,visual,7,3,1,125.9,Advanced
user_7,course_9,visual,8,3,1,93.3,Advanced
user_7,course_9,visual,9,3,1,106.1,Advanced
user_7,course_9,visual,10,5,0,250.4,Advanced
user_7,course_9,visual,11,3,1,106.1,Advanced
user_7,course_9,visual,12,4,0,222.9,Advanced
user_7,course_9,visual,13,4,1,123.2,Advanced
user_7,course_9,visual,14,3,1,94.9,Advanced
user_7,course_9,visual,15,4,0,177.8,Advanced
user_7,course_30,visual,1,2,1,69.0,Advanced
user_7,course_30,visual,2,2,1,77.7,Advanced
user_7,course_30,visual,3,2,1,66.9,Advanced
user_7,course_30,visual,4,4,1,130.9,Advanced
user_7,course_30,visual,5,2,1,56.4,Advanced
user_7,course_30,visual,6,3,1,99.8,Advanced
user_7,course_30,visual,7,2,1,73.1,Advanced
user_7,course_30,visual,8,2,1,55.2,Advanced
user_7,course_30,visual,9,2,0,77.6,Advanced
user_7,course_30,visual,10,2,1,53.5,Advanced
user_7,course_30,visual,11,2,1,65.5,Advanced
user_7,course_30,visual,12,4,1,128.6,Advanced
user_7,course_30,visual,13,2,1,66.1,Advanced
user_7,course_30,visual,14,4,1,172.6,Advanced
user_8,course_41,cognitive,1,3,0,93.7,Intermediate
user_8,course_41,cognitive,2,2,1,46.5,Intermediate
user_8,course_41,cognitive,3,3,1,75.4,Intermediate
user_8,course_41,cognitive,4,2,1,42.1,Intermediate
user_8,course_41,cognitive,5,2,1,42.7,Intermediate
user_8,course_41,cognitive,6,3,1,68.8,Intermediate
user_8,course_41,cognitive,7,2,0,45.7,Intermediate
user_8,course_41,cognitive,8,3,0,89.4,Intermediate
user_8,course_41,cognitive,9,2,0,75.6,Intermediate
user_8,course_41,cognitive,10,2,1,40.0,Intermediate
user_8,course_41,cognitive,11,2,0,69.5,Intermediate
user_8,course_41,cognitive,12,3,1,79.3,Intermediate
user_8,course_41,cognitive,13,1,1,22.1,Intermediate
user_8,course_41,cognitive,14,2,1,48.3,Intermediate
user_8,course_41,cognitive,15,3,0,80.2,Intermediate
user_8,course_29,cognitive,1,2,1,49.6,Intermediate
user_8,course_29,cognitive,2,2,1,41.4,Intermediate
user_8,course_29,cognitive,3,4,1,82.9,Intermediate
user_8,course_29,cognitive,4,4,0,109.0,Intermediate
user_8,course_29,cognitive,5,3,1,64.7,Intermediate
user_8,course_29,cognitive,6,2,0,47.8,Intermediate
user_8,course_29,cognitive,7,3,0,96.7,Intermediate
user_8,course_29,cognitive,8,3,0,79.7,Intermediate
user_8,course_29,cognitive,9,2,1,45.4,Intermediate
user_8,course_29,cognitive,10,3,0,88.1,Intermediate
user_8,course_29,cognitive,11,3,0,108.3,Intermediate
user_8,course_29,cognitive,12,4,0,127.6,Intermediate
user_8,course_29,cognitive,13,3,1,70.5,Intermediate
user_8,course_31,cognitive,1,1,1,28.0,Intermediate
user_8,course_31,cognitive,2,1,1,21.6,Intermediate
user_8,course_31,cognitive,3,2,1,47.2,Intermediate
user_8,course_31,cognitive,4,1,1,25.9,Intermediate
user_8,course_31,cognitive,5,2,1,47.6,Intermediate
user_8,course_31,cognitive,6,1,1,27.7,Intermediate
user_8,course_31,cognitive,7,1,1,28.1,Intermediate
user_8,course_31,cognitive,8,2,1,50.9,Intermediate
user_8,course_31,cognitive,9,1,1,23.2,Intermediate
user_8,course_31,cognitive,10,1,1,32.2,Intermediate
user_8,course_31,cognitive,11,1,1,27.2,Intermediate
user_8,course_31,cognitive,12,1,1,25.1,Intermediate
user_8,course_31,cognitive,13,2,1,42.7,Intermediate
user_8,course_24,cognitive,1,4,0,152.3,Intermediate
user_8,course_24,cognitive,2,3,0,96.3,Intermediate
user_8,course_24,cognitive,3,4,1,95.4,Intermediate
user_8,course_24,cognitive,4,3,0,118.6,Intermediate
user_8,course_24,cognitive,5,2,1,42.5,Intermediate
user_8,course_24,cognitive,6,3,1,77.8,Intermediate
user_8,course_24,cognitive,7,3,0,87.7,Intermediate
user_8,course_24,cognitive,8,2,1,37.0,Intermediate
user_8,course_24,cognitive,9,4,0,163.1,Intermediate
user_8,course_24,cognitive,10,2,1,43.8,Intermediate
user_8,course_48,cognitive,1,5,0,163.9,Intermediate
user_8,course_48,cognitive,2,5,0,194.0,Intermediate
user_8,course_48,cognitive,3,5,0,139.3,Intermediate
user_8,course_48,cognitive,4,4,0,91.9,Intermediate
user_8,course_48,cognitive,5,5,1,114.7,Intermediate
user_8,course_48,cognitive,6,5,0,137.4,Intermediate
user_8,course_48,cognitive,7,5,0,164.4,Intermediate
user_8,course_48,cognitive,8,4,0,90.9,Intermediate
user_8,course_48,cognitive,9,5,0,144.5,Intermediate
user_8,course_48,cognitive,10,5,0,148.8,Intermediate
user_8,course_48,cognitive,11,5,0,196.0,Intermediate
user_8,course_48,cognitive,12,5,0,187.2,Intermediate
user_8,course_48,cognitive,13,4,0,126.4,Intermediate
user_8,course_48,cognitive,14,5,1,117.8,Intermediate
user_8,course_38,cognitive,1,2,0,58.4,Intermediate
user_8,course_38,cognitive,2,2,1,40.1,Intermediate
user_8,course_38,cognitive,3,3,1,77.3,Intermediate
user_8,course_38,cognitive,4,2,1,38.1,Intermediate
user_8,course_38,cognitive,5,3,1,73.2,Intermediate
user_8,course_38,cognitive,6,4,0,108.6,Intermediate
user_8,course_38,cognitive,7,3,0,78.4,Intermediate
user_8,course_38,cognitive,8,3,0,97.0,Intermediate
user_8,course_38,cognitive,9,4,0,107.6,Intermediate
user_8,course_38,cognitive,10,3,0,75.9,Intermediate
user_8,course_38,cognitive,11,4,0,140.6,Intermediate
user_8,course_38,cognitive,12,3,1,79.4,Intermediate
user_8,course_37,cognitive,1,2,1,51.8,Intermediate
user_8,course_37,cognitive,2,1,1,24.4,Intermediate
user_8,course_37,cognitive,3,1,1,32.2,Intermediate
user_8,course_37,cognitive,4,1,1,27.6,Intermediate
user_8,course_37,cognitive,5,1,1,24.7,Intermediate
user_8,course_37,cognitive,6,1,1,22.7,Intermediate
user_8,course_37,cognitive,7,2,0,62.6,Intermediate
user_8,course_37,cognitive,8,2,1,39.4,Intermediate
user_8,course_37,cognitive,9,1,1,28.5,Intermediate
user_8,course_37,cognitive,10,2,1,39.5,Intermediate
user_8,course_37,cognitive,11,1,1,23.3,Intermediate
user_8,course_37,cognitive,12,1,1,25.0,Intermediate
user_8,course_37,cognitive,13,2,1,52.1,Intermediate
user_8,course_37,cognitive,14,2,0,45.8,Intermediate
user_8,course_37,cognitive,15,1,1,30.5,Intermediate
user_9,course_25,visual,1,2,1,58.8,Advanced
user_9,course_25,visual,2,2,1,64.3,Advanced
user_9,course_25,visual,3,2,1,63.9,Advanced
user_9,course_25,visual,4,2,1,73.7,Advanced
user_9,course_25,visual,5,2,0,75.6,Advanced
user_9,course_25,visual,6,2,1,70.5,Advanced
user_9,course_25,visual,7,3,1,119.9,Advanced
user_9,course_25,visual,8,1,1,35.9,Advanced
user_9,course_25,visual,9,3,1,120.4,Advanced
user_9,course_25,visual,10,3,1,92.9,Advanced
user_9,course_25,visual,11,3,1,101.1,Advanced
user_9,course_25,visual,12,2,1,58.6,Advanced
user_9,course_25,visual,13,1,1,42.0,Advanced
user_9,course_25,visual,14,2,1,75.4,Advanced
user_9,course_9,visual,1,5,1,175.6,Advanced
user_9,course_9,visual,2,4,1,165.4,Advanced
user_9,course_9,visual,3,4,1,171.9,Advanced
user_9,course_9,visual,4,4,1,116.5,Advanced
user_9,course_9,visual,5,4,0,200.1,Advanced
user_9,course_9,visual,6,5,0,283.8,Advanced
user_9,course_9,visual,7,3,0,134.6,Advanced
user_9,course_9,visual,8,5,0,243.8,Advanced
user_9,course_9,visual,9,4,1,119.4,Advanced
user_9,course_9,visual,10,3,1,84.5,Advanced
user_9,course_9,visual,11,3,0,105.6,Advanced
user_9,course_9,visual,12,4,0,187.6,Advanced
user_9,course_6,visual,1,2,1,61.4,Advanced
user_9,course_6,visual,2,4,1,146.2,Advanced
user_9,course_6,visual,3,3,1,85.5,Advanced
user_9,course_6,visual,4,4,1,161.1,Advanced
user_9,course_6,visual,5,2,1,54.2,Advanced
user_9,course_6,visual,6,2,1,55.5,Advanced
user_9,course_6,visual,7,2,1,53.4,Advanced
user_9,course_6,visual,8,4,0,215.6,Advanced
user_9,course_6,visual,9,2,1,54.7,Advanced
user_9,course_6,visual,10,3,1,116.5,Advanced
user_9,course_6,visual,11,2,1,56.8,Advanced
user_9,course_35,visual,1,1,1,40.8,Advanced
user_9,course_35,visual,2,1,1,42.2,Advanced
user_9,course_35,visual,3,2,1,78.0,Advanced
user_9,course_35,visual,4,2,1,64.9,Advanced
user_9,course_35,visual,5,1,1,41.5,Advanced
user_9,course_35,visual,6,2,1,52.6,Advanced
user_9,course_35,visual,7,1,1,32.2,Advanced
user_9,course_35,visual,8,3,1,124.8,Advanced
user_9,course_35,visual,9,1,1,41.3,Advanced
user_9,course_35,visual,10,2,1,59.9,Advanced
user_9,course_35,visual,11,1,1,31.6,Advanced
user_9,course_35,visual,12,2,1,74.4,Advanced
user_9,course_35,visual,13,1,1,44.1,Advanced
user_9,course_35,visual,14,1,1,37.7,Advanced
user_9,course_35,visual,15,2,0,69.0,Advanced
user_9,course_40,visual,1,3,1,98.5,Advanced
user_9,course_40,visual,2,5,0,218.6,Advanced
user_9,course_40,visual,3,4,0,151.4,Advanced
user_9,course_40,visual,4,3,1,114.7,Advanced
user_9,course_40,visual,5,3,1,109.5,Advanced
user_9,course_40,visual,6,3,0,175.6,Advanced
user_9,course_40,visual,7,3,1,86.1,Advanced
user_9,course_40,visual,8,3,0,134.6,Advanced
user_9,course_40,visual,9,4,1,137.7,Advanced
user_9,course_40,visual,10,5,0,217.0,Advanced
user_9,course_16,visual,1,2,1,54.6,Advanced
user_9,course_16,visual,2,4,0,193.3,Advanced
user_9,course_16,visual,3,3,1,108.9,Advanced
user_9,course_16,visual,4,3,1,89.8,Advanced
user_9,course_16,visual,5,2,1,75.4,Advanced
user_9,course_16,visual,6,3,1,121.9,Advanced
user_9,course_16,visual,7,3,0,177.2,Advanced
user_9,course_16,visual,8,2,1,60.2,Advanced
user_9,course_16,visual,9,2,1,63.0,Advanced
user_9,course_16,visual,10,2,1,67.2,Advanced
user_9,course_16,visual,11,4,1,162.7,Advanced
user_9,course_16,visual,12,3,0,140.5,Advanced
user_9,course_16,visual,13,4,1,146.8,Advanced
user_9,course_13,visual,1,3,1,93.5,Advanced
user_9,course_13,visual,2,4,1,149.0,Advanced
user_9,course_13,visual,3,2,1,60.9,Advanced
user_9,course_13,visual,4,3,1,85.2,Advanced
user_9,course_13,visual,5,2,1,65.9,Advanced
user_9,course_13,visual,6,2,1,53.7,Advanced
user_9,course_13,visual,7,2,1,56.6,Advanced
user_9,course_13,visual,8,2,1,62.4,Advanced
user_9,course_13,visual,9,4,1,119.6,Advanced
user_9,course_13,visual,10,3,1,88.3,Advanced
user_9,course_13,visual,11,2,1,74.6,Advanced
user_9,course_13,visual,12,3,1,112.9,Advanced
user_9,course_13,visual,13,2,0,93.1,Advanced
user_9,course_13,visual,14,4,0,147.6,Advanced
user_9,course_13,visual,15,3,0,127.3,Advanced
user_10,course_23,hearing,1,4,0,143.7,Beginner
user_10,course_23,hearing,2,3,0,94.1,Beginner
user_10,course_23,hearing,3,2,0,55.9,Beginner
user_10,course_23,hearing,4,2,1,37.6,Beginner
user_10,course_23,hearing,5,4,0,130.8,Beginner
user_10,course_23,hearing,6,3,1,75.5,Beginner
user_10,course_23,hearing,7,2,0,58.8,Beginner
user_10,course_23,hearing,8,3,1,66.6,Beginner
user_10,course_23,hearing,9,3,0,77.3,Beginner
user_10,course_23,hearing,10,2,1,41.3,Beginner
user_10,course_23,hearing,11,4,0,124.3,Beginner
user_10,course_40,hearing,1,3,0,96.6,Beginner
user_10,course_40,hearing,2,5,0,166.7,Beginner
user_10,course_40,hearing,3,5,0,166.4,Beginner
user_10,course_40,hearing,4,3,1,60.6,Beginner
user_10,course_40,hearing,5,5,0,152.0,Beginner
user_10,course_40,hearing,6,4,0,143.1,Beginner
user_10,course_40,hearing,7,4,0,139.1,Beginner
user_10,course_40,hearing,8,4,0,142.4,Beginner
user_10,course_40,hearing,9,3,1,59.8,Beginner
user_10,course_40,hearing,10,3,0,89.0,Beginner
user_10,course_40,hearing,11,4,0,91.2,Beginner
user_10,course_40,hearing,12,3,1,71.2,Beginner
user_10,course_19,hearing,1,1,1,28.1,Beginner
user_10,course_19,hearing,2,1,1,28.9,Beginner
user_10,course_19,hearing,3,2,1,40.5,Beginner
user_10,course_19,hearing,4,2,1,40.7,Beginner
user_10,course_19,hearing,5,2,1,39.0,Beginner
user_10,course_19,hearing,6,3,0,97.1,Beginner
user_10,course_19,hearing,7,1,0,30.5,Beginner
user_10,course_19,hearing,8,1,1,28.3,Beginner
user_10,course_19,hearing,9,2,1,35.0,Beginner
user_10,course_19,hearing,10,1,1,22.4,Beginner
user_10,course_19,hearing,11,2,1,47.4,Beginner
user_10,course_19,hearing,12,2,1,38.3,Beginner
user_10,course_19,hearing,13,2,1,41.9,Beginner
user_10,course_19,hearing,14,1,1,22.5,Beginner
user_10,course_7,hearing,1,1,1,24.5,Beginner
user_10,course_7,hearing,2,1,1,29.3,Beginner
user_10,course_7,hearing,3,2,0,61.1,Beginner
user_10,course_7,hearing,4,1,1,27.2,Beginner
user_10,course_7,hearing,5,1,1,22.7,Beginner
user_10,course_7,hearing,6,1,0,33.8,Beginner
user_10,course_7,hearing,7,1,0,33.8,Beginner
user_10,course_7,hearing,8,2,1,36.1,Beginner
user_10,course_7,hearing,9,1,1,23.0,Beginner
user_10,course_7,hearing,10,1,1,20.3,Beginner
user_10,course_7,hearing,11,1,1,27.5,Beginner
user_10,course_7,hearing,12,1,1,20.9,Beginner
user_10,course_7,hearing,13,1,1,23.7,Beginner
user_10,course_7,hearing,14,1,1,29.7,Beginner
user_10,course_38,hearing,1,2,1,43.3,Beginner
user_10,course_38,hearing,2,3,1,75.4,Beginner
user_10,course_38,hearing,3,4,0,112.2,Beginner
user_10,course_38,hearing,4,4,1,99.9,Beginner
user_10,course_38,hearing,5,3,0,113.2,Beginner
user_10,course_38,hearing,6,4,1,80.6,Beginner
user_10,course_38,hearing,7,2,0,45.2,Beginner
user_10,course_38,hearing,8,4,0,118.0,Beginner
user_10,course_38,hearing,9,2,1,44.5,Beginner
user_10,course_38,hearing,10,2,1,39.9,Beginner
user_10,course_43,hearing,1,1,1,21.4,Beginner
user_10,course_43,hearing,2,2,0,53.2,Beginner
user_10,course_43,hearing,3,1,1,28.6,Beginner
user_10,course_43,hearing,4,3,0,96.9,Beginner
user_10,course_43,hearing,5,2,0,53.7,Beginner
user_10,course_43,hearing,6,1,1,24.3,Beginner
user_10,course_43,hearing,7,3,1,74.0,Beginner
user_10,course_43,hearing,8,2,0,57.7,Beginner
user_10,course_43,hearing,9,2,1,35.2,Beginner
user_10,course_43,hearing,10,3,0,64.1,Beginner
user_10,course_43,hearing,11,2,1,35.5,Beginner
user_10,course_43,hearing,12,2,1,40.2,Beginner
user_10,course_43,hearing,13,2,1,35.9,Beginner
user_10,course_0,hearing,1,4,0,118.7,Beginner
user_10,course_0,hearing,2,3,1,73.7,Beginner
user_10,course_0,hearing,3,2,0,59.2,Beginner
user_10,course_0,hearing,4,4,0,132.1,Beginner
user_10,course_0,hearing,5,3,0,74.7,Beginner
user_10,course_0,hearing,6,4,0,96.7,Beginner
user_10,course_0,hearing,7,2,1,46.3,Beginner
user_10,course_0,hearing,8,4,0,92.9,Beginner
user_10,course_0,hearing,9,4,0,141.2,Beginner
user_10,course_0,hearing,10,4,1,107.8,Beginner
user_10,course_0,hearing,11,2,0,45.4,Beginner
user_10,course_44,hearing,1,4,0,142.8,Beginner
user_10,course_44,hearing,2,2,0,44.8,Beginner
user_10,course_44,hearing,3,3,0,81.8,Beginner
user_10,course_44,hearing,4,3,0,99.5,Beginner
user_10,course_44,hearing,5,2,1,37.1,Beginner
user_10,course_44,hearing,6,3,0,90.1,Beginner
user_10,course_44,hearing,7,4,1,104.5,Beginner
user_10,course_44,hearing,8,4,0,141.8,Beginner
user_10,course_44,hearing,9,4,0,111.7,Beginner
user_10,course_44,hearing,10,4,1,100.0,Beginner
user_10,course_44,hearing,11,3,1,54.3,Beginner
user_10,course_44,hearing,12,2,1,36.1,Beginner
user_11,course_44,visual,1,3,1,84.6,Advanced
user_11,course_44,visual,2,4,0,193.5,Advanced
user_11,course_44,visual,3,4,1,171.9,Advanced
user_11,course_44,visual,4,4,1,164.8,Advanced
user_11,course_44,visual,5,3,1,94.4,Advanced
user_11,course_44,visual,6,2,1,73.0,Advanced
user_11,course_44,visual,7,3,1,105.0,Advanced
user_11,course_44,visual,8,2,1,73.1,Advanced
user_11,course_44,visual,9,3,0,131.9,Advanced
user_11,course_44,visual,10,3,1,117.9,Advanced
user_11,course_44,visual,11,3,1,85.2,Advanced
user_11,course_44,visual,12,4,0,184.3,Advanced
user_11,course_44,visual,13,3,1,122.6,Advanced
user_11,course_44,visual,14,4,1,145.1,Advanced
user_11,course_44,visual,15,4,1,138.2,Advanced
user_11,course_23,visual,1,3,0,160.2,Advanced
user_11,course_23,visual,2,3,1,125.7,Advanced
user_11,course_23,visual,3,2,1,61.9,Advanced
user_11,course_23,visual,4,2,1,57.5,Advanced
user_11,course_23,visual,5,2,0,82.8,Advanced
user_11,course_23,visual,6,2,1,53.4,Advanced
user_11,course_23,visual,7,2,1,70.3,Advanced
user_11,course_23,visual,8,2,0,85.2,Advanced
user_11,course_23,visual,9,4,1,134.3,Advanced
user_11,course_23,visual,10,4,1,135.9,Advanced
user_11,course_23,visual,11,4,0,199.4,Advanced
user_11,course_23,visual,12,3,1,104.0,Advanced
user_11,course_23,visual,13,4,1,127.3,Advanced
user_11,course_23,visual,14,2,1,68.1,Advanced
user_11,course_6,visual,1,3,1,86.9,Advanced
user_11,course_6,visual,2,4,0,155.4,Advanced
user_11,course_6,visual,3,4,0,191.8,Advanced
user_11,course_6,visual,4,3,0,135.1,Advanced
user_11,course_6,visual,5,2,1,63.7,Advanced
user_11,course_6,visual,6,2,1,66.9,Advanced
user_11,course_6,visual,7,2,1,63.4,Advanced
user_11,course_6,visual,8,3,1,114.4,Advanced
user_11,course_6,visual,9,4,1,116.1,Advanced
user_11,course_6,visual,10,4,0,141.8,Advanced
user_11,course_6,visual,11,3,1,110.9,Advanced
user_11,course_6,visual,12,2,1,63.6,Advanced
user_11,course_6,visual,13,3,0,135.0,Advanced
user_11,course_6,visual,14,4,1,136.9,Advanced
user_11,course_6,visual,15,4,0,161.9,Advanced
user_11,course_1,visual,1,2,1,56.4,Advanced
user_11,course_1,visual,2,4,1,159.0,Advanced
user_11,course_1,visual,3,4,1,145.4,Advanced
user_11,course_1,visual,4,2,0,66.4,Advanced
user_11,course_1,visual,5,4,0,170.4,Advanced
user_11,course_1,visual,6,2,1,57.0,Advanced
user_11,course_1,visual,7,2,0,101.3,Advanced
user_11,course_1,visual,8,4,1,168.7,Advanced
user_11,course_1,visual,9,4,1,164.6,Advanced
user_11,course_1,visual,10,2,1,73.7,Advanced
user_11,course_1,visual,11,2,1,58.1,Advanced
user_11,course_1,visual,12,2,1,70.9,Advanced
user_11,course_1,visual,13,4,1,147.2,Advanced
user_11,course_1,visual,14,2,1,56.8,Advanced
user_11,course_1,visual,15,3,1,116.9,Advanced
user_12,course_8,cognitive,1,4,1,77.9,Advanced
user_12,course_8,cognitive,2,4,1,85.5,Advanced
user_12,course_8,cognitive,3,4,1,82.7,Advanced
user_12,course_8,cognitive,4,5,1,88.2,Advanced
user_12,course_8,cognitive,5,5,1,77.7,Advanced
user_12,course_8,cognitive,6,5,1,112.7,Advanced
user_12,course_8,cognitive,7,5,0,120.5,Advanced
user_12,course_8,cognitive,8,5,0,131.5,Advanced
user_12,course_8,cognitive,9,5,1,112.7,Advanced
user_12,course_8,cognitive,10,5,0,118.5,Advanced
user_12,course_8,cognitive,11,5,1,90.9,Advanced
user_12,course_8,cognitive,12,4,1,76.7,Advanced
user_12,course_45,cognitive,1,4,1,61.6,Advanced
user_12,course_45,cognitive,2,4,1,73.7,Advanced
user_12,course_45,cognitive,3,3,1,57.4,Advanced
user_12,course_45,cognitive,4,3,1,56.1,Advanced
user_12,course_45,cognitive,5,4,1,87.7,Advanced
user_12,course_45,cognitive,6,4,1,80.1,Advanced
user_12,course_45,cognitive,7,4,1,78.7,Advanced
user_12,course_45,cognitive,8,3,1,58.4,Advanced
user_12,course_45,cognitive,9,3,1,57.8,Advanced
user_12,course_45,cognitive,10,2,1,34.9,Advanced
user_12,course_14,cognitive,1,5,0,161.1,Advanced
user_12,course_14,cognitive,2,5,1,98.7,Advanced
user_12,course_14,cognitive,3,5,0,121.0,Advanced
user_12,course_14,cognitive,4,5,0,96.8,Advanced
user_12,course_14,cognitive,5,4,1,76.7,Advanced
user_12,course_14,cognitive,6,4,1,87.3,Advanced
user_12,course_14,cognitive,7,5,1,107.3,Advanced
user_12,course_14,cognitive,8,5,0,119.5,Advanced
user_12,course_14,cognitive,9,5,1,92.0,Advanced
user_12,course_14,cognitive,10,5,0,120.3,Advanced
user_12,course_14,cognitive,11,5,1,92.0,Advanced
user_12,course_14,cognitive,12,4,1,89.0,Advanced
user_12,course_43,cognitive,1,1,1,21.6,Advanced
user_12,course_43,cognitive,2,2,1,28.2,Advanced
user_12,course_43,cognitive,3,1,1,16.6,Advanced
user_12,course_43,cognitive,4,3,1,50.9,Advanced
user_12,course_43,cognitive,5,2,1,30.3,Advanced
user_12,course_43,cognitive,6,3,1,59.0,Advanced
user_12,course_43,cognitive,7,2,1,35.0,Advanced
user_12,course_43,cognitive,8,2,0,54.4,Advanced
user_12,course_43,cognitive,9,3,1,49.3,Advanced
user_12,course_43,cognitive,10,2,1,33.9,Advanced
user_12,course_43,cognitive,11,3,1,54.5,Advanced
user_12,course_43,cognitive,12,3,1,52.4,Advanced
user_12,course_43,cognitive,13,1,1,20.6,Advanced
user_12,course_37,cognitive,1,1,1,21.6,Advanced
user_12,course_37,cognitive,2,2,1,35.5,Advanced
user_12,course_37,cognitive,3,2,1,38.3,Advanced
user_12,course_37,cognitive,4,1,1,23.8,Advanced
user_12,course_37,cognitive,5,1,1,18.6,Advanced
user_12,course_37,cognitive,6,2,1,29.7,Advanced
user_12,course_37,cognitive,7,1,1,16.7,Advanced
user_12,course_37,cognitive,8,1,1,17.9,Advanced
user_12,course_37,cognitive,9,1,1,19.5,Advanced
user_12,course_37,cognitive,10,1,1,23.7,Advanced
user_13,course_14,hearing,1,5,0,120.6,Beginner
user_13,course_14,hearing,2,4,0,111.0,Beginner
user_13,course_14,hearing,3,5,0,149.0,Beginner
user_13,course_14,hearing,4,5,1,128.7,Beginner
user_13,course_14,hearing,5,5,0,146.6,Beginner
user_13,course_14,hearing,6,5,1,102.5,Beginner
user_13,course_14,hearing,7,5,0,143.2,Beginner
user_13,course_14,hearing,8,5,0,161.4,Beginner
user_13,course_14,hearing,9,5,0,128.5,Beginner
user_13,course_14,hearing,10,5,0,183.7,Beginner
user_13,course_30,hearing,1,2,1,41.0,Beginner
user_13,course_30,hearing,2,4,0,129.5,Beginner
user_13,course_30,hearing,3,2,1,40.8,Beginner
user_13,course_30,hearing,4,3,0,88.3,Beginner
user_13,course_30,hearing,5,2,1,49.6,Beginner
user_13,course_30,hearing,6,4,1,100.1,Beginner
user_13,course_30,hearing,7,4,1,102.8,Beginner
user_13,course_30,hearing,8,4,0,117.2,Beginner
user_13,course_30,hearing,9,2,0,65.2,Beginner
user_13,course_30,hearing,10,4,0,135.1,Beginner
user_13,course_30,hearing,11,2,0,64.1,Beginner
user_13,course_30,hearing,12,2,0,60.4,Beginner
user_13,course_30,hearing,13,4,0,122.5,Beginner
user_13,course_30,hearing,14,4,0,133.2,Beginner
user_13,course_7,hearing,1,1,1,28.4,Beginner
user_13,course_7,hearing,2,2,1,37.3,Beginner
user_13,course_7,hearing,3,1,1,22.1,Beginner
user_13,course_7,hearing,4,2,1,44.8,Beginner
user_13,course_7,hearing,5,1,1,25.5,Beginner
user_13,course_7,hearing,6,1,1,30.4,Beginner
user_13,course_7,hearing,7,2,1,41.3,Beginner
user_13,course_7,hearing,8,2,1,40.1,Beginner
user_13,course_7,hearing,9,2,0,50.0,Beginner
user_13,course_7,hearing,10,2,0,47.0,Beginner
user_13,course_7,hearing,11,2,0,57.6,Beginner
user_13,course_7,hearing,12,2,0,60.7,Beginner
user_13,course_7,hearing,13,1,1,24.6,Beginner
user_13,course_7,hearing,14,1,1,27.9,Beginner
user_13,course_1,hearing,1,2,1,37.3,Beginner
user_13,course_1,hearing,2,2,1,45.0,Beginner
user_13,course_1,hearing,3,4,0,151.4,Beginner
user_13,course_1,hearing,4,4,0,131.3,Beginner
user_13,course_1,hearing,5,3,0,78.9,Beginner
user_13,course_1,hearing,6,3,0,89.4,Beginner
user_13,course_1,hearing,7,4,0,142.6,Beginner
user_13,course_1,hearing,8,3,0,77.1,Beginner
user_13,course_1,hearing,9,2,1,36.1,Beginner
user_13,course_1,hearing,10,4,0,141.8,Beginner
user_13,course_1,hearing,11,3,0,95.8,Beginner
user_13,course_29,hearing,1,2,1,38.4,Beginner
user_13,course_29,hearing,2,2,0,52.1,Beginner
user_13,course_29,hearing,3,3,1,75.1,Beginner
user_13,course_29,hearing,4,4,0,114.2,Beginner
user_13,course_29,hearing,5,3,0,82.0,Beginner
user_13,course_29,hearing,6,2,1,38.3,Beginner
user_13,course_29,hearing,7,2,0,51.7,Beginner
user_13,course_29,hearing,8,3,0,96.3,Beginner
user_13,course_29,hearing,9,4,0,126.3,Beginner
user_13,course_29,hearing,10,2,0,54.7,Beginner
user_13,course_29,hearing,11,3,0,113.6,Beginner
user_13,course_29,hearing,12,4,0,141.2,Beginner
user_13,course_29,hearing,13,4,0,90.8,Beginner
user_13,course_29,hearing,14,2,1,50.0,Beginner
user_13,course_29,hearing,15,4,0,134.9,Beginner
user_13,course_15,hearing,1,3,1,54.5,Beginner
user_13,course_15,hearing,2,4,0,118.7,Beginner
user_13,course_15,hearing,3,5,0,163.5,Beginner
user_13,course_15,hearing,4,3,0,93.2,Beginner
user_13,course_15,hearing,5,3,0,100.8,Beginner
user_13,course_15,hearing,6,3,0,83.7,Beginner
user_13,course_15,hearing,7,5,0,147.9,Beginner
user_13,course_15,hearing,8,5,0,150.7,Beginner
user_13,course_15,hearing,9,4,0,133.6,Beginner
user_13,course_15,hearing,10,5,0,160.2,Beginner
user_13,course_15,hearing,11,4,0,119.0,Beginner
user_13,course_15,hearing,12,3,1,71.5,Beginner
user_13,course_15,hearing,13,3,0,70.6,Beginner
user_13,course_10,hearing,1,3,1,73.1,Beginner
user_13,course_10,hearing,2,4,0,140.5,Beginner
user_13,course_10,hearing,3,4,1,103.3,Beginner
user_13,course_10,hearing,4,5,0,148.9,Beginner
user_13,course_10,hearing,5,4,0,148.9,Beginner
user_13,course_10,hearing,6,3,1,69.6,Beginner
user_13,course_10,hearing,7,4,0,115.3,Beginner
user_13,course_10,hearing,8,5,0,127.6,Beginner
user_13,course_10,hearing,9,4,0,112.5,Beginner
user_13,course_10,hearing,10,4,0,126.1,Beginner
user_13,course_10,hearing,11,5,0,165.6,Beginner
user_13,course_10,hearing,12,5,0,123.8,Beginner
user_13,course_10,hearing,13,3,0,99.3,Beginner
user_14,course_43,motor,1,2,0,96.9,Beginner
user_14,course_43,motor,2,2,1,65.1,Beginner
user_14,course_43,motor,3,2,0,123.8,Beginner
user_14,course_43,motor,4,2,0,88.3,Beginner
user_14,course_43,motor,5,1,1,45.8,Beginner
user_14,course_43,motor,6,2,0,131.2,Beginner
user_14,course_43,motor,7,3,1,110.6,Beginner
user_14,course_43,motor,8,1,0,67.3,Beginner
user_14,course_43,motor,9,3,0,177.9,Beginner
user_14,course_43,motor,10,2,0,115.7,Beginner
user_14,course_43,motor,11,2,1,87.7,Beginner
user_14,course_43,motor,12,3,0,131.4,Beginner
user_14,course_43,motor,13,1,0,69.6,Beginner
user_14,course_40,motor,1,4,0,267.8,Beginner
user_14,course_40,motor,2,3,0,134.3,Beginner
user_14,course_40,motor,3,3,1,115.4,Beginner
user_14,course_40,motor,4,3,0,197.9,Beginner
user_14,course_40,motor,5,4,0,203.6,Beginner
user_14,course_40,motor,6,4,0,305.3,Beginner
user_14,course_40,motor,7,3,0,161.6,Beginner
user_14,course_40,motor,8,3,1,117.1,Beginner
user_14,course_40,motor,9,3,0,141.2,Beginner
user_14,course_40,motor,10,3,0,143.1,Beginner
user_14,course_40,motor,11,3,1,117.8,Beginner
user_14,course_40,motor,12,3,0,147.1,Beginner
user_14,course_40,motor,13,4,0,275.8,Beginner
user_14,course_17,motor,1,2,0,87.1,Beginner
user_14,course_17,motor,2,1,1,51.0,Beginner
user_14,course_17,motor,3,2,1,84.4,Beginner
user_14,course_17,motor,4,3,0,176.1,Beginner
user_14,course_17,motor,5,2,1,66.0,Beginner
user_14,course_17,motor,6,1,1,51.6,Beginner
user_14,course_17,motor,7,3,0,191.1,Beginner
user_14,course_17,motor,8,3,1,136.6,Beginner
user_14,course_17,motor,9,2,1,79.2,Beginner
user_14,course_17,motor,10,2,0,126.9,Beginner
user_14,course_17,motor,11,1,1,48.1,Beginner
user_14,course_17,motor,12,1,1,50.9,Beginner
user_14,course_27,motor,1,2,0,96.1,Beginner
user_14,course_27,motor,2,3,0,165.8,Beginner
user_14,course_27,motor,3,2,0,126.3,Beginner
user_14,course_27,motor,4,2,1,75.3,Beginner
user_14,course_27,motor,5,1,0,70.9,Beginner
user_14,course_27,motor,6,3,0,147.6,Beginner
user_14,course_27,motor,7,2,0,108.5,Beginner
user_14,course_27,motor,8,1,1,42.8,Beginner
user_14,course_27,motor,9,2,0,109.1,Beginner
user_14,course_27,motor,10,2,1,74.2,Beginner
user_14,course_27,motor,11,2,1,87.0,Beginner
user_14,course_27,motor,12,1,1,51.1,Beginner
user_14,course_8,motor,1,5,0,233.8,Beginner
user_14,course_8,motor,2,5,0,309.2,Beginner
user_14,course_8,motor,3,4,0,199.2,Beginner
user_14,course_8,motor,4,5,0,223.8,Beginner
user_14,course_8,motor,5,5,0,331.1,Beginner
user_14,course_8,motor,6,5,0,206.6,Beginner
user_14,course_8,motor,7,4,0,258.3,Beginner
user_14,course_8,motor,8,5,0,306.7,Beginner
user_14,course_8,motor,9,4,1,158.2,Beginner
user_14,course_8,motor,10,4,0,283.2,Beginner
user_14,course_8,motor,11,5,0,308.2,Beginner
user_14,course_8,motor,12,5,0,317.0,Beginner
user_14,course_8,motor,13,5,0,327.7,Beginner
user_14,course_8,motor,14,5,0,249.3,Beginner
user_14,course_8,motor,15,4,0,226.5,Beginner
user_14,course_1,motor,1,2,1,68.8,Beginner
user_14,course_1,motor,2,2,1,66.5,Beginner
user_14,course_1,motor,3,4,1,184.6,Beginner
user_14,course_1,motor,4,2,0,114.6,Beginner
user_14,course_1,motor,5,4,0,278.6,Beginner
user_14,course_1,motor,6,4,0,211.9,Beginner
user_14,course_1,motor,7,2,1,68.9,Beginner
user_14,course_1,motor,8,2,1,72.4,Beginner
user_14,course_1,motor,9,4,0,202.8,Beginner
user_14,course_1,motor,10,3,0,177.7,Beginner
user_14,course_1,motor,11,2,1,74.6,Beginner
user_14,course_1,motor,12,2,1,78.8,Beginner
user_14,course_1,motor,13,3,1,154.4,Beginner
user_14,course_1,motor,14,2,1,69.7,Beginner
user_14,course_1,motor,15,4,1,192.5,Beginner
user_14,course_15,motor,1,3,0,161.0,Beginner
user_14,course_15,motor,2,4,0,207.6,Beginner
user_14,course_15,motor,3,5,0,317.9,Beginner
user_14,course_15,motor,4,3,0,171.3,Beginner
user_14,course_15,motor,5,4,0,207.0,Beginner
user_14,course_15,motor,6,3,0,203.2,Beginner
user_14,course_15,motor,7,5,0,284.0,Beginner
user_14,course_15,motor,8,4,1,173.1,Beginner
user_14,course_15,motor,9,4,1,177.0,Beginner
user_14,course_15,motor,10,4,0,289.5,Beginner
user_14,course_15,motor,11,3,0,166.3,Beginner
user_14,course_15,motor,12,5,0,262.2,Beginner
user_14,course_15,motor,13,5,0,288.3,Beginner
user_14,course_15,motor,14,4,0,266.3,Beginner
user_14,course_15,motor,15,3,0,188.7,Beginner
user_15,course_43,motor,1,1,0,66.6,Beginner
user_15,course_43,motor,2,2,1,75.0,Beginner
user_15,course_43,motor,3,2,1,66.3,Beginner
user_15,course_43,motor,4,3,0,194.2,Beginner
user_15,course_43,motor,5,3,0,169.7,Beginner
user_15,course_43,motor,6,2,0,88.4,Beginner
user_15,course_43,motor,7,2,0,117.2,Beginner
user_15,course_43,motor,8,3,0,150.5,Beginner
user_15,course_43,motor,9,2,1,95.5,Beginner
user_15,course_43,motor,10,3,1,150.1,Beginner
user_15,course_43,motor,11,1,1,49.7,Beginner
user_15,course_43,motor,12,2,0,96.1,Beginner
user_15,course_43,motor,13,3,0,158.1,Beginner
user_15,course_17,motor,1,2,1,65.5,Beginner
user_15,course_17,motor,2,2,1,75.9,Beginner
user_15,course_17,motor,3,2,1,65.8,Beginner
user_15,course_17,motor,4,1,0,54.0,Beginner
user_15,course_17,motor,5,2,0,115.6,Beginner
user_15,course_17,motor,6,2,1,78.7,Beginner
user_15,course_17,motor,7,3,0,149.3,Beginner
user_15,course_17,motor,8,2,0,89.5,Beginner
user_15,course_17,motor,9,2,1,77.9,Beginner
user_15,course_17,motor,10,3,1,107.2,Beginner
user_15,course_17,motor,11,3,0,182.5,Beginner
user_15,course_24,motor,1,4,1,173.5,Beginner
user_15,course_24,motor,2,3,1,115.5,Beginner
user_15,course_24,motor,3,2,1,91.6,Beginner
user_15,course_24,motor,4,2,1,71.3,Beginner
user_15,course_24,motor,5,3,1,149.3,Beginner
user_15,course_24,motor,6,3,1,121.3,Beginner
user_15,course_24,motor,7,4,1,178.2,Beginner
user_15,course_24,motor,8,2,0,113.3,Beginner
user_15,course_24,motor,9,4,0,194.3,Beginner
user_15,course_24,motor,10,4,0,188.1,Beginner
user_15,course_24,motor,11,3,0,146.7,Beginner
user_15,course_24,motor,12,3,0,157.3,Beginner
user_15,course_24,motor,13,3,0,150.5,Beginner
user_15,course_24,motor,14,4,0,205.5,Beginner
user_15,course_24,motor,15,3,0,157.7,Beginner
user_15,course_0,motor,1,3,0,165.5,Beginner
user_15,course_0,motor,2,2,1,66.1,Beginner
user_15,course_0,motor,3,3,1,127.1,Beginner
user_15,course_0,motor,4,4,0,297.8,Beginner
user_15,course_0,motor,5,4,0,236.8,Beginner
user_15,course_0,motor,6,2,0,101.3,Beginner
user_15,course_0,motor,7,3,1,133.3,Beginner
user_15,course_0,motor,8,3,1,126.3,Beginner
user_15,course_0,motor,9,2,1,68.2,Beginner
user_15,course_0,motor,10,4,1,201.5,Beginner
user_15,course_0,motor,11,4,0,203.5,Beginner
user_15,course_0,motor,12,4,0,226.5,Beginner
user_15,course_0,motor,13,4,1,213.0,Beginner
user_15,course_16,motor,1,4,0,235.3,Beginner
user_15,course_16,motor,2,2,0,91.7,Beginner
user_15,course_16,motor,3,3,0,174.3,Beginner
user_15,course_16,motor,4,2,1,95.6,Beginner
user_15,course_16,motor,5,2,0,100.9,Beginner
user_15,course_16,motor,6,2,0,81.7,Beginner
user_15,course_16,motor,7,3,1,142.2,Beginner
user_15,course_16,motor,8,3,1,134.9,Beginner
user_15,course_16,motor,9,2,1,65.4,Beginner
user_15,course_16,motor,10,2,1,65.9,Beginner
user_15,course_16,motor,11,3,0,149.2,Beginner
user_15,course_16,motor,12,4,0,243.8,Beginner
user_15,course_28,motor,1,2,1,83.3,Beginner
user_15,course_28,motor,2,2,1,67.9,Beginner
user_15,course_28,motor,3,3,1,145.6,Beginner
user_15,course_28,motor,4,3,0,163.4,Beginner
user_15,course_28,motor,5,3,0,208.0,Beginner
user_15,course_28,motor,6,2,1,92.2,Beginner
user_15,course_28,motor,7,3,0,172.2,Beginner
user_15,course_28,motor,8,4,0,187.2,Beginner
user_15,course_28,motor,9,4,1,195.1,Beginner
user_15,course_28,motor,10,2,0,100.7,Beginner
user_15,course_28,motor,11,4,1,202.5,Beginner
user_15,course_28,motor,12,4,0,254.0,Beginner
user_15,course_28,motor,13,4,0,213.8,Beginner
user_16,course_33,visual,1,2,0,135.1,Beginner
user_16,course_33,visual,2,2,1,127.6,Beginner
user_16,course_33,visual,3,4,0,365.0,Beginner
user_16,course_33,visual,4,2,0,147.7,Beginner
user_16,course_33,visual,5,4,0,316.6,Beginner
user_16,course_33,visual,6,3,0,202.9,Beginner
user_16,course_33,visual,7,2,1,94.9,Beginner
user_16,course_33,visual,8,4,0,369.1,Beginner
user_16,course_33,visual,9,4,0,382.5,Beginner
user_16,course_33,visual,10,3,0,211.1,Beginner
user_16,course_33,visual,11,3,0,251.7,Beginner
user_16,course_33,visual,12,4,1,289.7,Beginner
user_16,course_35,visual,1,3,0,231.3,Beginner
user_16,course_35,visual,2,2,1,133.8,Beginner
user_16,course_35,visual,3,1,1,63.2,Beginner
user_16,course_35,visual,4,1,0,90.1,Beginner
user_16,course_35,visual,5,2,0,179.3,Beginner
user_16,course_35,visual,6,2,1,133.5,Beginner
user_16,course_35,visual,7,3,0,230.5,Beginner
user_16,course_35,visual,8,1,1,56.3,Beginner
user_16,course_35,visual,9,3,1,157.7,Beginner
user_16,course_35,visual,10,3,0,267.6,Beginner
user_16,course_35,visual,11,2,0,161.7,Beginner
user_16,course_35,visual,12,1,1,65.2,Beginner
user_16,course_25,visual,1,2,0,144.0,Beginner
user_16,course_25,visual,2,2,0,115.4,Beginner
user_16,course_25,visual,3,2,1,118.4,Beginner
user_16,course_25,visual,4,1,1,78.3,Beginner
user_16,course_25,visual,5,1,1,65.3,Beginner
user_16,course_25,visual,6,2,1,119.2,Beginner
user_16,course_25,visual,7,2,1,116.1,Beginner
user_16,course_25,visual,8,2,1,95.5,Beginner
user_16,course_25,visual,9,1,1,62.7,Beginner
user_16,course_25,visual,10,3,0,209.1,Beginner
user_16,course_25,visual,11,1,1,58.7,Beginner
user_16,course_25,visual,12,3,0,247.2,Beginner
user_16,course_25,visual,13,2,0,171.8,Beginner
user_16,course_25,visual,14,2,1,127.0,Beginner
user_17,course_38,visual,1,4,0,285.1,Intermediate
user_17,course_38,visual,2,2,1,72.4,Intermediate
user_17,course_38,visual,3,3,0,210.9,Intermediate
user_17,course_38,visual,4,2,1,78.7,Intermediate
user_17,course_38,visual,5,4,0,229.5,Intermediate
user_17,course_38,visual,6,4,0,240.6,Intermediate
user_17,course_38,visual,7,2,1,96.7,Intermediate
user_17,course_38,visual,8,4,1,205.3,Intermediate
user_17,course_38,visual,9,4,0,182.3,Intermediate
user_17,course_38,visual,10,3,1,133.7,Intermediate
user_17,course_38,visual,11,3,1,159.9,Intermediate
user_17,course_38,visual,12,2,1,83.4,Intermediate
user_17,course_12,visual,1,2,1,72.2,Intermediate
user_17,course_12,visual,2,1,1,52.9,Intermediate
user_17,course_12,visual,3,2,0,137.1,Intermediate
user_17,course_12,visual,4,1,1,58.3,Intermediate
user_17,course_12,visual,5,1,1,53.4,Intermediate
user_17,course_12,visual,6,1,1,48.9,Intermediate
user_17,course_12,visual,7,1,1,51.5,Intermediate
user_17,course_12,visual,8,1,1,44.7,Intermediate
user_17,course_12,visual,9,1,1,56.3,Intermediate
user_17,course_12,visual,10,1,1,56.5,Intermediate
user_17,course_12,visual,11,1,1,45.0,Intermediate
user_17,course_19,visual,1,3,1,116.3,Intermediate
user_17,course_19,visual,2,3,0,183.2,Intermediate
user_17,course_19,visual,3,3,1,148.6,Intermediate
user_17,course_19,visual,4,1,1,62.8,Intermediate
user_17,course_19,visual,5,3,0,219.0,Intermediate
user_17,course_19,visual,6,3,1,125.3,Intermediate
user_17,course_19,visual,7,1,1,55.0,Intermediate
user_17,course_19,visual,8,2,1,89.1,Intermediate
user_17,course_19,visual,9,2,1,97.4,Intermediate
user_17,course_19,visual,10,1,1,49.3,Intermediate
user_17,course_19,visual,11,3,0,185.1,Intermediate
user_17,course_19,visual,12,2,0,99.9,Intermediate
user_17,course_19,visual,13,3,0,151.9,Intermediate
user_17,course_19,visual,14,3,1,152.9,Intermediate
user_17,course_37,visual,1,2,1,88.3,Intermediate
user_17,course_37,visual,2,1,1,62.1,Intermediate
user_17,course_37,visual,3,2,1,84.6,Intermediate
user_17,course_37,visual,4,1,1,52.9,Intermediate
user_17,course_37,visual,5,1,1,55.3,Intermediate
user_17,course_37,visual,6,2,1,74.7,Intermediate
user_17,course_37,visual,7,2,0,147.7,Intermediate
user_17,course_37,visual,8,1,1,49.4,Intermediate
user_17,course_37,visual,9,2,1,86.9,Intermediate
user_17,course_37,visual,10,2,1,102.9,Intermediate
user_17,course_37,visual,11,1,1,45.4,Intermediate
user_17,course_37,visual,12,1,1,48.6,Intermediate
user_17,course_37,visual,13,1,1,59.4,Intermediate
user_17,course_13,visual,1,3,1,114.4,Intermediate
user_17,course_13,visual,2,4,1,207.5,Intermediate
user_17,course_13,visual,3,2,1,76.9,Intermediate
user_17,course_13,visual,4,2,1,74.7,Intermediate
user_17,course_13,visual,5,2,0,106.0,Intermediate
user_17,course_13,visual,6,3,1,112.4,Intermediate
user_17,course_13,visual,7,3,0,140.2,Intermediate
user_17,course_13,visual,8,4,0,247.2,Intermediate
user_17,course_13,visual,9,4,1,156.4,Intermediate
user_17,course_13,visual,10,2,1,74.4,Intermediate
user_17,course_13,visual,11,4,0,183.5,Intermediate
user_17,course_13,visual,12,3,1,161.9,Intermediate
user_17,course_15,visual,1,3,0,195.9,Intermediate
user_17,course_15,visual,2,5,0,261.1,Intermediate
user_17,course_15,visual,3,5,0,324.0,Intermediate
user_17,course_15,visual,4,3,1,146.5,Intermediate
user_17,course_15,visual,5,5,1,212.8,Intermediate
user_17,course_15,visual,6,4,0,206.6,Intermediate
user_17,course_15,visual,7,3,0,164.0,Intermediate
user_17,course_15,visual,8,3,1,128.4,Intermediate
user_17,course_15,visual,9,3,1,120.6,Intermediate
user_17,course_15,visual,10,3,1,143.6,Intermediate
user_17,course_15,visual,11,4,0,221.8,Intermediate
user_18,course_0,visual,1,4,1,154.5,Intermediate
user_18,course_0,visual,2,3,1,155.9,Intermediate
user_18,course_0,visual,3,2,1,96.3,Intermediate
user_18,course_0,visual,4,4,0,236.8,Intermediate
user_18,course_0,visual,5,4,1,214.7,Intermediate
user_18,course_0,visual,6,4,1,216.6,Intermediate
user_18,course_0,visual,7,3,1,157.3,Intermediate
user_18,course_0,visual,8,3,1,163.9,Intermediate
user_18,course_0,visual,9,4,0,232.4,Intermediate
user_18,course_0,visual,10,3,0,179.3,Intermediate
user_18,course_0,visual,11,2,1,78.1,Intermediate
user_18,course_0,visual,12,4,1,178.0,Intermediate
user_18,course_0,visual,13,4,1,154.4,Intermediate
user_18,course_0,visual,14,4,0,252.5,Intermediate
user_18,course_3,visual,1,4,0,263.3,Intermediate
user_18,course_3,visual,2,4,0,299.0,Intermediate
user_18,course_3,visual,3,3,1,160.9,Intermediate
user_18,course_3,visual,4,3,1,160.1,Intermediate
user_18,course_3,visual,5,2,1,99.7,Intermediate
user_18,course_3,visual,6,4,1,218.4,Intermediate
user_18,course_3,visual,7,2,1,84.1,Intermediate
user_18,course_3,visual,8,2,1,91.2,Intermediate
user_18,course_3,visual,9,4,0,337.0,Intermediate
user_18,course_3,visual,10,4,1,218.6,Intermediate
user_18,course_3,visual,11,4,0,242.3,Intermediate
user_18,course_3,visual,12,4,0,219.0,Intermediate
user_18,course_3,visual,13,4,0,277.9,Intermediate
user_18,course_3,visual,14,4,1,226.5,Intermediate
user_18,course_3,visual,15,2,1,104.2,Intermediate
user_18,course_24,visual,1,3,0,136.9,Intermediate
user_18,course_24,visual,2,4,1,180.5,Intermediate
user_18,course_24,visual,3,3,1,137.9,Intermediate
user_18,course_24,visual,4,4,0,214.6,Intermediate
user_18,course_24,visual,5,4,1,159.6,Intermediate
user_18,course_24,visual,6,3,0,181.3,Intermediate
user_18,course_24,visual,7,2,1,76.8,Intermediate
user_18,course_24,visual,8,3,0,174.5,Intermediate
user_18,course_24,visual,9,3,1,164.1,Intermediate
user_18,course_24,visual,10,4,1,199.9,Intermediate
user_18,course_24,visual,11,4,0,185.5,Intermediate
user_18,course_24,visual,12,4,1,169.7,Intermediate
user_18,course_24,visual,13,2,0,102.1,Intermediate
user_18,course_24,visual,14,3,0,169.6,Intermediate
user_18,course_14,visual,1,5,1,267.0,Intermediate
user_18,course_14,visual,2,4,1,208.3,Intermediate
user_18,course_14,visual,3,4,1,182.9,Intermediate
user_18,course_14,visual,4,4,0,179.3,Intermediate
user_18,course_14,visual,5,5,1,218.8,Intermediate
user_18,course_14,visual,6,5,1,199.8,Intermediate
user_18,course_14,visual,7,4,1,188.8,Intermediate
user_18,course_14,visual,8,4,0,264.7,Intermediate
user_18,course_14,visual,9,5,0,272.5,Intermediate
user_18,course_14,visual,10,5,0,363.9,Intermediate
user_18,course_14,visual,11,5,0,330.4,Intermediate
user_18,course_14,visual,12,5,0,321.1,Intermediate
user_18,course_14,visual,13,5,0,259.8,Intermediate
user_18,course_14,visual,14,5,1,197.8,Intermediate
user_18,course_14,visual,15,5,1,226.2,Intermediate
user_18,course_42,visual,1,3,1,115.8,Intermediate
user_18,course_42,visual,2,5,0,245.1,Intermediate
user_18,course_42,visual,3,4,1,221.4,Intermediate
user_18,course_42,visual,4,4,0,199.9,Intermediate
user_18,course_42,visual,5,5,0,405.9,Intermediate
user_18,course_42,visual,6,4,1,166.7,Intermediate
user_18,course_42,visual,7,4,0,243.9,Intermediate
user_18,course_42,visual,8,3,1,162.9,Intermediate
user_18,course_42,visual,9,3,1,160.4,Intermediate
user_18,course_42,visual,10,4,1,227.6,Intermediate
user_18,course_26,visual,1,3,0,186.6,Intermediate
user_18,course_26,visual,2,4,0,318.1,Intermediate
user_18,course_26,visual,3,5,1,274.7,Intermediate
user_18,course_26,visual,4,5,1,223.9,Intermediate
user_18,course_26,visual,5,5,0,399.8,Intermediate
user_18,course_26,visual,6,5,0,296.8,Intermediate
user_18,course_26,visual,7,3,1,156.6,Intermediate
user_18,course_26,visual,8,3,0,165.8,Intermediate
user_18,course_26,visual,9,4,0,200.0,Intermediate
user_18,course_26,visual,10,5,0,429.0,Intermediate
user_18,course_26,visual,11,4,0,303.1,Intermediate
user_18,course_26,visual,12,5,0,313.2,Intermediate
user_18,course_15,visual,1,5,0,313.6,Intermediate
user_18,course_15,visual,2,5,0,247.5,Intermediate
user_18,course_15,visual,3,3,1,153.8,Intermediate
user_18,course_15,visual,4,4,0,226.8,Intermediate
user_18,course_15,visual,5,3,1,149.6,Intermediate
user_18,course_15,visual,6,4,1,165.4,Intermediate
user_18,course_15,visual,7,4,0,228.0,Intermediate
user_18,course_15,visual,8,3,1,125.3,Intermediate
user_18,course_15,visual,9,4,0,293.4,Intermediate
user_18,course_15,visual,10,5,0,297.7,Intermediate
user_19,course_11,hearing,1,5,0,119.6,Beginner
user_19,course_11,hearing,2,5,0,143.1,Beginner
user_19,course_11,hearing,3,4,0,136.2,Beginner
user_19,course_11,hearing,4,4,0,127.6,Beginner
user_19,course_11,hearing,5,5,0,186.9,Beginner
user_19,course_11,hearing,6,5,0,190.2,Beginner
user_19,course_11,hearing,7,3,0,85.0,Beginner
user_19,course_11,hearing,8,3,0,69.8,Beginner
user_19,course_11,hearing,9,4,0,130.8,Beginner
user_19,course_11,hearing,10,4,0,120.1,Beginner
user_19,course_11,hearing,11,5,0,157.4,Beginner
user_19,course_11,hearing,12,3,0,95.2,Beginner
user_19,course_11,hearing,13,3,0,102.1,Beginner
user_19,course_46,hearing,1,4,0,115.8,Beginner
user_19,course_46,hearing,2,4,0,117.8,Beginner
user_19,course_46,hearing,3,4,1,87.7,Beginner
user_19,course_46,hearing,4,3,0,99.0,Beginner
user_19,course_46,hearing,5,5,0,165.8,Beginner
user_19,course_46,hearing,6,4,0,121.8,Beginner
user_19,course_46,hearing,7,4,0,91.8,Beginner
user_19,course_46,hearing,8,5,0,127.6,Beginner
user_19,course_46,hearing,9,5,0,143.1,Beginner
user_19,course_46,hearing,10,5,0,134.9,Beginner
user_19,course_19,hearing,1,1,1,25.7,Beginner
user_19,course_19,hearing,2,3,1,61.8,Beginner
user_19,course_19,hearing,3,2,1,39.2,Beginner
user_19,course_19,hearing,4,3,0,109.0,Beginner
user_19,course_19,hearing,5,3,0,109.9,Beginner
user_19,course_19,hearing,6,3,1,55.5,Beginner
user_19,course_19,hearing,7,2,1,47.2,Beginner
user_19,course_19,hearing,8,3,0,93.2,Beginner
user_19,course_19,hearing,9,1,1,27.5,Beginner
user_19,course_19,hearing,10,1,0,41.2,Beginner
user_19,course_19,hearing,11,1,1,22.1,Beginner
user_19,course_2,hearing,1,4,0,92.8,Beginner
user_19,course_2,hearing,2,3,0,84.0,Beginner
user_19,course_2,hearing,3,3,0,90.2,Beginner
user_19,course_2,hearing,4,3,0,89.9,Beginner
user_19,course_2,hearing,5,2,0,40.4,Beginner
user_19,course_2,hearing,6,4,0,125.3,Beginner
user_19,course_2,hearing,7,3,0,94.6,Beginner
user_19,course_2,hearing,8,3,1,69.0,Beginner
user_19,course_2,hearing,9,3,1,62.9,Beginner
user_19,course_2,hearing,10,2,1,44.2,Beginner
user_19,course_2,hearing,11,3,0,97.1,Beginner
user_19,course_2,hearing,12,2,1,48.1,Beginner
user_19,course_2,hearing,13,3,1,67.7,Beginner
user_19,course_2,hearing,14,3,1,69.7,Beginner
user_19,course_41,hearing,1,3,1,55.5,Beginner
user_19,course_41,hearing,2,2,1,46.0,Beginner
user_19,course_41,hearing,3,3,0,87.9,Beginner
user_19,course_41,hearing,4,1,1,26.5,Beginner
user_19,course_41,hearing,5,3,0,83.8,Beginner
user_19,course_41,hearing,6,1,0,29.1,Beginner
user_19,course_41,hearing,7,1,0,43.2,Beginner
user_19,course_41,hearing,8,3,1,68.1,Beginner
user_19,course_41,hearing,9,2,0,53.8,Beginner
user_19,course_41,hearing,10,3,1,58.7,Beginner
user_19,course_41,hearing,11,2,1,42.0,Beginner
user_19,course_41,hearing,12,1,1,21.9,Beginner
user_20,course_20,visual,1,4,1,190.1,Intermediate
user_20,course_20,visual,2,2,1,99.7,Intermediate
user_20,course_20,visual,3,2,1,77.1,Intermediate
user_20,course_20,visual,4,2,0,141.1,Intermediate
user_20,course_20,visual,5,3,1,137.0,Intermediate
user_20,course_20,visual,6,2,1,71.3,Intermediate
user_20,course_20,visual,7,2,1,102.0,Intermediate
user_20,course_20,visual,8,3,0,191.4,Intermediate
user_20,course_20,visual,9,3,0,221.3,Intermediate
user_20,course_20,visual,10,3,1,136.0,Intermediate
user_20,course_20,visual,11,2,1,94.5,Intermediate
user_20,course_20,visual,12,2,0,115.7,Intermediate
user_20,course_20,visual,13,3,1,134.4,Intermediate
user_20,course_20,visual,14,3,1,129.1,Intermediate
user_20,course_29,visual,1,4,0,317.9,Intermediate
user_20,course_29,visual,2,3,0,204.7,Intermediate
user_20,course_29,visual,3,3,0,195.7,Intermediate
user_20,course_29,visual,4,3,0,183.7,Intermediate
user_20,course_29,visual,5,2,1,80.2,Intermediate
user_20,course_29,visual,6,2,1,82.9,Intermediate
user_20,course_29,visual,7,3,1,165.4,Intermediate
user_20,course_29,visual,8,4,0,212.7,Intermediate
user_20,course_29,visual,9,3,0,191.8,Intermediate
user_20,course_29,visual,10,2,1,79.0,Intermediate
user_20,course_29,visual,11,2,1,93.1,Intermediate
user_20,course_29,visual,12,4,0,249.1,Intermediate
user_20,course_29,visual,13,4,0,306.3,Intermediate
user_20,course_47,visual,1,4,0,289.1,Intermediate
user_20,course_47,visual,2,3,1,166.1,Intermediate
user_20,course_47,visual,3,3,0,242.6,Intermediate
user_20,course_47,visual,4,2,1,71.1,Intermediate
user_20,course_47,visual,5,4,0,197.5,Intermediate
user_20,course_47,visual,6,4,0,226.5,Intermediate
user_20,course_47,visual,7,2,1,100.0,Intermediate
user_20,course_47,visual,8,3,0,164.7,Intermediate
user_20,course_47,visual,9,4,0,198.7,Intermediate
user_20,course_47,visual,10,4,0,284.7,Intermediate
user_20,course_16,visual,1,2,1,101.2,Intermediate
user_20,course_16,visual,2,3,1,131.7,Intermediate
user_20,course_16,visual,3,4,0,262.2,Intermediate
user_20,course_16,visual,4,3,1,114.2,Intermediate
user_20,course_16,visual,5,2,1,70.7,Intermediate
user_20,course_16,visual,6,3,1,145.9,Intermediate
user_20,course_16,visual,7,3,1,128.3,Intermediate
user_20,course_16,visual,8,3,1,154.7,Intermediate
user_20,course_16,visual,9,2,1,97.7,Intermediate
user_20,course_16,visual,10,3,1,140.5,Intermediate
user_20,course_16,visual,11,2,0,113.0,Intermediate
user_20,course_44,visual,1,4,1,196.1,Intermediate
user_20,course_44,visual,2,2,0,104.5,Intermediate
user_20,course_44,visual,3,3,0,216.9,Intermediate
user_20,course_44,visual,4,2,1,90.2,Intermediate
user_20,course_44,visual,5,2,1,95.6,Intermediate
user_20,course_44,visual,6,2,1,79.1,Intermediate
user_20,course_44,visual,7,2,0,122.4,Intermediate
user_20,course_44,visual,8,3,1,144.0,Intermediate
user_20,course_44,visual,9,4,0,305.4,Intermediate
user_20,course_44,visual,10,4,0,304.5,Intermediate
user_20,course_44,visual,11,2,1,79.0,Intermediate
user_20,course_44,visual,12,4,0,238.5,Intermediate
user_20,course_44,visual,13,3,1,142.1,Intermediate
user_20,course_44,visual,14,2,0,81.9,Intermediate
user_20,course_44,visual,15,2,0,118.4,Intermediate
user_20,course_0,visual,1,4,1,176.7,Intermediate
user_20,course_0,visual,2,3,0,178.5,Intermediate
user_20,course_0,visual,3,4,1,183.6,Intermediate
user_20,course_0,visual,4,4,1,172.5,Intermediate
user_20,course_0,visual,5,2,1,97.9,Intermediate
user_20,course_0,visual,6,2,0,93.1,Intermediate
user_20,course_0,visual,7,2,1,75.0,Intermediate
user_20,course_0,visual,8,3,1,140.7,Intermediate
user_20,course_0,visual,9,3,1,151.6,Intermediate
user_20,course_0,visual,10,4,1,197.8,Intermediate
user_20,course_5,visual,1,3,0,182.5,Intermediate
user_20,course_5,visual,2,3,1,144.5,Intermediate
user_20,course_5,visual,3,2,1,103.8,Intermediate
user_20,course_5,visual,4,4,0,270.4,Intermediate
user_20,course_5,visual,5,4,0,228.3,Intermediate
user_20,course_5,visual,6,4,1,174.5,Intermediate
user_20,course_5,visual,7,2,1,71.7,Intermediate
user_20,course_5,visual,8,2,1,81.0,Intermediate
user_20,course_5,visual,9,3,1,122.8,Intermediate
user_20,course_5,visual,10,3,0,203.2,Intermediate
user_20,course_5,visual,11,4,0,257.8,Intermediate
user_20,course_5,visual,12,3,1,159.6,Intermediate
user_20,course_5,visual,13,4,1,206.1,Intermediate
user_20,course_37,visual,1,1,1,57.5,Intermediate
user_20,course_37,visual,2,1,1,56.4,Intermediate
user_20,course_37,visual,3,1,1,51.7,Intermediate
user_20,course_37,visual,4,2,0,101.7,Intermediate
user_20,course_37,visual,5,1,1,49.3,Intermediate
user_20,course_37,visual,6,2,1,100.7,Intermediate
user_20,course_37,visual,7,1,1,47.0,Intermediate
user_20,course_37,visual,8,1,1,57.2,Intermediate
user_20,course_37,visual,9,1,1,49.7,Intermediate
user_20,course_37,visual,10,1,0,87.1,Intermediate
user_20,course_37,visual,11,1,1,57.0,Intermediate
user_20,course_37,visual,12,2,1,87.7,Intermediate
user_20,course_37,visual,13,1,1,59.7,Intermediate
user_20,course_37,visual,14,2,1,76.4,Intermediate
user_20,course_37,visual,15,1,1,56.7,Intermediate
user_21,course_16,motor,1,2,0,94.7,Beginner
user_21,course_16,motor,2,3,1,150.8,Beginner
user_21,course_16,motor,3,2,1,66.3,Beginner
user_21,course_16,motor,4,2,0,110.0,Beginner
user_21,course_16,motor,5,2,1,85.8,Beginner
user_21,course_16,motor,6,2,0,97.0,Beginner
user_21,course_16,motor,7,4,1,192.5,Beginner
user_21,course_16,motor,8,3,1,109.4,Beginner
user_21,course_16,motor,9,3,1,149.6,Beginner
user_21,course_16,motor,10,3,0,182.7,Beginner
user_21,course_28,motor,1,2,1,89.1,Beginner
user_21,course_28,motor,2,2,1,68.7,Beginner
user_21,course_28,motor,3,4,0,264.9,Beginner
user_21,course_28,motor,4,4,0,275.7,Beginner
user_21,course_28,motor,5,4,0,239.6,Beginner
user_21,course_28,motor,6,2,0,92.5,Beginner
user_21,course_28,motor,7,3,1,118.5,Beginner
user_21,course_28,motor,8,4,1,192.8,Beginner
user_21,course_28,motor,9,4,0,212.0,Beginner
user_21,course_28,motor,10,3,1,146.7,Beginner
user_21,course_28,motor,11,3,0,172.4,Beginner
user_21,course_28,motor,12,4,0,259.2,Beginner
user_21,course_28,motor,13,4,0,276.3,Beginner
user_21,course_18,motor,1,2,0,116.3,Beginner
user_21,course_18,motor,2,4,0,221.1,Beginner
user_21,course_18,motor,3,2,1,94.7,Beginner
user_21,course_18,motor,4,4,0,238.2,Beginner
user_21,course_18,motor,5,2,0,81.7,Beginner
user_21,course_18,motor,6,2,1,86.3,Beginner
user_21,course_18,motor,7,2,1,69.5,Beginner
user_21,course_18,motor,8,4,0,225.0,Beginner
user_21,course_18,motor,9,2,0,113.4,Beginner
user_21,course_18,motor,10,3,0,214.8,Beginner
user_21,course_18,motor,11,2,1,71.3,Beginner
user_22,course_41,hearing,1,1,1,25.5,Beginner
user_22,course_41,hearing,2,1,1,28.5,Beginner
user_22,course_41,hearing,3,1,1,28.2,Beginner
user_22,course_41,hearing,4,2,0,49.8,Beginner
user_22,course_41,hearing,5,1,1,29.9,Beginner
user_22,course_41,hearing,6,1,1,24.7,Beginner
user_22,course_41,hearing,7,1,1,26.2,Beginner
user_22,course_41,hearing,8,3,0,84.5,Beginner
user_22,course_41,hearing,9,1,0,25.8,Beginner
user_22,course_41,hearing,10,3,0,71.0,Beginner
user_22,course_41,hearing,11,3,0,69.6,Beginner
user_22,course_41,hearing,12,1,1,28.7,Beginner
user_22,course_17,hearing,1,3,0,86.1,Beginner
user_22,course_17,hearing,2,3,1,62.1,Beginner
user_22,course_17,hearing,3,2,1,47.9,Beginner
user_22,course_17,hearing,4,3,0,94.5,Beginner
user_22,course_17,hearing,5,1,0,31.3,Beginner
user_22,course_17,hearing,6,2,0,50.1,Beginner
user_22,course_17,hearing,7,3,1,56.6,Beginner
user_22,course_17,hearing,8,1,1,25.5,Beginner
user_22,course_17,hearing,9,3,0,66.6,Beginner
user_22,course_17,hearing,10,3,0,98.8,Beginner
user_22,course_17,hearing,11,1,1,21.5,Beginner
user_22,course_31,hearing,1,1,1,22.5,Beginner
user_22,course_31,hearing,2,2,1,35.5,Beginner
user_22,course_31,hearing,3,1,1,29.3,Beginner
user_22,course_31,hearing,4,2,1,41.0,Beginner
user_22,course_31,hearing,5,1,1,27.3,Beginner
user_22,course_31,hearing,6,1,1,27.2,Beginner
user_22,course_31,hearing,7,1,1,22.8,Beginner
user_22,course_31,hearing,8,1,1,28.2,Beginner
user_22,course_31,hearing,9,1,0,32.3,Beginner
user_22,course_31,hearing,10,1,1,23.4,Beginner
user_22,course_31,hearing,11,1,1,24.8,Beginner
user_22,course_23,hearing,1,2,0,53.0,Beginner
user_22,course_23,hearing,2,3,1,78.7,Beginner
user_22,course_23,hearing,3,2,1,39.7,Beginner
user_22,course_23,hearing,4,3,0,71.4,Beginner
user_22,course_23,hearing,5,3,0,89.2,Beginner
user_22,course_23,hearing,6,4,0,121.8,Beginner
user_22,course_23,hearing,7,3,1,78.7,Beginner
user_22,course_23,hearing,8,4,0,115.0,Beginner
user_22,course_23,hearing,9,2,1,45.0,Beginner
user_22,course_23,hearing,10,2,1,46.8,Beginner
user_22,course_23,hearing,11,2,1,50.3,Beginner
user_22,course_23,hearing,12,2,1,46.2,Beginner
user_22,course_24,hearing,1,3,1,75.2,Beginner
user_22,course_24,hearing,2,3,0,71.9,Beginner
user_22,course_24,hearing,3,3,0,95.7,Beginner
user_22,course_24,hearing,4,4,0,121.2,Beginner
user_22,course_24,hearing,5,2,1,44.9,Beginner
user_22,course_24,hearing,6,4,0,136.6,Beginner
user_22,course_24,hearing,7,3,0,79.5,Beginner
user_22,course_24,hearing,8,4,0,130.2,Beginner
user_22,course_24,hearing,9,4,0,146.4,Beginner
user_22,course_24,hearing,10,3,0,91.5,Beginner
user_22,course_24,hearing,11,3,0,104.6,Beginner
user_22,course_24,hearing,12,4,0,101.0,Beginner
user_22,course_1,hearing,1,3,0,80.2,Beginner
user_22,course_1,hearing,2,4,0,114.4,Beginner
user_22,course_1,hearing,3,2,0,54.0,Beginner
user_22,course_1,hearing,4,4,0,112.0,Beginner
user_22,course_1,hearing,5,4,0,122.5,Beginner
user_22,course_1,hearing,6,4,0,99.4,Beginner
user_22,course_1,hearing,7,2,1,48.6,Beginner
user_22,course_1,hearing,8,2,1,47.5,Beginner
user_22,course_1,hearing,9,3,1,63.6,Beginner
user_22,course_1,hearing,10,3,0,93.5,Beginner
user_22,course_1,hearing,11,3,0,76.4,Beginner
user_22,course_1,hearing,12,2,1,37.3,Beginner
user_22,course_1,hearing,13,3,0,93.6,Beginner
user_22,course_2,hearing,1,2,1,49.3,Beginner
user_22,course_2,hearing,2,3,0,77.2,Beginner
user_22,course_2,hearing,3,2,1,37.1,Beginner
user_22,course_2,hearing,4,4,0,126.4,Beginner
user_22,course_2,hearing,5,3,0,93.4,Beginner
user_22,course_2,hearing,6,3,0,74.5,Beginner
user_22,course_2,hearing,7,2,0,60.0,Beginner
user_22,course_2,hearing,8,4,1,91.8,Beginner
user_22,course_2,hearing,9,2,0,56.6,Beginner
user_22,course_2,hearing,10,3,0,85.8,Beginner
user_23,course_34,visual,1,5,0,269.8,Intermediate
user_23,course_34,visual,2,5,0,375.3,Intermediate
user_23,course_34,visual,3,4,0,286.0,Intermediate
user_23,course_34,visual,4,5,0,227.3,Intermediate
user_23,course_34,visual,5,4,0,256.6,Intermediate
user_23,course_34,visual,6,5,0,324.5,Intermediate
user_23,course_34,visual,7,5,1,288.2,Intermediate
user_23,course_34,visual,8,4,1,165.5,Intermediate
user_23,course_34,visual,9,5,0,268.4,Intermediate
user_23,course_34,visual,10,5,0,318.5,Intermediate
user_23,course_34,visual,11,5,0,378.0,Intermediate
user_23,course_34,visual,12,4,0,305.3,Intermediate
user_23,course_33,visual,1,3,0,178.1,Intermediate
user_23,course_33,visual,2,3,1,120.4,Intermediate
user_23,course_33,visual,3,2,1,100.1,Intermediate
user_23,course_33,visual,4,4,0,265.3,Intermediate
user_23,course_33,visual,5,3,1,147.1,Intermediate
user_23,course_33,visual,6,2,1,74.2,Intermediate
user_23,course_33,visual,7,2,0,113.2,Intermediate
user_23,course_33,visual,8,2,1,89.1,Intermediate
user_23,course_33,visual,9,3,1,128.6,Intermediate
user_23,course_33,visual,10,3,0,133.4,Intermediate
user_23,course_33,visual,11,4,0,177.1,Intermediate
user_23,course_33,visual,12,3,0,194.0,Intermediate
user_23,course_33,visual,13,2,1,78.2,Intermediate
user_23,course_33,visual,14,2,1,98.1,Intermediate
user_23,course_5,visual,1,4,0,197.0,Intermediate
user_23,course_5,visual,2,4,1,207.9,Intermediate
user_23,course_5,visual,3,4,0,213.3,Intermediate
user_23,course_5,visual,4,2,0,134.8,Intermediate
user_23,course_5,visual,5,3,1,144.7,Intermediate
user_23,course_5,visual,6,2,1,86.5,Intermediate
user_23,course_5,visual,7,4,1,158.3,Intermediate
user_23,course_5,visual,8,3,1,164.3,Intermediate
user_23,course_5,visual,9,3,1,125.3,Intermediate
user_23,course_5,visual,10,4,0,258.2,Intermediate
user_23,course_5,visual,11,3,1,165.2,Intermediate
user_24,course_3,motor,1,3,1,83.3,Intermediate
user_24,course_3,motor,2,2,1,68.4,Intermediate
user_24,course_3,motor,3,4,0,164.5,Intermediate
user_24,course_3,motor,4,3,1,98.1,Intermediate
user_24,course_3,motor,5,3,0,94.8,Intermediate
user_24,course_3,motor,6,4,1,156.0,Intermediate
user_24,course_3,motor,7,2,1,62.7,Intermediate
user_24,course_3,motor,8,4,1,142.3,Intermediate
user_24,course_3,motor,9,4,1,151.6,Intermediate
user_24,course_3,motor,10,3,1,92.5,Intermediate
user_24,course_7,motor,1,2,1,67.5,Intermediate
user_24,course_7,motor,2,1,1,42.0,Intermediate
user_24,course_7,motor,3,2,1,74.5,Intermediate
user_24,course_7,motor,4,1,1,41.3,Intermediate
user_24,course_7,motor,5,1,1,37.3,Intermediate
user_24,course_7,motor,6,2,0,78.2,Intermediate
user_24,course_7,motor,7,2,1,51.6,Intermediate
user_24,course_7,motor,8,2,1,68.6,Intermediate
user_24,course_7,motor,9,2,0,85.2,Intermediate
user_24,course_7,motor,10,1,1,43.3,Intermediate
user_24,course_7,motor,11,1,1,33.1,Intermediate
user_24,course_7,motor,12,2,1,53.6,Intermediate
user_24,course_7,motor,13,1,1,34.2,Intermediate
user_24,course_33,motor,1,4,1,158.7,Intermediate
user_24,course_33,motor,2,3,1,86.8,Intermediate
user_24,course_33,motor,3,2,1,68.1,Intermediate
user_24,course_33,motor,4,2,1,52.9,Intermediate
user_24,course_33,motor,5,3,1,112.1,Intermediate
user_24,course_33,motor,6,3,1,83.6,Intermediate
user_24,course_33,motor,7,4,1,148.4,Intermediate
user_24,course_33,motor,8,3,0,158.8,Intermediate
user_24,course_33,motor,9,3,1,116.8,Intermediate
user_24,course_33,motor,10,2,0,67.3,Intermediate
user_24,course_18,motor,1,3,1,90.5,Intermediate
user_24,course_18,motor,2,2,0,74.9,Intermediate
user_24,course_18,motor,3,3,0,123.6,Intermediate
user_24,course_18,motor,4,2,1,56.7,Intermediate
user_24,course_18,motor,5,4,0,169.2,Intermediate
user_24,course_18,motor,6,4,0,153.1,Intermediate
user_24,course_18,motor,7,4,0,188.6,Intermediate
user_24,course_18,motor,8,3,1,100.1,Intermediate
user_24,course_18,motor,9,3,0,115.0,Intermediate
user_24,course_18,motor,10,3,0,109.6,Intermediate
user_24,course_18,motor,11,4,1,146.6,Intermediate
user_24,course_18,motor,12,4,1,139.9,Intermediate
user_24,course_18,motor,13,3,1,96.6,Intermediate
user_24,course_18,motor,14,2,1,69.9,Intermediate
user_24,course_30,motor,1,3,1,98.6,Intermediate
user_24,course_30,motor,2,4,1,128.0,Intermediate
user_24,course_30,motor,3,3,1,102.0,Intermediate
user_24,course_30,motor,4,4,0,225.2,Intermediate
user_24,course_30,motor,5,3,1,100.8,Intermediate
user_24,course_30,motor,6,2,0,89.8,Intermediate
user_24,course_30,motor,7,3,0,143.4,Intermediate
user_24,course_30,motor,8,4,1,161.1,Intermediate
user_24,course_30,motor,9,3,1,113.4,Intermediate
user_24,course_30,motor,10,4,0,193.4,Intermediate
user_24,course_30,motor,11,3,1,113.1,Intermediate
user_24,course_30,motor,12,4,0,147.5,Intermediate
user_24,course_30,motor,13,3,1,114.7,Intermediate
user_25,course_43,motor,1,1,1,27.1,Advanced
user_25,course_43,motor,2,2,1,38.2,Advanced
user_25,course_43,motor,3,3,1,68.0,Advanced
user_25,course_43,motor,4,1,1,30.9,Advanced
user_25,course_43,motor,5,1,1,27.7,Advanced
user_25,course_43,motor,6,2,1,39.5,Advanced
user_25,course_43,motor,7,3,1,84.2,Advanced
user_25,course_43,motor,8,3,1,89.4,Advanced
user_25,course_43,motor,9,1,1,33.7,Advanced
user_25,course_43,motor,10,3,1,61.1,Advanced
user_25,course_43,motor,11,3,1,73.4,Advanced
user_25,course_29,motor,1,2,1,55.2,Advanced
user_25,course_29,motor,2,4,1,117.5,Advanced
user_25,course_29,motor,3,2,1,49.3,Advanced
user_25,course_29,motor,4,3,1,70.7,Advanced
user_25,course_29,motor,5,4,1,85.0,Advanced
user_25,course_29,motor,6,3,1,70.2,Advanced
user_25,course_29,motor,7,3,1,61.2,Advanced
user_25,course_29,motor,8,2,1,55.3,Advanced
user_25,course_29,motor,9,3,0,101.7,Advanced
user_25,course_29,motor,10,2,1,54.2,Advanced
user_25,course_29,motor,11,4,1,105.5,Advanced
user_25,course_45,motor,1,4,1,105.8,Advanced
user_25,course_45,motor,2,3,1,81.8,Advanced
user_25,course_45,motor,3,2,1,56.1,Advanced
user_25,course_45,motor,4,3,1,69.9,Advanced
user_25,course_45,motor,5,4,0,134.2,Advanced
user_25,course_45,motor,6,3,1,86.2,Advanced
user_25,course_45,motor,7,2,1,47.3,Advanced
user_25,course_45,motor,8,3,1,69.0,Advanced
user_25,course_45,motor,9,3,1,66.2,Advanced
user_25,course_45,motor,10,4,1,90.7,Advanced
user_25,course_45,motor,11,3,0,115.7,Advanced
user_25,course_45,motor,12,4,1,123.3,Advanced
user_25,course_45,motor,13,4,1,96.4,Advanced
user_25,course_45,motor,14,3,1,81.9,Advanced
user_25,course_35,motor,1,2,1,51.0,Advanced
user_25,course_35,motor,2,3,1,74.7,Advanced
user_25,course_35,motor,3,1,1,28.8,Advanced
user_25,course_35,motor,4,1,1,33.2,Advanced
user_25,course_35,motor,5,1,1,25.5,Advanced
user_25,course_35,motor,6,3,1,65.9,Advanced
user_25,course_35,motor,7,1,1,33.4,Advanced
user_25,course_35,motor,8,1,1,28.7,Advanced
user_25,course_35,motor,9,2,1,39.3,Advanced
user_25,course_35,motor,10,2,1,54.5,Advanced
user_25,course_3,motor,1,2,1,41.8,Advanced
user_25,course_3,motor,2,3,0,119.1,Advanced
user_25,course_3,motor,3,4,1,116.0,Advanced
user_25,course_3,motor,4,3,0,84.3,Advanced
user_25,course_3,motor,5,2,1,49.8,Advanced
user_25,course_3,motor,6,3,1,83.9,Advanced
user_25,course_3,motor,7,2,1,54.8,Advanced
user_25,course_3,motor,8,2,1,47.6,Advanced
user_25,course_3,motor,9,2,1,49.3,Advanced
user_25,course_3,motor,10,2,1,37.7,Advanced
user_25,course_3,motor,11,3,1,68.1,Advanced
user_25,course_3,motor,12,4,1,112.0,Advanced
user_25,course_3,motor,13,2,1,45.2,Advanced
user_25,course_3,motor,14,2,1,45.8,Advanced
user_25,course_3,motor,15,4,1,91.6,Advanced
user_25,course_31,motor,1,1,1,23.4,Advanced
user_25,course_31,motor,2,1,1,22.9,Advanced
user_25,course_31,motor,3,2,1,52.0,Advanced
user_25,course_31,motor,4,1,1,26.4,Advanced
user_25,course_31,motor,5,1,1,31.3,Advanced
user_25,course_31,motor,6,1,1,28.2,Advanced
user_25,course_31,motor,7,1,1,30.7,Advanced
user_25,course_31,motor,8,2,1,51.3,Advanced
user_25,course_31,motor,9,2,1,55.5,Advanced
user_25,course_31,motor,10,2,1,56.2,Advanced
user_25,course_17,motor,1,3,1,70.8,Advanced
user_25,course_17,motor,2,1,1,32.6,Advanced
user_25,course_17,motor,3,2,1,38.9,Advanced
user_25,course_17,motor,4,3,0,80.4,Advanced
user_25,course_17,motor,5,2,1,41.0,Advanced
user_25,course_17,motor,6,1,1,26.3,Advanced
user_25,course_17,motor,7,2,1,39.1,Advanced
user_25,course_17,motor,8,3,1,67.2,Advanced
user_25,course_17,motor,9,2,1,43.8,Advanced
user_25,course_17,motor,10,1,1,25.8,Advanced
user_25,course_17,motor,11,3,1,81.4,Advanced
user_25,course_17,motor,12,3,1,60.0,Advanced
user_25,course_17,motor,13,1,1,29.2,Advanced
user_25,course_18,motor,1,2,1,50.2,Advanced
user_25,course_18,motor,2,3,1,76.8,Advanced
user_25,course_18,motor,3,2,1,51.5,Advanced
user_25,course_18,motor,4,4,1,85.7,Advanced
user_25,course_18,motor,5,2,1,50.8,Advanced
user_25,course_18,motor,6,2,1,48.2,Advanced
user_25,course_18,motor,7,2,1,54.6,Advanced
user_25,course_18,motor,8,3,1,80.1,Advanced
user_25,course_18,motor,9,3,1,81.6,Advanced
user_25,course_18,motor,10,2,1,52.3,Advanced
user_25,course_18,motor,11,3,1,71.5,Advanced
user_25,course_18,motor,12,4,1,98.6,Advanced
user_25,course_18,motor,13,4,1,92.9,Advanced
user_25,course_18,motor,14,2,1,45.9,Advanced
user_26,course_16,visual,1,2,0,163.4,Beginner
user_26,course_16,visual,2,4,0,338.5,Beginner
user_26,course_16,visual,3,4,0,376.1,Beginner
user_26,course_16,visual,4,4,0,328.7,Beginner
user_26,course_16,visual,5,3,0,219.5,Beginner
user_26,course_16,visual,6,3,0,223.4,Beginner
user_26,course_16,visual,7,3,0,174.4,Beginner
user_26,course_16,visual,8,2,1,117.0,Beginner
user_26,course_16,visual,9,2,0,159.7,Beginner
user_26,course_16,visual,10,2,0,153.9,Beginner
user_26,course_16,visual,11,3,0,233.4,Beginner
user_26,course_4,visual,1,1,1,77.3,Beginner
user_26,course_4,visual,2,3,0,222.0,Beginner
user_26,course_4,visual,3,2,1,102.9,Beginner
user_26,course_4,visual,4,1,1,78.2,Beginner
user_26,course_4,visual,5,3,0,229.3,Beginner
user_26,course_4,visual,6,2,1,115.7,Beginner
user_26,course_4,visual,7,2,0,144.6,Beginner
user_26,course_4,visual,8,2,1,112.9,Beginner
user_26,course_4,visual,9,2,0,158.8,Beginner
user_26,course_4,visual,10,2,1,92.1,Beginner
user_26,course_4,visual,11,3,0,218.6,Beginner
user_26,course_4,visual,12,1,1,61.9,Beginner
user_26,course_4,visual,13,3,0,223.3,Beginner
user_26,course_17,visual,1,2,1,96.9,Beginner
user_26,course_17,visual,2,3,0,201.6,Beginner
user_26,course_17,visual,3,3,0,280.9,Beginner
user_26,course_17,visual,4,3,0,240.2,Beginner
user_26,course_17,visual,5,2,0,128.4,Beginner
user_26,course_17,visual,6,2,0,129.9,Beginner
user_26,course_17,visual,7,1,1,58.8,Beginner
user_26,course_17,visual,8,1,1,80.4,Beginner
user_26,course_17,visual,9,2,0,124.5,Beginner
user_26,course_17,visual,10,2,1,116.9,Beginner
user_26,course_37,visual,1,2,1,136.3,Beginner
user_26,course_37,visual,2,1,1,75.0,Beginner
user_26,course_37,visual,3,2,1,104.1,Beginner
user_26,course_37,visual,4,1,1,70.6,Beginner
user_26,course_37,visual,5,2,0,115.9,Beginner
user_26,course_37,visual,6,1,0,75.6,Beginner
user_26,course_37,visual,7,2,0,152.3,Beginner
user_26,course_37,visual,8,1,0,90.8,Beginner
user_26,course_37,visual,9,2,1,104.1,Beginner
user_26,course_37,visual,10,1,0,80.0,Beginner
user_26,course_12,visual,1,1,1,67.0,Beginner
user_26,course_12,visual,2,1,1,58.4,Beginner
user_26,course_12,visual,3,1,1,68.3,Beginner
user_26,course_12,visual,4,1,1,75.8,Beginner
user_26,course_12,visual,5,1,0,100.3,Beginner
user_26,course_12,visual,6,1,1,58.0,Beginner
user_26,course_12,visual,7,1,1,67.4,Beginner
user_26,course_12,visual,8,1,1,81.9,Beginner
user_26,course_12,visual,9,1,1,69.0,Beginner
user_26,course_12,visual,10,1,1,71.7,Beginner
user_26,course_12,visual,11,2,1,126.9,Beginner
user_26,course_12,visual,12,1,1,66.2,Beginner
user_26,course_38,visual,1,2,1,126.2,Beginner
user_26,course_38,visual,2,3,1,194.1,Beginner
user_26,course_38,visual,3,2,1,93.5,Beginner
user_26,course_38,visual,4,3,0,273.9,Beginner
user_26,course_38,visual,5,3,0,281.7,Beginner
user_26,course_38,visual,6,3,0,190.0,Beginner
user_26,course_38,visual,7,2,1,133.4,Beginner
user_26,course_38,visual,8,2,1,105.7,Beginner
user_26,course_38,visual,9,3,0,200.3,Beginner
user_26,course_38,visual,10,4,0,314.6,Beginner
user_26,course_38,visual,11,3,1,154.4,Beginner
user_26,course_38,visual,12,3,0,254.6,Beginner
user_26,course_38,visual,13,4,0,277.8,Beginner
user_26,course_38,visual,14,3,0,245.6,Beginner
user_26,course_48,visual,1,4,1,251.1,Beginner
user_26,course_48,visual,2,5,0,408.2,Beginner
user_26,course_48,visual,3,5,0,405.8,Beginner
user_26,course_48,visual,4,5,0,360.2,Beginner
user_26,course_48,visual,5,4,0,271.3,Beginner
user_26,course_48,visual,6,4,0,281.7,Beginner
user_26,course_48,visual,7,5,0,445.9,Beginner
user_26,course_48,visual,8,4,0,274.8,Beginner
user_26,course_48,visual,9,5,0,412.3,Beginner
user_26,course_48,visual,10,4,0,344.2,Beginner
user_26,course_48,visual,11,4,0,351.2,Beginner
user_26,course_48,visual,12,5,0,308.5,Beginner
user_27,course_49,cognitive,1,2,1,38.9,Intermediate
user_27,course_49,cognitive,2,4,0,113.9,Intermediate
user_27,course_49,cognitive,3,3,1,66.5,Intermediate
user_27,course_49,cognitive,4,3,1,73.1,Intermediate
user_27,course_49,cognitive,5,4,0,118.9,Intermediate
user_27,course_49,cognitive,6,2,1,53.5,Intermediate
user_27,course_49,cognitive,7,3,1,83.8,Intermediate
user_27,course_49,cognitive,8,4,0,152.2,Intermediate
user_27,course_49,cognitive,9,4,0,161.7,Intermediate
user_27,course_49,cognitive,10,4,1,117.6,Intermediate
user_27,course_49,cognitive,11,4,0,135.2,Intermediate
user_27,course_44,cognitive,1,2,0,48.1,Intermediate
user_27,course_44,cognitive,2,3,0,78.1,Intermediate
user_27,course_44,cognitive,3,3,1,62.4,Intermediate
user_27,course_44,cognitive,4,3,0,82.7,Intermediate
user_27,course_44,cognitive,5,3,1,78.4,Intermediate
user_27,course_44,cognitive,6,2,0,59.6,Intermediate
user_27,course_44,cognitive,7,4,1,111.1,Intermediate
user_27,course_44,cognitive,8,3,1,84.9,Intermediate
user_27,course_44,cognitive,9,4,1,106.7,Intermediate
user_27,course_44,cognitive,10,3,0,102.3,Intermediate
user_27,course_44,cognitive,11,4,0,126.5,Intermediate
user_27,course_44,cognitive,12,2,1,51.0,Intermediate
user_27,course_44,cognitive,13,4,0,116.6,Intermediate
user_27,course_44,cognitive,14,4,1,88.8,Intermediate
user_27,course_44,cognitive,15,2,1,50.5,Intermediate
user_27,course_1,cognitive,1,3,0,65.0,Intermediate
user_27,course_1,cognitive,2,2,1,42.4,Intermediate
user_27,course_1,cognitive,3,2,1,50.7,Intermediate
user_27,course_1,cognitive,4,4,0,131.3,Intermediate
user_27,course_1,cognitive,5,4,1,118.2,Intermediate
user_27,course_1,cognitive,6,2,1,36.2,Intermediate
user_27,course_1,cognitive,7,2,1,46.5,Intermediate
user_27,course_1,cognitive,8,2,1,51.5,Intermediate
user_27,course_1,cognitive,9,3,1,70.5,Intermediate
user_27,course_1,cognitive,10,2,0,56.3,Intermediate
user_27,course_1,cognitive,11,4,0,134.7,Intermediate
user_27,course_6,cognitive,1,4,0,96.8,Intermediate
user_27,course_6,cognitive,2,2,1,50.9,Intermediate
user_27,course_6,cognitive,3,2,0,58.0,Intermediate
user_27,course_6,cognitive,4,3,0,94.4,Intermediate
user_27,course_6,cognitive,5,3,0,107.2,Intermediate
user_27,course_6,cognitive,6,3,0,86.2,Intermediate
user_27,course_6,cognitive,7,3,1,84.2,Intermediate
user_27,course_6,cognitive,8,4,1,96.3,Intermediate
user_27,course_6,cognitive,9,3,1,72.1,Intermediate
user_27,course_6,cognitive,10,2,1,52.6,Intermediate
user_28,course_42,visual,1,4,0,249.7,Intermediate
user_28,course_42,visual,2,5,1,263.9,Intermediate
user_28,course_42,visual,3,5,0,285.3,Intermediate
user_28,course_42,visual,4,5,0,262.3,Intermediate
user_28,course_42,visual,5,3,1,121.7,Intermediate
user_28,course_42,visual,6,4,1,189.5,Intermediate
user_28,course_42,visual,7,4,0,217.0,Intermediate
user_28,course_42,visual,8,5,0,353.2,Intermediate
user_28,course_42,visual,9,3,0,188.6,Intermediate
user_28,course_42,visual,10,5,0,392.8,Intermediate
user_28,course_42,visual,11,4,0,200.8,Intermediate
user_28,course_42,visual,12,5,1,290.3,Intermediate
user_28,course_2,visual,1,3,1,158.1,Intermediate
user_28,course_2,visual,2,4,1,210.3,Intermediate
user_28,course_2,visual,3,2,1,95.5,Intermediate
user_28,course_2,visual,4,3,0,177.5,Intermediate
user_28,course_2,visual,5,4,0,244.7,Intermediate
user_28,course_2,visual,6,3,1,139.0,Intermediate
user_28,course_2,visual,7,4,1,211.7,Intermediate
user_28,course_2,visual,8,4,1,228.1,Intermediate
user_28,course_2,visual,9,3,0,165.9,Intermediate
user_28,course_2,visual,10,2,0,93.5,Intermediate
user_28,course_2,visual,11,3,1,138.4,Intermediate
user_28,course_2,visual,12,3,1,140.1,Intermediate
user_28,course_2,visual,13,3,0,176.8,Intermediate
user_28,course_2,visual,14,2,1,98.4,Intermediate
user_28,course_2,visual,15,4,1,171.3,Intermediate
user_28,course_29,visual,1,3,0,218.1,Intermediate
user_28,course_29,visual,2,3,1,164.3,Intermediate
user_28,course_29,visual,3,3,1,136.6,Intermediate
user_28,course_29,visual,4,4,1,215.2,Intermediate
user_28,course_29,visual,5,3,1,127.0,Intermediate
user_28,course_29,visual,6,3,1,146.3,Intermediate
user_28,course_29,visual,7,4,1,161.8,Intermediate
user_28,course_29,visual,8,4,0,255.5,Intermediate
user_28,course_29,visual,9,4,0,258.2,Intermediate
user_28,course_29,visual,10,2,0,118.0,Intermediate
user_28,course_29,visual,11,3,1,116.1,Intermediate
user_28,course_29,visual,12,4,1,195.9,Intermediate
user_28,course_29,visual,13,4,1,165.0,Intermediate
user_28,course_29,visual,14,3,0,186.0,Intermediate
user_28,course_29,visual,15,3,0,162.8,Intermediate
user_29,course_47,hearing,1,3,1,56.9,Beginner
user_29,course_47,hearing,2,2,1,47.7,Beginner
user_29,course_47,hearing,3,2,1,38.6,Beginner
user_29,course_47,hearing,4,4,0,136.2,Beginner
user_29,course_47,hearing,5,3,1,67.4,Beginner
user_29,course_47,hearing,6,3,0,78.3,Beginner
user_29,course_47,hearing,7,2,0,63.2,Beginner
user_29,course_47,hearing,8,3,1,78.1,Beginner
user_29,course_47,hearing,9,3,0,91.9,Beginner
user_29,course_47,hearing,10,3,1,66.0,Beginner
user_29,course_2,hearing,1,4,0,125.2,Beginner
user_29,course_2,hearing,2,3,0,72.0,Beginner
user_29,course_2,hearing,3,2,1,42.8,Beginner
user_29,course_2,hearing,4,2,1,37.3,Beginner
user_29,course_2,hearing,5,4,0,120.7,Beginner
user_29,course_2,hearing,6,4,1,95.8,Beginner
user_29,course_2,hearing,7,2,1,34.8,Beginner
user_29,course_2,hearing,8,2,1,37.8,Beginner
user_29,course_2,hearing,9,4,0,129.7,Beginner
user_29,course_2,hearing,10,4,0,126.0,Beginner
user_29,course_7,hearing,1,1,1,21.5,Beginner
user_29,course_7,hearing,2,1,1,27.4,Beginner
user_29,course_7,hearing,3,2,1,44.7,Beginner
user_29,course_7,hearing,4,2,1,43.0,Beginner
user_29,course_7,hearing,5,1,1,27.2,Beginner
user_29,course_7,hearing,6,1,0,34.4,Beginner
user_29,course_7,hearing,7,1,1,24.2,Beginner
user_29,course_7,hearing,8,1,1,24.1,Beginner
user_29,course_7,hearing,9,1,0,27.9,Beginner
user_29,course_7,hearing,10,2,0,48.0,Beginner
user_29,course_31,hearing,1,1,1,21.1,Beginner
user_29,course_31,hearing,2,2,1,38.0,Beginner
user_29,course_31,hearing,3,2,1,41.1,Beginner
user_29,course_31,hearing,4,1,0,36.1,Beginner
user_29,course_31,hearing,5,2,1,48.9,Beginner
user_29,course_31,hearing,6,2,1,41.0,Beginner
user_29,course_31,hearing,7,2,1,47.5,Beginner
user_29,course_31,hearing,8,2,1,46.3,Beginner
user_29,course_31,hearing,9,2,1,34.1,Beginner
user_29,course_31,hearing,10,2,1,34.9,Beginner
user_29,course_31,hearing,11,2,1,41.7,Beginner
user_29,course_24,hearing,1,2,1,42.5,Beginner
user_29,course_24,hearing,2,4,0,113.0,Beginner
user_29,course_24,hearing,3,3,0,84.5,Beginner
user_29,course_24,hearing,4,4,0,112.9,Beginner
user_29,course_24,hearing,5,2,1,35.8,Beginner
user_29,course_24,hearing,6,4,0,112.8,Beginner
user_29,course_24,hearing,7,4,0,133.3,Beginner
user_29,course_24,hearing,8,3,0,84.5,Beginner
user_29,course_24,hearing,9,4,0,133.3,Beginner
user_29,course_24,hearing,10,2,0,44.6,Beginner
user_29,course_24,hearing,11,2,1,49.2,Beginner
user_29,course_24,hearing,12,3,1,57.7,Beginner
user_29,course_24,hearing,13,4,0,148.9,Beginner
user_29,course_24,hearing,14,2,1,44.8,Beginner
user_29,course_24,hearing,15,4,0,133.2,Beginner
user_30,course_42,motor,1,3,1,90.9,Intermediate
user_30,course_42,motor,2,3,1,114.0,Intermediate
user_30,course_42,motor,3,3,0,149.3,Intermediate
user_30,course_42,motor,4,3,1,111.7,Intermediate
user_30,course_42,motor,5,4,0,162.0,Intermediate
user_30,course_42,motor,6,4,0,143.7,Intermediate
user_30,course_42,motor,7,3,1,84.5,Intermediate
user_30,course_42,motor,8,5,0,220.4,Intermediate
user_30,course_42,motor,9,3,0,106.4,Intermediate
user_30,course_42,motor,10,3,0,173.9,Intermediate
user_30,course_42,motor,11,3,0,136.0,Intermediate
user_30,course_42,motor,12,3,1,90.9,Intermediate
user_30,course_42,motor,13,3,1,89.0,Intermediate
user_30,course_42,motor,14,5,0,184.9,Intermediate
user_30,course_48,motor,1,5,0,244.9,Intermediate
user_30,course_48,motor,2,5,0,226.9,Intermediate
user_30,course_48,motor,3,5,0,246.2,Intermediate
user_30,course_48,motor,4,5,1,180.1,Intermediate
user_30,course_48,motor,5,4,0,154.1,Intermediate
user_30,course_48,motor,6,4,1,141.5,Intermediate
user_30,course_48,motor,7,5,0,218.1,Intermediate
user_30,course_48,motor,8,5,0,245.2,Intermediate
user_30,course_48,motor,9,4,0,145.2,Intermediate
user_30,course_48,motor,10,5,0,205.9,Intermediate
user_30,course_48,motor,11,5,0,238.5,Intermediate
user_30,course_48,motor,12,4,0,138.4,Intermediate
user_30,course_48,motor,13,4,0,169.8,Intermediate
user_30,course_31,motor,1,1,1,31.1,Intermediate
user_30,course_31,motor,2,1,1,30.7,Intermediate
user_30,course_31,motor,3,1,0,61.3,Intermediate
user_30,course_31,motor,4,2,1,68.4,Intermediate
user_30,course_31,motor,5,2,1,54.4,Intermediate
user_30,course_31,motor,6,1,1,43.7,Intermediate
user_30,course_31,motor,7,1,1,32.8,Intermediate
user_30,course_31,motor,8,2,1,55.3,Intermediate
user_30,course_31,motor,9,2,1,72.2,Intermediate
user_30,course_31,motor,10,1,1,30.6,Intermediate
user_30,course_31,motor,11,1,1,41.2,Intermediate
user_30,course_49,motor,1,2,1,66.9,Intermediate
user_30,course_49,motor,2,2,1,58.7,Intermediate
user_30,course_49,motor,3,3,0,142.1,Intermediate
user_30,course_49,motor,4,3,1,103.1,Intermediate
user_30,course_49,motor,5,2,1,58.1,Intermediate
user_30,course_49,motor,6,4,0,233.5,Intermediate
user_30,course_49,motor,7,3,0,90.9,Intermediate
user_30,course_49,motor,8,2,0,65.9,Intermediate
user_30,course_49,motor,9,2,1,67.2,Intermediate
user_30,course_49,motor,10,4,1,136.6,Intermediate
user_30,course_49,motor,11,3,0,128.1,Intermediate
user_30,course_49,motor,12,4,0,212.2,Intermediate
user_30,course_3,motor,1,2,1,61.9,Intermediate
user_30,course_3,motor,2,4,0,217.3,Intermediate
user_30,course_3,motor,3,2,1,58.9,Intermediate
user_30,course_3,motor,4,2,1,68.2,Intermediate
user_30,course_3,motor,5,3,0,137.0,Intermediate
user_30,course_3,motor,6,2,1,74.4,Intermediate
user_30,course_3,motor,7,3,1,103.1,Intermediate
user_30,course_3,motor,8,4,0,151.7,Intermediate
user_30,course_3,motor,9,4,1,141.9,Intermediate
user_30,course_3,motor,10,4,0,173.2,Intermediate
user_30,course_3,motor,11,4,1,144.1,Intermediate
user_30,course_3,motor,12,2,1,68.5,Intermediate
user_30,course_3,motor,13,4,1,142.6,Intermediate
user_30,course_20,motor,1,2,1,71.1,Intermediate
user_30,course_20,motor,2,2,1,74.9,Intermediate
user_30,course_20,motor,3,2,1,64.0,Intermediate
user_30,course_20,motor,4,4,1,140.5,Intermediate
user_30,course_20,motor,5,3,1,113.6,Intermediate
user_30,course_20,motor,6,2,1,60.9,Intermediate
user_30,course_20,motor,7,3,1,82.9,Intermediate
user_30,course_20,motor,8,2,1,67.4,Intermediate
user_30,course_20,motor,9,3,1,119.4,Intermediate
user_30,course_20,motor,10,3,1,87.1,Intermediate
user_30,course_26,motor,1,3,0,108.7,Intermediate
user_30,course_26,motor,2,3,0,133.1,Intermediate
user_30,course_26,motor,3,5,1,196.7,Intermediate
user_30,course_26,motor,4,5,0,226.6,Intermediate
user_30,course_26,motor,5,4,1,147.1,Intermediate
user_30,course_26,motor,6,4,0,195.6,Intermediate
user_30,course_26,motor,7,4,1,150.8,Intermediate
user_30,course_26,motor,8,4,0,154.9,Intermediate
user_30,course_26,motor,9,3,0,134.2,Intermediate
user_30,course_26,motor,10,4,1,158.5,Intermediate
user_30,course_26,motor,11,4,0,126.6,Intermediate
user_30,course_26,motor,12,3,1,108.5,Intermediate
user_30,course_26,motor,13,3,0,146.2,Intermediate
user_30,course_26,motor,14,5,1,190.3,Intermediate
user_30,course_26,motor,15,4,0,182.4,Intermediate
user_30,course_34,motor,1,5,0,257.8,Intermediate
user_30,course_34,motor,2,5,0,224.7,Intermediate
user_30,course_34,motor,3,4,0,153.2,Intermediate
user_30,course_34,motor,4,5,0,208.3,Intermediate
user_30,course_34,motor,5,4,1,124.5,Intermediate
user_30,course_34,motor,6,4,0,204.1,Intermediate
user_30,course_34,motor,7,5,1,199.9,Intermediate
user_30,course_34,motor,8,4,1,124.5,Intermediate
user_30,course_34,motor,9,5,1,209.0,Intermediate
user_30,course_34,motor,10,4,1,131.0,Intermediate
user_30,course_34,motor,11,5,0,227.8,Intermediate
user_30,course_34,motor,12,5,0,231.8,Intermediate
user_30,course_34,motor,13,5,0,209.9,Intermediate
user_30,course_34,motor,14,5,0,262.8,Intermediate
user_31,course_22,visual,1,4,0,246.9,Beginner
user_31,course_22,visual,2,2,1,109.3,Beginner
user_31,course_22,visual,3,3,0,249.9,Beginner
user_31,course_22,visual,4,3,0,238.2,Beginner
user_31,course_22,visual,5,4,0,292.2,Beginner
user_31,course_22,visual,6,3,0,167.2,Beginner
user_31,course_22,visual,7,4,1,251.5,Beginner
user_31,course_22,visual,8,4,1,282.5,Beginner
user_31,course_22,visual,9,4,0,294.7,Beginner
user_31,course_22,visual,10,2,1,127.5,Beginner
user_31,course_48,visual,1,4,0,389.9,Beginner
user_31,course_48,visual,2,4,0,305.2,Beginner
user_31,course_48,visual,3,4,0,338.9,Beginner
user_31,course_48,visual,4,4,0,322.5,Beginner
user_31,course_48,visual,5,5,0,483.6,Beginner
user_31,course_48,visual,6,5,0,285.6,Beginner
user_31,course_48,visual,7,4,0,243.0,Beginner
user_31,course_48,visual,8,5,0,384.3,Beginner
user_31,course_48,visual,9,5,0,437.8,Beginner
user_31,course_48,visual,10,5,0,303.7,Beginner
user_31,course_48,visual,11,4,0,304.1,Beginner
user_31,course_48,visual,12,4,1,251.2,Beginner
user_31,course_48,visual,13,4,0,298.4,Beginner
user_31,course_17,visual,1,2,0,126.3,Beginner
user_31,course_17,visual,2,1,1,74.5,Beginner
user_31,course_17,visual,3,3,0,195.7,Beginner
user_31,course_17,visual,4,2,0,147.8,Beginner
user_31,course_17,visual,5,3,0,317.1,Beginner
user_31,course_17,visual,6,3,1,209.6,Beginner
user_31,course_17,visual,7,1,1,81.4,Beginner
user_31,course_17,visual,8,1,1,55.3,Beginner
user_31,course_17,visual,9,2,1,110.1,Beginner
user_31,course_17,visual,10,2,1,94.8,Beginner
user_31,course_17,visual,11,1,1,79.3,Beginner
user_31,course_20,visual,1,4,0,405.4,Beginner
user_31,course_20,visual,2,3,1,204.2,Beginner
user_31,course_20,visual,3,2,1,122.3,Beginner
user_31,course_20,visual,4,3,1,206.7,Beginner
user_31,course_20,visual,5,2,0,173.4,Beginner
user_31,course_20,visual,6,3,0,250.4,Beginner
user_31,course_20,visual,7,3,1,160.9,Beginner
user_31,course_20,visual,8,4,0,310.9,Beginner
user_31,course_20,visual,9,3,1,217.7,Beginner
user_31,course_20,visual,10,2,1,93.8,Beginner
user_31,course_20,visual,11,2,1,121.7,Beginner
user_31,course_20,visual,12,3,0,245.6,Beginner
user_32,course_16,hearing,1,2,0,41.5,Beginner
user_32,course_16,hearing,2,2,0,65.7,Beginner
user_32,course_16,hearing,3,2,1,36.9,Beginner
user_32,course_16,hearing,4,2,1,43.1,Beginner
user_32,course_16,hearing,5,4,1,90.5,Beginner
user_32,course_16,hearing,6,4,0,111.3,Beginner
user_32,course_16,hearing,7,4,0,117.3,Beginner
user_32,course_16,hearing,8,4,0,128.6,Beginner
user_32,course_16,hearing,9,2,1,38.6,Beginner
user_32,course_16,hearing,10,3,0,85.5,Beginner
user_32,course_16,hearing,11,2,0,58.4,Beginner
user_32,course_16,hearing,12,3,1,72.6,Beginner
user_32,course_4,hearing,1,1,1,28.9,Beginner
user_32,course_4,hearing,2,2,0,55.8,Beginner
user_32,course_4,hearing,3,2,1,39.2,Beginner
user_32,course_4,hearing,4,3,1,59.2,Beginner
user_32,course_4,hearing,5,2,1,38.0,Beginner
user_32,course_4,hearing,6,2,0,43.4,Beginner
user_32,course_4,hearing,7,3,0,75.5,Beginner
user_32,course_4,hearing,8,2,0,50.6,Beginner
user_32,course_4,hearing,9,3,1,67.1,Beginner
user_32,course_4,hearing,10,3,0,93.6,Beginner
user_32,course_4,hearing,11,2,1,38.7,Beginner
user_32,course_4,hearing,12,1,1,30.3,Beginner
user_32,course_29,hearing,1,2,1,35.6,Beginner
user_32,course_29,hearing,2,4,0,120.2,Beginner
user_32,course_29,hearing,3,2,1,43.3,Beginner
user_32,course_29,hearing,4,3,0,76.6,Beginner
user_32,course_29,hearing,5,2,0,50.9,Beginner
user_32,course_29,hearing,6,3,0,69.4,Beginner
user_32,course_29,hearing,7,3,0,69.1,Beginner
user_32,course_29,hearing,8,4,0,113.2,Beginner
user_32,course_29,hearing,9,2,1,48.9,Beginner
user_32,course_29,hearing,10,4,0,122.8,Beginner
user_32,course_29,hearing,11,4,0,122.5,Beginner
user_32,course_29,hearing,12,2,1,41.9,Beginner
user_32,course_29,hearing,13,4,1,75.1,Beginner
user_32,course_23,hearing,1,3,0,89.7,Beginner
user_32,course_23,hearing,2,3,1,60.6,Beginner
user_32,course_23,hearing,3,4,0,101.0,Beginner
user_32,course_23,hearing,4,4,1,76.5,Beginner
user_32,course_23,hearing,5,4,1,80.0,Beginner
user_32,course_23,hearing,6,4,0,137.5,Beginner
user_32,course_23,hearing,7,4,0,106.9,Beginner
user_32,course_23,hearing,8,4,0,109.2,Beginner
user_32,course_23,hearing,9,3,1,63.6,Beginner
user_32,course_23,hearing,10,2,1,43.6,Beginner
user_32,course_23,hearing,11,4,0,120.0,Beginner
user_32,course_23,hearing,12,2,1,45.0,Beginner
user_32,course_3,hearing,1,2,1,34.8,Beginner
user_32,course_3,hearing,2,3,0,114.8,Beginner
user_32,course_3,hearing,3,2,0,55.7,Beginner
user_32,course_3,hearing,4,3,0,76.0,Beginner
user_32,course_3,hearing,5,3,0,83.2,Beginner
user_32,course_3,hearing,6,2,0,53.5,Beginner
user_32,course_3,hearing,7,3,0,92.0,Beginner
user_32,course_3,hearing,8,4,0,113.3,Beginner
user_32,course_3,hearing,9,3,0,94.5,Beginner
user_32,course_3,hearing,10,3,0,85.1,Beginner
user_32,course_3,hearing,11,3,0,92.4,Beginner
user_32,course_3,hearing,12,4,0,114.3,Beginner
user_32,course_3,hearing,13,4,0,147.6,Beginner
user_32,course_3,hearing,14,3,1,70.9,Beginner
user_32,course_3,hearing,15,2,0,42.1,Beginner
user_33,course_17,visual,1,2,1,69.4,Advanced
user_33,course_17,visual,2,2,1,53.0,Advanced
user_33,course_17,visual,3,2,1,71.1,Advanced
user_33,course_17,visual,4,3,1,108.6,Advanced
user_33,course_17,visual,5,2,1,61.4,Advanced
user_33,course_17,visual,6,3,1,109.9,Advanced
user_33,course_17,visual,7,3,1,85.2,Advanced
user_33,course_17,visual,8,2,0,92.0,Advanced
user_33,course_17,visual,9,1,1,45.0,Advanced
user_33,course_17,visual,10,3,1,91.8,Advanced
user_33,course_17,visual,11,1,1,32.5,Advanced
user_33,course_17,visual,12,3,1,113.6,Advanced
user_33,course_17,visual,13,1,1,38.8,Advanced
user_33,course_17,visual,14,2,1,63.8,Advanced
user_33,course_37,visual,1,1,1,37.8,Advanced
user_33,course_37,visual,2,2,1,68.5,Advanced
user_33,course_37,visual,3,1,1,40.2,Advanced
user_33,course_37,visual,4,2,1,52.8,Advanced
user_33,course_37,visual,5,1,1,44.3,Advanced
user_33,course_37,visual,6,2,1,64.0,Advanced
user_33,course_37,visual,7,2,1,65.4,Advanced
user_33,course_37,visual,8,1,1,36.5,Advanced
user_33,course_37,visual,9,2,1,64.8,Advanced
user_33,course_37,visual,10,2,1,73.8,Advanced
user_33,course_37,visual,11,1,1,31.7,Advanced
user_33,course_37,visual,12,1,1,43.5,Advanced
user_33,course_37,visual,13,1,1,45.1,Advanced
user_33,course_37,visual,14,2,1,56.6,Advanced
user_33,course_22,visual,1,4,1,158.4,Advanced
user_33,course_22,visual,2,4,1,132.5,Advanced
user_33,course_22,visual,3,4,1,148.7,Advanced
user_33,course_22,visual,4,4,1,125.4,Advanced
user_33,course_22,visual,5,4,1,163.4,Advanced
user_33,course_22,visual,6,4,1,171.8,Advanced
user_33,course_22,visual,7,2,1,54.9,Advanced
user_33,course_22,visual,8,4,0,236.0,Advanced
user_33,course_22,visual,9,4,0,206.6,Advanced
user_33,course_22,visual,10,4,1,162.1,Advanced
user_33,course_22,visual,11,2,1,77.0,Advanced
user_33,course_22,visual,12,2,1,61.9,Advanced
user_33,course_22,visual,13,2,1,52.6,Advanced
user_34,course_23,cognitive,1,2,1,38.6,Advanced
user_34,course_23,cognitive,2,3,1,49.2,Advanced
user_34,course_23,cognitive,3,4,1,80.0,Advanced
user_34,course_23,cognitive,4,4,0,119.2,Advanced
user_34,course_23,cognitive,5,3,1,63.9,Advanced
user_34,course_23,cognitive,6,2,0,44.8,Advanced
user_34,course_23,cognitive,7,4,1,87.7,Advanced
user_34,course_23,cognitive,8,2,1,34.0,Advanced
user_34,course_23,cognitive,9,4,1,65.9,Advanced
user_34,course_23,cognitive,10,3,1,44.3,Advanced
user_34,course_23,cognitive,11,4,0,89.3,Advanced
user_34,course_23,cognitive,12,2,1,32.3,Advanced
user_34,course_23,cognitive,13,2,1,39.5,Advanced
user_34,course_23,cognitive,14,4,1,60.5,Advanced
user_34,course_23,cognitive,15,2,1,33.9,Advanced
user_34,course_28,cognitive,1,3,1,60.7,Advanced
user_34,course_28,cognitive,2,2,1,39.7,Advanced
user_34,course_28,cognitive,3,4,1,69.3,Advanced
user_34,course_28,cognitive,4,2,1,27.3,Advanced
user_34,course_28,cognitive,5,4,1,68.6,Advanced
user_34,course_28,cognitive,6,3,0,79.4,Advanced
user_34,course_28,cognitive,7,3,1,56.1,Advanced
user_34,course_28,cognitive,8,3,0,91.5,Advanced
user_34,course_28,cognitive,9,4,0,94.7,Advanced
user_34,course_28,cognitive,10,2,0,48.7,Advanced
user_34,course_28,cognitive,11,2,1,33.6,Advanced
user_34,course_28,cognitive,12,4,1,72.1,Advanced
user_34,course_28,cognitive,13,3,1,58.3,Advanced
user_34,course_28,cognitive,14,4,0,107.4,Advanced
user_34,course_28,cognitive,15,4,1,71.0,Advanced
user_34,course_32,cognitive,1,4,1,63.9,Advanced
user_34,course_32,cognitive,2,4,1,87.8,Advanced
user_34,course_32,cognitive,3,5,0,134.9,Advanced
user_34,course_32,cognitive,4,5,0,118.1,Advanced
user_34,course_32,cognitive,5,5,1,90.3,Advanced
user_34,course_32,cognitive,6,5,0,97.1,Advanced
user_34,course_32,cognitive,7,5,1,101.3,Advanced
user_34,course_32,cognitive,8,5,1,86.5,Advanced
user_34,course_32,cognitive,9,5,0,127.9,Advanced
user_34,course_32,cognitive,10,4,0,96.5,Advanced
user_34,course_32,cognitive,11,4,0,106.2,Advanced
user_34,course_32,cognitive,12,4,0,82.5,Advanced
user_34,course_1,cognitive,1,3,0,65.2,Advanced
user_34,course_1,cognitive,2,3,1,49.5,Advanced
user_34,course_1,cognitive,3,3,1,50.0,Advanced
user_34,course_1,cognitive,4,4,1,73.4,Advanced
user_34,course_1,cognitive,5,4,0,107.0,Advanced
user_34,course_1,cognitive,6,4,0,78.8,Advanced
user_34,course_1,cognitive,7,4,0,95.9,Advanced
user_34,course_1,cognitive,8,2,1,34.0,Advanced
user_34,course_1,cognitive,9,4,1,74.2,Advanced
user_34,course_1,cognitive,10,3,0,61.5,Advanced
user_34,course_1,cognitive,11,3,1,48.6,Advanced
user_34,course_6,cognitive,1,3,0,79.7,Advanced
user_34,course_6,cognitive,2,2,1,39.2,Advanced
user_34,course_6,cognitive,3,3,0,67.2,Advanced
user_34,course_6,cognitive,4,4,1,62.4,Advanced
user_34,course_6,cognitive,5,4,1,88.7,Advanced
user_34,course_6,cognitive,6,3,1,56.3,Advanced
user_34,course_6,cognitive,7,2,1,30.5,Advanced
user_34,course_6,cognitive,8,4,1,66.5,Advanced
user_34,course_6,cognitive,9,2,1,32.5,Advanced
user_34,course_6,cognitive,10,3,0,84.2,Advanced
user_34,course_9,cognitive,1,5,0,111.8,Advanced
user_34,course_9,cognitive,2,3,1,55.2,Advanced
user_34,course_9,cognitive,3,3,1,52.7,Advanced
user_34,course_9,cognitive,4,5,0,126.6,Advanced
user_34,course_9,cognitive,5,5,0,103.8,Advanced
user_34,course_9,cognitive,6,3,1,54.8,Advanced
user_34,course_9,cognitive,7,5,1,111.6,Advanced
user_34,course_9,cognitive,8,4,1,71.6,Advanced
user_34,course_9,cognitive,9,5,0,164.8,Advanced
user_34,course_9,cognitive,10,5,0,99.7,Advanced
user_34,course_9,cognitive,11,4,1,66.0,Advanced
user_34,course_9,cognitive,12,5,0,92.3,Advanced
user_34,course_33,cognitive,1,4,0,83.6,Advanced
user_34,course_33,cognitive,2,2,1,29.4,Advanced
user_34,course_33,cognitive,3,4,1,79.8,Advanced
user_34,course_33,cognitive,4,4,1,62.0,Advanced
user_34,course_33,cognitive,5,2,1,34.1,Advanced
user_34,course_33,cognitive,6,3,1,48.9,Advanced
user_34,course_33,cognitive,7,4,1,59.6,Advanced
user_34,course_33,cognitive,8,3,0,71.3,Advanced
user_34,course_33,cognitive,9,4,1,69.8,Advanced
user_34,course_33,cognitive,10,3,1,48.3,Advanced
user_34,course_33,cognitive,11,3,1,62.8,Advanced
user_35,course_35,visual,1,3,1,123.1,Advanced
user_35,course_35,visual,2,3,1,92.3,Advanced
user_35,course_35,visual,3,2,1,74.3,Advanced
user_35,course_35,visual,4,2,1,58.6,Advanced
user_35,course_35,visual,5,3,1,104.7,Advanced
user_35,course_35,visual,6,3,1,117.9,Advanced
user_35,course_35,visual,7,3,0,137.3,Advanced
user_35,course_35,visual,8,1,1,35.6,Advanced
user_35,course_35,visual,9,1,1,35.5,Advanced
user_35,course_35,visual,10,3,1,85.6,Advanced
user_35,course_21,visual,1,3,1,88.7,Advanced
user_35,course_21,visual,2,4,0,152.9,Advanced
user_35,course_21,visual,3,4,1,140.7,Advanced
user_35,course_21,visual,4,5,0,260.7,Advanced
user_35,course_21,visual,5,3,1,98.3,Advanced
user_35,course_21,visual,6,3,1,110.4,Advanced
user_35,course_21,visual,7,4,1,143.4,Advanced
user_35,course_21,visual,8,4,1,159.6,Advanced
user_35,course_21,visual,9,4,1,172.8,Advanced
user_35,course_21,visual,10,4,0,155.4,Advanced
user_35,course_21,visual,11,3,1,89.2,Advanced
user_35,course_21,visual,12,3,1,87.7,Advanced
user_35,course_21,visual,13,4,1,153.3,Advanced
user_35,course_21,visual,14,3,1,97.2,Advanced
user_35,course_21,visual,15,5,1,193.1,Advanced
user_35,course_5,visual,1,4,0,186.8,Advanced
user_35,course_5,visual,2,2,1,74.6,Advanced
user_35,course_5,visual,3,2,1,63.3,Advanced
user_35,course_5,visual,4,4,1,160.5,Advanced
user_35,course_5,visual,5,2,1,65.7,Advanced
user_35,course_5,visual,6,2,1,73.1,Advanced
user_35,course_5,visual,7,2,1,74.9,Advanced
user_35,course_5,visual,8,3,1,87.5,Advanced
user_35,course_5,visual,9,3,1,105.5,Advanced
user_35,course_5,visual,10,3,1,85.9,Advanced
user_35,course_5,visual,11,2,1,65.5,Advanced
user_35,course_5,visual,12,2,1,65.1,Advanced
user_35,course_5,visual,13,3,0,138.9,Advanced
user_35,course_5,visual,14,3,1,105.2,Advanced
user_35,course_5,visual,15,3,0,167.7,Advanced
user_35,course_28,visual,1,3,0,121.6,Advanced
user_35,course_28,visual,2,2,1,76.6,Advanced
user_35,course_28,visual,3,2,1,55.1,Advanced
user_35,course_28,visual,4,4,0,138.5,Advanced
user_35,course_28,visual,5,3,0,138.2,Advanced
user_35,course_28,visual,6,2,1,53.4,Advanced
user_35,course_28,visual,7,3,1,99.0,Advanced
user_35,course_28,visual,8,3,1,102.0,Advanced
user_35,course_28,visual,9,3,0,156.3,Advanced
user_35,course_28,visual,10,4,1,144.5,Advanced
user_35,course_28,visual,11,3,0,128.0,Advanced
user_35,course_28,visual,12,3,0,163.4,Advanced
user_35,course_37,visual,1,2,1,70.5,Advanced
user_35,course_37,visual,2,1,1,38.2,Advanced
user_35,course_37,visual,3,2,1,75.4,Advanced
user_35,course_37,visual,4,1,1,44.6,Advanced
user_35,course_37,visual,5,1,1,44.6,Advanced
user_35,course_37,visual,6,1,1,33.2,Advanced
user_35,course_37,visual,7,1,1,41.2,Advanced
user_35,course_37,visual,8,1,1,40.9,Advanced
user_35,course_37,visual,9,2,1,74.7,Advanced
user_35,course_37,visual,10,1,0,44.1,Advanced
user_35,course_37,visual,11,1,1,34.7,Advanced
user_35,course_37,visual,12,1,1,32.9,Advanced
user_35,course_2,visual,1,2,1,64.6,Advanced
user_35,course_2,visual,2,2,1,76.9,Advanced
user_35,course_2,visual,3,2,1,73.0,Advanced
user_35,course_2,visual,4,4,0,174.0,Advanced
user_35,course_2,visual,5,3,0,118.7,Advanced
user_35,course_2,visual,6,2,1,53.2,Advanced
user_35,course_2,visual,7,3,0,161.0,Advanced
user_35,course_2,visual,8,4,1,141.5,Advanced
user_35,course_2,visual,9,3,0,166.0,Advanced
user_35,course_2,visual,10,2,1,67.5,Advanced
user_35,course_2,visual,11,4,1,154.7,Advanced
user_35,course_2,visual,12,4,1,120.1,Advanced
user_35,course_2,visual,13,2,1,61.1,Advanced
user_35,course_2,visual,14,3,1,99.6,Advanced
user_35,course_3,visual,1,4,0,199.9,Advanced
user_35,course_3,visual,2,4,1,155.7,Advanced
user_35,course_3,visual,3,3,0,145.1,Advanced
user_35,course_3,visual,4,4,1,127.3,Advanced
user_35,course_3,visual,5,2,1,68.9,Advanced
user_35,course_3,visual,6,4,1,125.1,Advanced
user_35,course_3,visual,7,2,1,67.3,Advanced
user_35,course_3,visual,8,2,1,59.1,Advanced
user_35,course_3,visual,9,2,1,69.0,Advanced
user_35,course_3,visual,10,2,1,63.1,Advanced
user_35,course_3,visual,11,2,1,67.7,Advanced
user_35,course_3,visual,12,3,0,143.3,Advanced
user_35,course_3,visual,13,2,1,54.4,Advanced
user_35,course_3,visual,14,4,1,150.1,Advanced
user_35,course_14,visual,1,5,0,220.2,Advanced
user_35,course_14,visual,2,5,0,236.1,Advanced
user_35,course_14,visual,3,5,1,156.2,Advanced
user_35,course_14,visual,4,5,1,199.2,Advanced
user_35,course_14,visual,5,5,0,205.4,Advanced
user_35,course_14,visual,6,5,1,209.2,Advanced
user_35,course_14,visual,7,4,1,172.4,Advanced
user_35,course_14,visual,8,5,1,218.7,Advanced
user_35,course_14,visual,9,5,1,195.8,Advanced
user_35,course_14,visual,10,5,1,189.0,Advanced
user_35,course_14,visual,11,5,0,267.3,Advanced
user_35,course_14,visual,12,5,0,252.6,Advanced
user_36,course_24,motor,1,4,1,175.3,Beginner
user_36,course_24,motor,2,2,1,95.4,Beginner
user_36,course_24,motor,3,3,0,171.2,Beginner
user_36,course_24,motor,4,3,1,122.2,Beginner
user_36,course_24,motor,5,2,0,103.2,Beginner
user_36,course_24,motor,6,4,0,227.5,Beginner
user_36,course_24,motor,7,2,0,103.4,Beginner
user_36,course_24,motor,8,4,0,298.5,Beginner
user_36,course_24,motor,9,3,0,223.6,Beginner
user_36,course_24,motor,10,3,0,171.3,Beginner
user_36,course_24,motor,11,4,0,235.2,Beginner
user_36,course_32,motor,1,5,0,319.9,Beginner
user_36,course_32,motor,2,5,0,332.7,Beginner
user_36,course_32,motor,3,5,0,339.3,Beginner
user_36,course_32,motor,4,5,0,272.1,Beginner
user_36,course_32,motor,5,4,0,220.9,Beginner
user_36,course_32,motor,6,5,0,256.3,Beginner
user_36,course_32,motor,7,5,0,249.8,Beginner
user_36,course_32,motor,8,4,0,239.8,Beginner
user_36,course_32,motor,9,5,0,380.9,Beginner
user_36,course_32,motor,10,4,0,188.9,Beginner
user_36,course_32,motor,11,5,0,280.4,Beginner
user_36,course_32,motor,12,4,0,188.3,Beginner
user_36,course_32,motor,13,5,0,205.6,Beginner
user_36,course_32,motor,14,4,0,219.2,Beginner
user_36,course_32,motor,15,5,0,303.3,Beginner
user_36,course_13,motor,1,2,0,115.0,Beginner
user_36,course_13,motor,2,4,0,288.9,Beginner
user_36,course_13,motor,3,4,0,202.5,Beginner
user_36,course_13,motor,4,3,0,187.8,Beginner
user_36,course_13,motor,5,3,0,163.1,Beginner
user_36,course_13,motor,6,3,0,199.6,Beginner
user_36,course_13,motor,7,3,0,158.5,Beginner
user_36,course_13,motor,8,4,0,221.9,Beginner
user_36,course_13,motor,9,4,0,218.8,Beginner
user_36,course_13,motor,10,3,0,149.8,Beginner
user_36,course_44,motor,1,3,0,170.5,Beginner
user_36,course_44,motor,2,4,0,195.8,Beginner
user_36,course_44,motor,3,4,0,235.9,Beginner
user_36,course_44,motor,4,3,0,136.6,Beginner
user_36,course_44,motor,5,3,0,194.0,Beginner
user_36,course_44,motor,6,2,1,79.6,Beginner
user_36,course_44,motor,7,2,1,71.5,Beginner
user_36,course_44,motor,8,2,0,111.3,Beginner
user_36,course_44,motor,9,4,0,234.3,Beginner
user_36,course_44,motor,10,3,1,144.3,Beginner
user_36,course_44,motor,11,3,1,144.2,Beginner
user_36,course_44,motor,12,4,0,272.0,Beginner
user_36,course_44,motor,13,4,0,186.0,Beginner
user_36,course_7,motor,1,1,1,49.2,Beginner
user_36,course_7,motor,2,2,1,67.5,Beginner
user_36,course_7,motor,3,1,0,60.3,Beginner
user_36,course_7,motor,4,1,0,71.9,Beginner
user_36,course_7,motor,5,1,1,55.5,Beginner
user_36,course_7,motor,6,1,1,55.0,Beginner
user_36,course_7,motor,7,1,1,54.5,Beginner
user_36,course_7,motor,8,1,1,49.5,Beginner
user_36,course_7,motor,9,1,1,52.0,Beginner
user_36,course_7,motor,10,1,0,81.5,Beginner
user_36,course_7,motor,11,1,1,48.7,Beginner
user_36,course_7,motor,12,2,1,67.1,Beginner
user_36,course_7,motor,13,1,1,43.9,Beginner
user_36,course_7,motor,14,1,1,45.9,Beginner
user_36,course_7,motor,15,1,1,52.8,Beginner
user_36,course_30,motor,1,3,0,166.3,Beginner
user_36,course_30,motor,2,2,0,90.8,Beginner
user_36,course_30,motor,3,4,0,233.8,Beginner
user_36,course_30,motor,4,4,1,212.9,Beginner
user_36,course_30,motor,5,4,0,248.1,Beginner
user_36,course_30,motor,6,4,0,264.6,Beginner
user_36,course_30,motor,7,2,1,88.5,Beginner
user_36,course_30,motor,8,2,1,87.6,Beginner
user_36,course_30,motor,9,4,0,267.7,Beginner
user_36,course_30,motor,10,4,1,214.4,Beginner
user_36,course_20,motor,1,2,1,77.9,Beginner
user_36,course_20,motor,2,4,1,167.9,Beginner
user_36,course_20,motor,3,4,0,235.6,Beginner
user_36,course_20,motor,4,2,0,108.1,Beginner
user_36,course_20,motor,5,2,1,68.7,Beginner
user_36,course_20,motor,6,2,1,71.3,Beginner
user_36,course_20,motor,7,4,0,228.5,Beginner
user_36,course_20,motor,8,3,0,161.0,Beginner
user_36,course_20,motor,9,4,1,198.6,Beginner
user_36,course_20,motor,10,4,0,237.4,Beginner
user_36,course_20,motor,11,3,1,105.5,Beginner
user_36,course_20,motor,12,4,0,226.1,Beginner
user_36,course_20,motor,13,3,1,149.7,Beginner
user_37,course_8,visual,1,4,0,345.7,Beginner
user_37,course_8,visual,2,5,0,450.6,Beginner
user_37,course_8,visual,3,5,0,356.0,Beginner
user_37,course_8,visual,4,4,0,298.7,Beginner
user_37,course_8,visual,5,5,0,313.3,Beginner
user_37,course_8,visual,6,5,0,382.1,Beginner
user_37,course_8,visual,7,4,0,248.4,Beginner
user_37,course_8,visual,8,4,0,290.2,Beginner
user_37,course_8,visual,9,5,0,384.5,Beginner
user_37,course_8,visual,10,5,0,407.3,Beginner
user_37,course_8,visual,11,5,0,398.8,Beginner
user_37,course_8,visual,12,5,0,552.4,Beginner
user_37,course_8,visual,13,4,0,307.0,Beginner
user_37,course_8,visual,14,5,0,405.2,Beginner
user_37,course_8,visual,15,4,0,331.4,Beginner
user_37,course_37,visual,1,1,1,62.6,Beginner
user_37,course_37,visual,2,1,1,75.2,Beginner
user_37,course_37,visual,3,1,1,54.8,Beginner
user_37,course_37,visual,4,2,1,113.9,Beginner
user_37,course_37,visual,5,2,1,123.3,Beginner
user_37,course_37,visual,6,1,1,72.3,Beginner
user_37,course_37,visual,7,1,1,60.3,Beginner
user_37,course_37,visual,8,2,0,135.8,Beginner
user_37,course_37,visual,9,1,0,103.7,Beginner
user_37,course_37,visual,10,1,1,57.0,Beginner
user_37,course_37,visual,11,1,1,70.6,Beginner
user_37,course_37,visual,12,2,0,121.3,Beginner
user_37,course_37,visual,13,1,1,59.8,Beginner
user_37,course_37,visual,14,1,1,62.1,Beginner
user_37,course_0,visual,1,3,1,181.3,Beginner
user_37,course_0,visual,2,4,0,284.3,Beginner
user_37,course_0,visual,3,2,0,154.7,Beginner
user_37,course_0,visual,4,2,0,145.7,Beginner
user_37,course_0,visual,5,2,0,140.8,Beginner
user_37,course_0,visual,6,2,0,126.4,Beginner
user_37,course_0,visual,7,2,1,106.7,Beginner
user_37,course_0,visual,8,4,0,238.1,Beginner
user_37,course_0,visual,9,2,1,92.5,Beginner
user_37,course_0,visual,10,3,0,224.2,Beginner
user_37,course_0,visual,11,4,0,358.8,Beginner
user_37,course_0,visual,12,2,0,138.0,Beginner
user_37,course_0,visual,13,3,0,216.2,Beginner
user_37,course_0,visual,14,4,0,370.1,Beginner
user_37,course_0,visual,15,3,0,264.7,Beginner
user_37,course_45,visual,1,4,0,235.4,Beginner
user_37,course_45,visual,2,4,0,337.0,Beginner
user_37,course_45,visual,3,4,0,249.1,Beginner
user_37,course_45,visual,4,2,1,106.3,Beginner
user_37,course_45,visual,5,4,1,294.7,Beginner
user_37,course_45,visual,6,3,1,182.8,Beginner
user_37,course_45,visual,7,3,0,242.9,Beginner
user_37,course_45,visual,8,3,0,207.4,Beginner
user_37,course_45,visual,9,3,0,168.4,Beginner
user_37,course_45,visual,10,4,0,307.4,Beginner
user_37,course_45,visual,11,2,1,113.3,Beginner
user_37,course_45,visual,12,2,0,161.7,Beginner
user_37,course_10,visual,1,5,0,394.9,Beginner
user_37,course_10,visual,2,5,0,544.1,Beginner
user_37,course_10,visual,3,4,0,341.0,Beginner
user_37,course_10,visual,4,3,1,179.9,Beginner
user_37,course_10,visual,5,3,0,212.8,Beginner
user_37,course_10,visual,6,4,0,357.7,Beginner
user_37,course_10,visual,7,5,0,402.1,Beginner
user_37,course_10,visual,8,3,1,160.1,Beginner
user_37,course_10,visual,9,5,0,479.0,Beginner
user_37,course_10,visual,10,5,0,384.6,Beginner
user_37,course_10,visual,11,5,0,485.2,Beginner
user_38,course_30,motor,1,2,1,72.9,Intermediate
user_38,course_30,motor,2,2,0,77.5,Intermediate
user_38,course_30,motor,3,4,1,156.0,Intermediate
user_38,course_30,motor,4,2,1,66.5,Intermediate
user_38,course_30,motor,5,4,0,178.4,Intermediate
user_38,course_30,motor,6,4,0,217.7,Intermediate
user_38,course_30,motor,7,2,1,66.8,Intermediate
user_38,course_30,motor,8,4,1,119.5,Intermediate
user_38,course_30,motor,9,3,0,144.6,Intermediate
user_38,course_30,motor,10,3,1,114.4,Intermediate
user_38,course_30,motor,11,3,1,85.9,Intermediate
user_38,course_30,motor,12,3,1,88.6,Intermediate
user_38,course_30,motor,13,4,1,149.5,Intermediate
user_38,course_30,motor,14,3,1,100.7,Intermediate
user_38,course_34,motor,1,5,1,163.6,Intermediate
user_38,course_34,motor,2,4,0,155.8,Intermediate
user_38,course_34,motor,3,5,0,250.9,Intermediate
user_38,course_34,motor,4,5,0,244.3,Intermediate
user_38,course_34,motor,5,4,1,145.1,Intermediate
user_38,course_34,motor,6,5,1,199.6,Intermediate
user_38,course_34,motor,7,4,0,176.2,Intermediate
user_38,course_34,motor,8,5,0,228.8,Intermediate
user_38,course_34,motor,9,4,0,189.0,Intermediate
user_38,course_34,motor,10,5,0,189.6,Intermediate
user_38,course_34,motor,11,4,1,145.2,Intermediate
user_38,course_34,motor,12,4,0,189.3,Intermediate
user_38,course_34,motor,13,4,0,192.7,Intermediate
user_38,course_34,motor,14,5,0,209.2,Intermediate
user_38,course_47,motor,1,4,1,120.2,Intermediate
user_38,course_47,motor,2,4,0,162.1,Intermediate
user_38,course_47,motor,3,2,1,52.7,Intermediate
user_38,course_47,motor,4,2,1,67.4,Intermediate
user_38,course_47,motor,5,2,1,52.4,Intermediate
user_38,course_47,motor,6,2,1,55.3,Intermediate
user_38,course_47,motor,7,2,1,56.3,Intermediate
user_38,course_47,motor,8,2,1,51.0,Intermediate
user_38,course_47,motor,9,2,1,64.3,Intermediate
user_38,course_47,motor,10,2,0,65.7,Intermediate
user_39,course_5,visual,1,3,1,156.2,Intermediate
user_39,course_5,visual,2,2,1,98.4,Intermediate
user_39,course_5,visual,3,4,0,274.7,Intermediate
user_39,course_5,visual,4,4,1,185.3,Intermediate
user_39,course_5,visual,5,2,1,91.8,Intermediate
user_39,course_5,visual,6,2,1,92.6,Intermediate
user_39,course_5,visual,7,3,1,153.2,Intermediate
user_39,course_5,visual,8,3,0,150.4,Intermediate
user_39,course_5,visual,9,4,1,165.9,Intermediate
user_39,course_5,visual,10,2,1,89.6,Intermediate
user_39,course_5,visual,11,3,0,154.6,Intermediate
user_39,course_5,visual,12,3,1,113.9,Intermediate
user_39,course_5,visual,13,2,1,80.0,Intermediate
user_39,course_5,visual,14,3,0,162.0,Intermediate
user_39,course_16,visual,1,2,1,84.6,Intermediate
user_39,course_16,visual,2,4,0,246.6,Intermediate
user_39,course_16,visual,3,3,1,166.0,Intermediate
user_39,course_16,visual,4,4,0,314.5,Intermediate
user_39,course_16,visual,5,4,0,201.0,Intermediate
user_39,course_16,visual,6,3,0,218.9,Intermediate
user_39,course_16,visual,7,2,1,93.8,Intermediate
user_39,course_16,visual,8,2,1,70.8,Intermediate
user_39,course_16,visual,9,4,0,285.3,Intermediate
user_39,course_16,visual,10,3,0,215.7,Intermediate
user_39,course_16,visual,11,3,1,130.4,Intermediate
user_39,course_16,visual,12,2,1,96.4,Intermediate
user_39,course_16,visual,13,3,1,164.6,Intermediate
user_39,course_30,visual,1,2,1,101.8,Intermediate
user_39,course_30,visual,2,2,0,122.8,Intermediate
user_39,course_30,visual,3,3,1,144.4,Intermediate
user_39,course_30,visual,4,3,0,232.4,Intermediate
user_39,course_30,visual,5,2,1,78.0,Intermediate
user_39,course_30,visual,6,4,0,269.2,Intermediate
user_39,course_30,visual,7,2,1,100.6,Intermediate
user_39,course_30,visual,8,2,1,77.0,Intermediate
user_39,course_30,visual,9,2,1,78.9,Intermediate
user_39,course_30,visual,10,2,1,102.0,Intermediate
user_39,course_30,visual,11,3,1,140.7,Intermediate
user_39,course_30,visual,12,3,1,131.8,Intermediate
user_39,course_30,visual,13,3,1,131.6,Intermediate
user_39,course_30,visual,14,3,0,222.1,Intermediate
user_39,course_30,visual,15,4,0,254.1,Intermediate
user_40,course_7,motor,1,2,1,75.8,Beginner
user_40,course_7,motor,2,1,0,80.1,Beginner
user_40,course_7,motor,3,1,1,51.6,Beginner
user_40,course_7,motor,4,1,0,79.5,Beginner
user_40,course_7,motor,5,2,1,85.3,Beginner
user_40,course_7,motor,6,1,1,47.4,Beginner
user_40,course_7,motor,7,1,1,42.5,Beginner
user_40,course_7,motor,8,2,0,98.1,Beginner
user_40,course_7,motor,9,2,0,101.6,Beginner
user_40,course_7,motor,10,2,0,106.9,Beginner
user_40,course_7,motor,11,1,0,62.4,Beginner
user_40,course_7,motor,12,2,1,90.0,Beginner
user_40,course_7,motor,13,1,1,57.0,Beginner
user_40,course_7,motor,14,1,1,49.9,Beginner
user_40,course_11,motor,1,5,0,229.9,Beginner
user_40,course_11,motor,2,5,0,318.8,Beginner
user_40,course_11,motor,3,3,0,145.0,Beginner
user_40,course_11,motor,4,4,0,254.7,Beginner
user_40,course_11,motor,5,3,0,153.5,Beginner
user_40,course_11,motor,6,4,0,220.0,Beginner
user_40,course_11,motor,7,4,0,289.7,Beginner
user_40,course_11,motor,8,5,0,341.3,Beginner
user_40,course_11,motor,9,4,0,207.8,Beginner
user_40,course_11,motor,10,4,0,239.1,Beginner
user_40,course_11,motor,11,4,1,167.9,Beginner
user_40,course_11,motor,12,5,0,232.4,Beginner
user_40,course_42,motor,1,4,1,150.7,Beginner
user_40,course_42,motor,2,5,0,323.5,Beginner
user_40,course_42,motor,3,4,0,205.2,Beginner
user_40,course_42,motor,4,3,1,112.7,Beginner
user_40,course_42,motor,5,5,0,317.5,Beginner
user_40,course_42,motor,6,4,0,224.7,Beginner
user_40,course_42,motor,7,5,0,240.3,Beginner
user_40,course_42,motor,8,5,0,265.1,Beginner
user_40,course_42,motor,9,4,0,213.1,Beginner
user_40,course_42,motor,10,3,0,129.6,Beginner
user_40,course_39,motor,1,3,1,146.7,Beginner
user_40,course_39,motor,2,2,0,116.8,Beginner
user_40,course_39,motor,3,3,1,109.6,Beginner
user_40,course_39,motor,4,3,0,116.9,Beginner
user_40,course_39,motor,5,2,0,92.1,Beginner
user_40,course_39,motor,6,3,1,128.4,Beginner
user_40,course_39,motor,7,3,0,134.4,Beginner
user_40,course_39,motor,8,2,1,92.9,Beginner
user_40,course_39,motor,9,1,0,53.2,Beginner
user_40,course_39,motor,10,1,1,46.1,Beginner
user_40,course_39,motor,11,3,0,190.4,Beginner
user_40,course_39,motor,12,3,0,165.6,Beginner
user_40,course_39,motor,13,3,0,160.5,Beginner
user_40,course_39,motor,14,2,1,65.7,Beginner
user_40,course_39,motor,15,1,1,43.7,Beginner
user_41,course_43,cognitive,1,3,1,74.0,Intermediate
user_41,course_43,cognitive,2,1,0,37.3,Intermediate
user_41,course_43,cognitive,3,1,1,24.7,Intermediate
user_41,course_43,cognitive,4,2,1,53.4,Intermediate
user_41,course_43,cognitive,5,1,1,28.4,Intermediate
user_41,course_43,cognitive,6,2,1,50.2,Intermediate
user_41,course_43,cognitive,7,1,1,25.7,Intermediate
user_41,course_43,cognitive,8,1,1,30.9,Intermediate
user_41,course_43,cognitive,9,3,1,85.5,Intermediate
user_41,course_43,cognitive,10,3,1,69.7,Intermediate
user_41,course_43,cognitive,11,1,1,27.5,Intermediate
user_41,course_43,cognitive,12,1,1,25.2,Intermediate
user_41,course_43,cognitive,13,3,1,85.4,Intermediate
user_41,course_43,cognitive,14,2,1,53.7,Intermediate
user_41,course_43,cognitive,15,2,1,40.6,Intermediate
user_41,course_28,cognitive,1,3,0,88.0,Intermediate
user_41,course_28,cognitive,2,3,1,82.8,Intermediate
user_41,course_28,cognitive,3,4,1,91.2,Intermediate
user_41,course_28,cognitive,4,2,1,52.7,Intermediate
user_41,course_28,cognitive,5,4,0,119.4,Intermediate
user_41,course_28,cognitive,6,3,0,107.6,Intermediate
user_41,course_28,cognitive,7,3,1,84.2,Intermediate
user_41,course_28,cognitive,8,3,1,59.0,Intermediate
user_41,course_28,cognitive,9,2,1,43.7,Intermediate
user_41,course_28,cognitive,10,3,0,101.5,Intermediate
user_41,course_28,cognitive,11,2,1,37.9,Intermediate
user_41,course_28,cognitive,12,2,1,53.2,Intermediate
user_41,course_28,cognitive,13,3,1,72.6,Intermediate
user_41,course_28,cognitive,14,3,0,90.2,Intermediate
user_41,course_44,cognitive,1,4,0,112.4,Intermediate
user_41,course_44,cognitive,2,3,0,119.0,Intermediate
user_41,course_44,cognitive,3,4,1,82.3,Intermediate
user_41,course_44,cognitive,4,2,1,52.3,Intermediate
user_41,course_44,cognitive,5,4,0,144.2,Intermediate
user_41,course_44,cognitive,6,2,0,50.6,Intermediate
user_41,course_44,cognitive,7,4,0,108.9,Intermediate
user_41,course_44,cognitive,8,2,1,46.0,Intermediate
user_41,course_44,cognitive,9,2,1,43.6,Intermediate
user_41,course_44,cognitive,10,3,1,64.6,Intermediate
user_41,course_44,cognitive,11,3,0,89.6,Intermediate
user_41,course_44,cognitive,12,3,0,80.1,Intermediate
user_41,course_44,cognitive,13,3,1,61.8,Intermediate
user_41,course_44,cognitive,14,2,1,43.5,Intermediate
user_41,course_11,cognitive,1,5,0,148.8,Intermediate
user_41,course_11,cognitive,2,4,0,168.7,Intermediate
user_41,course_11,cognitive,3,4,0,128.9,Intermediate
user_41,course_11,cognitive,4,3,0,92.8,Intermediate
user_41,course_11,cognitive,5,3,1,80.2,Intermediate
user_41,course_11,cognitive,6,4,0,126.2,Intermediate
user_41,course_11,cognitive,7,4,0,168.4,Intermediate
user_41,course_11,cognitive,8,3,1,70.5,Intermediate
user_41,course_11,cognitive,9,4,1,111.2,Intermediate
user_41,course_11,cognitive,10,3,1,83.6,Intermediate
user_41,course_11,cognitive,11,3,1,61.4,Intermediate
user_41,course_11,cognitive,12,5,0,148.4,Intermediate
user_41,course_11,cognitive,13,4,0,126.6,Intermediate
user_41,course_5,cognitive,1,3,0,92.1,Intermediate
user_41,course_5,cognitive,2,3,1,66.5,Intermediate
user_41,course_5,cognitive,3,4,0,138.0,Intermediate
user_41,course_5,cognitive,4,3,0,99.3,Intermediate
user_41,course_5,cognitive,5,2,0,58.0,Intermediate
user_41,course_5,cognitive,6,2,0,47.4,Intermediate
user_41,course_5,cognitive,7,3,1,62.7,Intermediate
user_41,course_5,cognitive,8,2,1,50.1,Intermediate
user_41,course_5,cognitive,9,2,1,41.3,Intermediate
user_41,course_5,cognitive,10,2,1,37.5,Intermediate
user_41,course_5,cognitive,11,4,0,118.4,Intermediate
user_42,course_48,hearing,1,4,0,105.2,Beginner
user_42,course_48,hearing,2,4,0,161.2,Beginner
user_42,course_48,hearing,3,5,0,152.3,Beginner
user_42,course_48,hearing,4,5,0,158.2,Beginner
user_42,course_48,hearing,5,5,0,148.1,Beginner
user_42,course_48,hearing,6,5,0,145.5,Beginner
user_42,course_48,hearing,7,4,0,141.9,Beginner
user_42,course_48,hearing,8,5,0,133.7,Beginner
user_42,course_48,hearing,9,5,0,133.1,Beginner
user_42,course_48,hearing,10,5,1,105.8,Beginner
user_42,course_48,hearing,11,4,0,114.0,Beginner
user_42,course_48,hearing,12,5,0,117.4,Beginner
user_42,course_48,hearing,13,4,0,106.0,Beginner
user_42,course_48,hearing,14,5,0,147.7,Beginner
user_42,course_48,hearing,15,5,0,120.1,Beginner
user_42,course_18,hearing,1,3,1,73.0,Beginner
user_42,course_18,hearing,2,4,0,126.4,Beginner
user_42,course_18,hearing,3,3,0,94.7,Beginner
user_42,course_18,hearing,4,3,0,65.3,Beginner
user_42,course_18,hearing,5,3,0,74.6,Beginner
user_42,course_18,hearing,6,2,0,48.6,Beginner
user_42,course_18,hearing,7,4,0,126.9,Beginner
user_42,course_18,hearing,8,2,1,35.3,Beginner
user_42,course_18,hearing,9,2,1,47.6,Beginner
user_42,course_18,hearing,10,4,1,80.7,Beginner
user_42,course_36,hearing,1,3,1,71.9,Beginner
user_42,course_36,hearing,2,3,0,71.2,Beginner
user_42,course_36,hearing,3,5,0,129.6,Beginner
user_42,course_36,hearing,4,5,0,129.9,Beginner
user_42,course_36,hearing,5,4,1,95.6,Beginner
user_42,course_36,hearing,6,4,1,110.0,Beginner
user_42,course_36,hearing,7,4,0,145.8,Beginner
user_42,course_36,hearing,8,3,0,78.5,Beginner
user_42,course_36,hearing,9,4,0,104.6,Beginner
user_42,course_36,hearing,10,3,1,66.2,Beginner
user_42,course_46,hearing,1,4,0,98.6,Beginner
user_42,course_46,hearing,2,5,0,139.9,Beginner
user_42,course_46,hearing,3,3,1,56.1,Beginner
user_42,course_46,hearing,4,4,0,133.9,Beginner
user_42,course_46,hearing,5,5,0,160.1,Beginner
user_42,course_46,hearing,6,3,0,93.1,Beginner
user_42,course_46,hearing,7,4,1,95.3,Beginner
user_42,course_46,hearing,8,4,0,147.7,Beginner
user_42,course_46,hearing,9,5,0,177.6,Beginner
user_42,course_46,hearing,10,4,0,136.5,Beginner
user_42,course_46,hearing,11,5,0,180.7,Beginner
user_42,course_46,hearing,12,3,0,83.7,Beginner
user_42,course_46,hearing,13,3,0,62.9,Beginner
user_42,course_16,hearing,1,4,0,123.3,Beginner
user_42,course_16,hearing,2,3,1,68.3,Beginner
user_42,course_16,hearing,3,3,0,78.6,Beginner
user_42,course_16,hearing,4,3,0,98.1,Beginner
user_42,course_16,hearing,5,4,0,113.3,Beginner
user_42,course_16,hearing,6,3,0,102.7,Beginner
user_42,course_16,hearing,7,3,1,78.2,Beginner
user_42,course_16,hearing,8,4,0,132.8,Beginner
user_42,course_16,hearing,9,4,0,137.3,Beginner
user_42,course_16,hearing,10,2,0,50.3,Beginner
user_42,course_16,hearing,11,3,0,105.2,Beginner
user_42,course_16,hearing,12,2,0,55.9,Beginner
user_42,course_16,hearing,13,2,0,42.1,Beginner
user_43,course_2,motor,1,2,0,55.3,Advanced
user_43,course_2,motor,2,4,1,112.5,Advanced
user_43,course_2,motor,3,3,1,68.6,Advanced
user_43,course_2,motor,4,3,1,86.9,Advanced
user_43,course_2,motor,5,3,1,88.5,Advanced
user_43,course_2,motor,6,4,1,121.7,Advanced
user_43,course_2,motor,7,3,1,75.3,Advanced
user_43,course_2,motor,8,3,1,85.5,Advanced
user_43,course_2,motor,9,2,1,46.0,Advanced
user_43,course_2,motor,10,4,0,110.4,Advanced
user_43,course_31,motor,1,2,1,44.3,Advanced
user_43,course_31,motor,2,2,1,52.2,Advanced
user_43,course_31,motor,3,2,1,44.9,Advanced
user_43,course_31,motor,4,2,1,41.8,Advanced
user_43,course_31,motor,5,1,1,22.7,Advanced
user_43,course_31,motor,6,2,1,47.2,Advanced
user_43,course_31,motor,7,1,1,26.1,Advanced
user_43,course_31,motor,8,1,1,31.0,Advanced
user_43,course_31,motor,9,1,1,30.9,Advanced
user_43,course_31,motor,10,1,1,24.6,Advanced
user_43,course_31,motor,11,1,1,30.4,Advanced
user_43,course_13,motor,1,2,1,49.3,Advanced
user_43,course_13,motor,2,2,1,55.3,Advanced
user_43,course_13,motor,3,3,1,74.2,Advanced
user_43,course_13,motor,4,3,1,60.1,Advanced
user_43,course_13,motor,5,4,1,82.7,Advanced
user_43,course_13,motor,6,4,0,117.4,Advanced
user_43,course_13,motor,7,3,0,113.8,Advanced
user_43,course_13,motor,8,4,1,110.1,Advanced
user_43,course_13,motor,9,3,1,60.3,Advanced
user_43,course_13,motor,10,2,1,47.0,Advanced
user_43,course_13,motor,11,2,1,52.9,Advanced
user_43,course_13,motor,12,4,0,129.9,Advanced
user_43,course_13,motor,13,3,1,82.9,Advanced
user_43,course_13,motor,14,2,1,45.2,Advanced
user_43,course_14,motor,1,5,0,147.7,Advanced
user_43,course_14,motor,2,5,1,145.8,Advanced
user_43,course_14,motor,3,5,0,152.0,Advanced
user_43,course_14,motor,4,5,0,187.0,Advanced
user_43,course_14,motor,5,5,1,142.9,Advanced
user_43,course_14,motor,6,5,0,174.1,Advanced
user_43,course_14,motor,7,5,0,179.3,Advanced
user_43,course_14,motor,8,4,0,150.0,Advanced
user_43,course_14,motor,9,5,1,108.1,Advanced
user_43,course_14,motor,10,4,1,103.4,Advanced
user_43,course_14,motor,11,5,1,134.8,Advanced
user_43,course_14,motor,12,5,0,193.3,Advanced
user_43,course_35,motor,1,2,1,47.8,Advanced
user_43,course_35,motor,2,2,1,48.5,Advanced
user_43,course_35,motor,3,2,1,55.9,Advanced
user_43,course_35,motor,4,3,1,71.2,Advanced
user_43,course_35,motor,5,1,1,27.6,Advanced
user_43,course_35,motor,6,1,1,30.5,Advanced
user_43,course_35,motor,7,3,1,72.3,Advanced
user_43,course_35,motor,8,1,1,30.1,Advanced
user_43,course_35,motor,9,2,1,55.7,Advanced
user_43,course_35,motor,10,3,1,79.4,Advanced
user_43,course_0,motor,1,3,1,90.0,Advanced
user_43,course_0,motor,2,4,1,120.0,Advanced
user_43,course_0,motor,3,2,1,53.1,Advanced
user_43,course_0,motor,4,4,1,121.0,Advanced
user_43,course_0,motor,5,4,1,105.4,Advanced
user_43,course_0,motor,6,3,1,75.4,Advanced
user_43,course_0,motor,7,4,1,94.2,Advanced
user_43,course_0,motor,8,3,1,67.7,Advanced
user_43,course_0,motor,9,2,1,53.1,Advanced
user_43,course_0,motor,10,3,1,75.9,Advanced
user_43,course_0,motor,11,2,1,41.5,Advanced
user_43,course_33,motor,1,4,1,103.7,Advanced
user_43,course_33,motor,2,2,1,52.4,Advanced
user_43,course_33,motor,3,3,1,64.8,Advanced
user_43,course_33,motor,4,4,1,117.2,Advanced
user_43,course_33,motor,5,4,1,100.4,Advanced
user_43,course_33,motor,6,2,1,53.6,Advanced
user_43,course_33,motor,7,3,1,62.4,Advanced
user_43,course_33,motor,8,3,1,89.1,Advanced
user_43,course_33,motor,9,3,1,60.8,Advanced
user_43,course_33,motor,10,2,1,39.5,Advanced
user_43,course_33,motor,11,4,1,106.3,Advanced
user_43,course_33,motor,12,4,1,83.8,Advanced
user_43,course_3,motor,1,4,1,122.5,Advanced
user_43,course_3,motor,2,3,0,71.7,Advanced
user_43,course_3,motor,3,2,1,49.9,Advanced
user_43,course_3,motor,4,4,0,178.2,Advanced
user_43,course_3,motor,5,4,1,120.8,Advanced
user_43,course_3,motor,6,4,0,115.6,Advanced
user_43,course_3,motor,7,2,1,38.1,Advanced
user_43,course_3,motor,8,4,0,140.6,Advanced
user_43,course_3,motor,9,3,0,98.0,Advanced
user_43,course_3,motor,10,2,1,44.1,Advanced
user_43,course_3,motor,11,3,1,65.2,Advanced
user_43,course_3,motor,12,3,1,79.7,Advanced
user_44,course_12,cognitive,1,2,1,59.5,Beginner
user_44,course_12,cognitive,2,1,1,40.4,Beginner
user_44,course_12,cognitive,3,2,0,59.6,Beginner
user_44,course_12,cognitive,4,1,0,48.5,Beginner
user_44,course_12,cognitive,5,2,1,51.3,Beginner
user_44,course_12,cognitive,6,1,1,40.7,Beginner
user_44,course_12,cognitive,7,2,1,68.0,Beginner
user_44,course_12,cognitive,8,2,1,60.1,Beginner
user_44,course_12,cognitive,9,1,1,29.4,Beginner
user_44,course_12,cognitive,10,2,1,53.2,Beginner
user_44,course_12,cognitive,11,2,1,56.6,Beginner
user_44,course_12,cognitive,12,1,1,31.8,Beginner
user_44,course_1,cognitive,1,4,0,169.2,Beginner
user_44,course_1,cognitive,2,2,0,79.2,Beginner
user_44,course_1,cognitive,3,2,1,56.3,Beginner
user_44,course_1,cognitive,4,2,1,49.9,Beginner
user_44,course_1,cognitive,5,2,0,70.0,Beginner
user_44,course_1,cognitive,6,3,0,119.7,Beginner
user_44,course_1,cognitive,7,2,0,76.0,Beginner
user_44,course_1,cognitive,8,3,1,99.3,Beginner
user_44,course_1,cognitive,9,3,1,87.4,Beginner
user_44,course_1,cognitive,10,3,1,95.5,Beginner
user_44,course_1,cognitive,11,2,0,59.7,Beginner
user_44,course_1,cognitive,12,3,0,105.4,Beginner
user_44,course_1,cognitive,13,4,1,145.1,Beginner
user_44,course_1,cognitive,14,4,0,168.8,Beginner
user_44,course_1,cognitive,15,4,0,183.6,Beginner
user_44,course_10,cognitive,1,5,0,271.2,Beginner
user_44,course_10,cognitive,2,3,0,112.5,Beginner
user_44,course_10,cognitive,3,4,0,214.3,Beginner
user_44,course_10,cognitive,4,4,1,105.3,Beginner
user_44,course_10,cognitive,5,5,0,192.1,Beginner
user_44,course_10,cognitive,6,5,0,210.7,Beginner
user_44,course_10,cognitive,7,5,0,177.3,Beginner
user_44,course_10,cognitive,8,3,1,105.4,Beginner
user_44,course_10,cognitive,9,3,0,128.0,Beginner
user_44,course_10,cognitive,10,3,1,88.8,Beginner
user_44,course_10,cognitive,11,5,1,178.4,Beginner
user_44,course_10,cognitive,12,4,0,188.6,Beginner
user_44,course_44,cognitive,1,3,0,154.2,Beginner
user_44,course_44,cognitive,2,3,0,100.7,Beginner
user_44,course_44,cognitive,3,4,0,178.7,Beginner
user_44,course_44,cognitive,4,3,0,123.1,Beginner
user_44,course_44,cognitive,5,2,0,58.6,Beginner
user_44,course_44,cognitive,6,4,0,150.1,Beginner
user_44,course_44,cognitive,7,4,0,184.6,Beginner
user_44,course_44,cognitive,8,4,0,147.9,Beginner
user_44,course_44,cognitive,9,2,1,60.4,Beginner
user_44,course_44,cognitive,10,3,0,122.5,Beginner
user_45,course_2,cognitive,1,3,0,77.4,Intermediate
user_45,course_2,cognitive,2,2,1,52.4,Intermediate
user_45,course_2,cognitive,3,3,1,78.1,Intermediate
user_45,course_2,cognitive,4,3,1,81.6,Intermediate
user_45,course_2,cognitive,5,2,1,43.8,Intermediate
user_45,course_2,cognitive,6,2,1,52.8,Intermediate
user_45,course_2,cognitive,7,4,1,95.1,Intermediate
user_45,course_2,cognitive,8,3,1,77.7,Intermediate
user_45,course_2,cognitive,9,4,0,160.9,Intermediate
user_45,course_2,cognitive,10,2,1,43.1,Intermediate
user_45,course_34,cognitive,1,4,0,145.3,Intermediate
user_45,course_34,cognitive,2,5,0,190.1,Intermediate
user_45,course_34,cognitive,3,5,0,139.7,Intermediate
user_45,course_34,cognitive,4,4,1,96.1,Intermediate
user_45,course_34,cognitive,5,5,0,183.2,Intermediate
user_45,course_34,cognitive,6,5,0,185.5,Intermediate
user_45,course_34,cognitive,7,5,0,134.3,Intermediate
user_45,course_34,cognitive,8,5,0,133.0,Intermediate
user_45,course_34,cognitive,9,4,1,80.5,Intermediate
user_45,course_34,cognitive,10,4,0,110.1,Intermediate
user_45,course_34,cognitive,11,5,0,163.4,Intermediate
user_45,course_34,cognitive,12,5,0,195.5,Intermediate
user_45,course_47,cognitive,1,2,1,36.8,Intermediate
user_45,course_47,cognitive,2,4,0,95.9,Intermediate
user_45,course_47,cognitive,3,3,0,91.5,Intermediate
user_45,course_47,cognitive,4,3,1,75.3,Intermediate
user_45,course_47,cognitive,5,3,1,78.0,Intermediate
user_45,course_47,cognitive,6,3,0,82.6,Intermediate
user_45,course_47,cognitive,7,3,1,57.9,Intermediate
user_45,course_47,cognitive,8,2,0,53.1,Intermediate
user_45,course_47,cognitive,9,3,1,63.3,Intermediate
user_45,course_47,cognitive,10,3,0,89.3,Intermediate
user_45,course_47,cognitive,11,2,0,56.4,Intermediate
user_45,course_47,cognitive,12,2,0,57.7,Intermediate
user_45,course_48,cognitive,1,5,0,185.2,Intermediate
user_45,course_48,cognitive,2,5,1,133.1,Intermediate
user_45,course_48,cognitive,3,5,0,149.5,Intermediate
user_45,course_48,cognitive,4,4,0,118.5,Intermediate
user_45,course_48,cognitive,5,5,0,160.6,Intermediate
user_45,course_48,cognitive,6,4,1,114.3,Intermediate
user_45,course_48,cognitive,7,4,1,99.1,Intermediate
user_45,course_48,cognitive,8,5,0,168.8,Intermediate
user_45,course_48,cognitive,9,5,0,182.2,Intermediate
user_45,course_48,cognitive,10,5,0,219.9,Intermediate
user_45,course_48,cognitive,11,5,0,183.8,Intermediate
user_45,course_27,cognitive,1,1,0,36.2,Intermediate
user_45,course_27,cognitive,2,3,1,84.2,Intermediate
user_45,course_27,cognitive,3,3,1,58.7,Intermediate
user_45,course_27,cognitive,4,2,1,49.7,Intermediate
user_45,course_27,cognitive,5,2,1,52.9,Intermediate
user_45,course_27,cognitive,6,2,1,53.7,Intermediate
user_45,course_27,cognitive,7,1,1,24.0,Intermediate
user_45,course_27,cognitive,8,2,1,43.8,Intermediate
user_45,course_27,cognitive,9,1,1,31.1,Intermediate
user_45,course_27,cognitive,10,2,1,43.7,Intermediate
user_45,course_27,cognitive,11,1,1,21.8,Intermediate
user_45,course_36,cognitive,1,3,1,66.6,Intermediate
user_45,course_36,cognitive,2,3,0,103.7,Intermediate
user_45,course_36,cognitive,3,5,0,184.6,Intermediate
user_45,course_36,cognitive,4,4,0,131.5,Intermediate
user_45,course_36,cognitive,5,5,0,185.9,Intermediate
user_45,course_36,cognitive,6,5,0,177.2,Intermediate
user_45,course_36,cognitive,7,5,0,153.1,Intermediate
user_45,course_36,cognitive,8,5,0,171.5,Intermediate
user_45,course_36,cognitive,9,4,1,83.1,Intermediate
user_45,course_36,cognitive,10,3,1,77.3,Intermediate
user_45,course_36,cognitive,11,3,1,79.4,Intermediate
user_45,course_41,cognitive,1,3,0,102.0,Intermediate
user_45,course_41,cognitive,2,2,0,47.1,Intermediate
user_45,course_41,cognitive,3,3,1,71.3,Intermediate
user_45,course_41,cognitive,4,1,0,39.1,Intermediate
user_45,course_41,cognitive,5,2,0,53.3,Intermediate
user_45,course_41,cognitive,6,2,1,41.3,Intermediate
user_45,course_41,cognitive,7,3,1,85.2,Intermediate
user_45,course_41,cognitive,8,1,1,30.6,Intermediate
user_45,course_41,cognitive,9,1,1,29.8,Intermediate
user_45,course_41,cognitive,10,3,0,88.3,Intermediate
user_45,course_41,cognitive,11,3,1,70.0,Intermediate
user_45,course_41,cognitive,12,2,1,43.6,Intermediate
user_45,course_41,cognitive,13,2,1,46.1,Intermediate
user_45,course_41,cognitive,14,1,1,22.5,Intermediate
user_45,course_6,cognitive,1,2,1,52.8,Intermediate
user_45,course_6,cognitive,2,2,1,48.4,Intermediate
user_45,course_6,cognitive,3,3,0,71.7,Intermediate
user_45,course_6,cognitive,4,2,0,52.7,Intermediate
user_45,course_6,cognitive,5,2,0,65.5,Intermediate
user_45,course_6,cognitive,6,2,1,43.0,Intermediate
user_45,course_6,cognitive,7,3,1,73.2,Intermediate
user_45,course_6,cognitive,8,4,0,122.3,Intermediate
user_45,course_6,cognitive,9,2,1,48.4,Intermediate
user_45,course_6,cognitive,10,2,1,50.2,Intermediate
user_46,course_36,visual,1,5,0,467.0,Beginner
user_46,course_36,visual,2,5,0,411.2,Beginner
user_46,course_36,visual,3,5,0,406.3,Beginner
user_46,course_36,visual,4,3,0,283.6,Beginner
user_46,course_36,visual,5,5,0,486.3,Beginner
user_46,course_36,visual,6,5,0,354.1,Beginner
user_46,course_36,visual,7,5,0,334.0,Beginner
user_46,course_36,visual,8,5,0,410.4,Beginner
user_46,course_36,visual,9,5,0,432.4,Beginner
user_46,course_36,visual,10,4,0,266.9,Beginner
user_46,course_36,visual,11,5,1,370.0,Beginner
user_46,course_36,visual,12,4,0,393.5,Beginner
user_46,course_36,visual,13,4,0,263.4,Beginner
user_46,course_36,visual,14,5,0,460.1,Beginner
user_46,course_23,visual,1,3,1,202.7,Beginner
user_46,course_23,visual,2,2,0,138.6,Beginner
user_46,course_23,visual,3,2,0,162.4,Beginner
user_46,course_23,visual,4,2,0,160.0,Beginner
user_46,course_23,visual,5,4,0,415.6,Beginner
user_46,course_23,visual,6,2,0,181.0,Beginner
user_46,course_23,visual,7,4,1,238.8,Beginner
user_46,course_23,visual,8,3,0,291.9,Beginner
user_46,course_23,visual,9,4,0,339.8,Beginner
user_46,course_23,visual,10,4,0,295.2,Beginner
user_46,course_23,visual,11,4,1,279.4,Beginner
user_46,course_23,visual,12,3,1,150.8,Beginner
user_46,course_23,visual,13,4,0,315.3,Beginner
user_46,course_49,visual,1,3,1,156.2,Beginner
user_46,course_49,visual,2,3,1,173.3,Beginner
user_46,course_49,visual,3,2,0,141.2,Beginner
user_46,course_49,visual,4,3,0,305.6,Beginner
user_46,course_49,visual,5,3,1,171.3,Beginner
user_46,course_49,visual,6,2,1,128.1,Beginner
user_46,course_49,visual,7,3,0,279.4,Beginner
user_46,course_49,visual,8,2,0,180.3,Beginner
user_46,course_49,visual,9,3,0,247.1,Beginner
user_46,course_49,visual,10,4,0,378.2,Beginner
user_46,course_49,visual,11,2,1,104.9,Beginner
user_46,course_5,visual,1,2,0,117.9,Beginner
user_46,course_5,visual,2,2,0,163.2,Beginner
user_46,course_5,visual,3,3,1,168.1,Beginner
user_46,course_5,visual,4,2,1,107.6,Beginner
user_46,course_5,visual,5,2,1,101.8,Beginner
user_46,course_5,visual,6,2,0,155.2,Beginner
user_46,course_5,visual,7,3,1,198.7,Beginner
user_46,course_5,visual,8,4,0,303.2,Beginner
user_46,course_5,visual,9,2,0,151.4,Beginner
user_46,course_5,visual,10,4,0,250.3,Beginner
user_46,course_5,visual,11,4,1,213.4,Beginner
user_46,course_5,visual,12,2,0,160.2,Beginner
user_46,course_5,visual,13,3,0,322.8,Beginner
user_47,course_14,visual,1,5,1,219.9,Intermediate
user_47,course_14,visual,2,4,0,304.1,Intermediate
user_47,course_14,visual,3,4,0,325.5,Intermediate
user_47,course_14,visual,4,5,0,360.0,Intermediate
user_47,course_14,visual,5,4,1,216.9,Intermediate
user_47,course_14,visual,6,5,0,328.5,Intermediate
user_47,course_14,visual,7,4,0,331.7,Intermediate
user_47,course_14,visual,8,5,1,206.8,Intermediate
user_47,course_14,visual,9,5,1,197.8,Intermediate
user_47,course_14,visual,10,5,0,287.1,Intermediate
user_47,course_14,visual,11,5,0,268.3,Intermediate
user_47,course_14,visual,12,4,0,285.7,Intermediate
user_47,course_14,visual,13,4,0,234.0,Intermediate
user_47,course_14,visual,14,4,0,253.9,Intermediate
user_47,course_14,visual,15,5,0,346.1,Intermediate
user_47,course_18,visual,1,3,0,233.4,Intermediate
user_47,course_18,visual,2,3,1,149.4,Intermediate
user_47,course_18,visual,3,2,0,109.3,Intermediate
user_47,course_18,visual,4,2,1,94.6,Intermediate
user_47,course_18,visual,5,3,0,181.4,Intermediate
user_47,course_18,visual,6,4,0,227.2,Intermediate
user_47,course_18,visual,7,2,0,116.2,Intermediate
user_47,course_18,visual,8,4,1,216.1,Intermediate
user_47,course_18,visual,9,4,1,226.1,Intermediate
user_47,course_18,visual,10,4,0,253.1,Intermediate
user_47,course_18,visual,11,3,0,208.2,Intermediate
user_47,course_18,visual,12,3,0,215.6,Intermediate
user_47,course_4,visual,1,1,1,54.9,Intermediate
user_47,course_4,visual,2,1,1,56.1,Intermediate
user_47,course_4,visual,3,3,1,162.6,Intermediate
user_47,course_4,visual,4,3,0,241.6,Intermediate
user_47,course_4,visual,5,3,0,201.4,Intermediate
user_47,course_4,visual,6,1,1,53.9,Intermediate
user_47,course_4,visual,7,3,0,228.7,Intermediate
user_47,course_4,visual,8,1,1,52.1,Intermediate
user_47,course_4,visual,9,1,1,44.7,Intermediate
user_47,course_4,visual,10,3,0,210.0,Intermediate
user_47,course_4,visual,11,3,1,138.2,Intermediate
user_47,course_4,visual,12,1,1,45.2,Intermediate
user_47,course_4,visual,13,1,1,55.3,Intermediate
user_47,course_4,visual,14,1,1,56.7,Intermediate
user_48,course_1,cognitive,1,2,0,78.9,Intermediate
user_48,course_1,cognitive,2,4,1,101.7,Intermediate
user_48,course_1,cognitive,3,4,0,126.3,Intermediate
user_48,course_1,cognitive,4,2,1,37.8,Intermediate
user_48,course_1,cognitive,5,2,0,40.1,Intermediate
user_48,course_1,cognitive,6,4,1,106.5,Intermediate
user_48,course_1,cognitive,7,2,0,60.4,Intermediate
user_48,course_1,cognitive,8,4,1,110.6,Intermediate
user_48,course_1,cognitive,9,3,0,122.3,Intermediate
user_48,course_1,cognitive,10,4,1,113.2,Intermediate
user_48,course_1,cognitive,11,4,1,83.1,Intermediate
user_48,course_1,cognitive,12,3,1,78.4,Intermediate
user_48,course_1,cognitive,13,3,0,67.6,Intermediate
user_48,course_18,cognitive,1,3,0,74.1,Intermediate
user_48,course_18,cognitive,2,2,1,52.4,Intermediate
user_48,course_18,cognitive,3,4,1,84.6,Intermediate
user_48,course_18,cognitive,4,2,1,45.9,Intermediate
user_48,course_18,cognitive,5,4,0,130.4,Intermediate
user_48,course_18,cognitive,6,2,1,41.8,Intermediate
user_48,course_18,cognitive,7,4,1,112.5,Intermediate
user_48,course_18,cognitive,8,2,0,67.2,Intermediate
user_48,course_18,cognitive,9,2,0,52.9,Intermediate
user_48,course_18,cognitive,10,4,0,108.2,Intermediate
user_48,course_18,cognitive,11,4,1,86.1,Intermediate
user_48,course_18,cognitive,12,4,1,80.6,Intermediate
user_48,course_18,cognitive,13,4,1,117.2,Intermediate
user_48,course_18,cognitive,14,2,1,36.6,Intermediate
user_48,course_42,cognitive,1,5,0,144.5,Intermediate
user_48,course_42,cognitive,2,5,0,145.9,Intermediate
user_48,course_42,cognitive,3,3,1,83.6,Intermediate
user_48,course_42,cognitive,4,3,0,96.6,Intermediate
user_48,course_42,cognitive,5,4,0,126.0,Intermediate
user_48,course_42,cognitive,6,5,0,176.8,Intermediate
user_48,course_42,cognitive,7,4,1,95.0,Intermediate
user_48,course_42,cognitive,8,4,0,129.4,Intermediate
user_48,course_42,cognitive,9,4,1,108.9,Intermediate
user_48,course_42,cognitive,10,5,0,154.3,Intermediate
user_48,course_42,cognitive,11,4,1,117.1,Intermediate
user_48,course_42,cognitive,12,3,0,84.9,Intermediate
user_48,course_42,cognitive,13,5,0,131.0,Intermediate
user_48,course_42,cognitive,14,3,1,80.4,Intermediate
user_48,course_42,cognitive,15,4,0,108.0,Intermediate
user_48,course_39,cognitive,1,1,1,22.8,Intermediate
user_48,course_39,cognitive,2,2,1,52.2,Intermediate
user_48,course_39,cognitive,3,1,1,26.0,Intermediate
user_48,course_39,cognitive,4,1,1,21.8,Intermediate
user_48,course_39,cognitive,5,2,0,65.8,Intermediate
user_48,course_39,cognitive,6,1,1,21.9,Intermediate
user_48,course_39,cognitive,7,3,1,85.7,Intermediate
user_48,course_39,cognitive,8,2,1,53.5,Intermediate
user_48,course_39,cognitive,9,1,1,23.2,Intermediate
user_48,course_39,cognitive,10,3,1,84.1,Intermediate
user_48,course_39,cognitive,11,2,1,36.4,Intermediate
user_48,course_39,cognitive,12,2,1,47.3,Intermediate
user_48,course_21,cognitive,1,4,1,111.2,Intermediate
user_48,course_21,cognitive,2,5,1,123.0,Intermediate
user_48,course_21,cognitive,3,3,1,65.5,Intermediate
user_48,course_21,cognitive,4,4,0,133.5,Intermediate
user_48,course_21,cognitive,5,3,1,62.7,Intermediate
user_48,course_21,cognitive,6,4,0,104.2,Intermediate
user_48,course_21,cognitive,7,4,1,118.0,Intermediate
user_48,course_21,cognitive,8,4,1,112.8,Intermediate
user_48,course_21,cognitive,9,4,1,96.1,Intermediate
user_48,course_21,cognitive,10,3,0,119.0,Intermediate
user_48,course_21,cognitive,11,4,0,123.2,Intermediate
user_48,course_21,cognitive,12,5,0,208.1,Intermediate
user_48,course_21,cognitive,13,5,0,200.5,Intermediate
user_48,course_21,cognitive,14,4,0,143.0,Intermediate
user_48,course_21,cognitive,15,3,1,80.5,Intermediate
user_48,course_15,cognitive,1,3,1,60.9,Intermediate
user_48,course_15,cognitive,2,5,0,122.3,Intermediate
user_48,course_15,cognitive,3,3,1,82.1,Intermediate
user_48,course_15,cognitive,4,3,1,70.6,Intermediate
user_48,course_15,cognitive,5,4,1,98.0,Intermediate
user_48,course_15,cognitive,6,3,1,85.2,Intermediate
user_48,course_15,cognitive,7,3,0,96.0,Intermediate
user_48,course_15,cognitive,8,5,1,134.7,Intermediate
user_48,course_15,cognitive,9,5,0,156.1,Intermediate
user_48,course_15,cognitive,10,5,0,139.1,Intermediate
user_48,course_15,cognitive,11,3,0,96.8,Intermediate
user_48,course_15,cognitive,12,3,1,57.6,Intermediate
user_48,course_15,cognitive,13,3,1,60.6,Intermediate
user_48,course_15,cognitive,14,5,0,168.0,Intermediate
user_48,course_15,cognitive,15,4,1,96.0,Intermediate
user_49,course_17,motor,1,3,0,160.0,Beginner
user_49,course_17,motor,2,3,1,114.2,Beginner
user_49,course_17,motor,3,2,1,77.3,Beginner
user_49,course_17,motor,4,1,1,55.6,Beginner
user_49,course_17,motor,5,1,1,58.1,Beginner
user_49,course_17,motor,6,1,1,48.2,Beginner
user_49,course_17,motor,7,2,0,117.8,Beginner
user_49,course_17,motor,8,2,0,98.9,Beginner
user_49,course_17,motor,9,1,1,41.2,Beginner
user_49,course_17,motor,10,2,1,85.0,Beginner
user_49,course_17,motor,11,3,0,197.5,Beginner
user_49,course_24,motor,1,2,1,87.5,Beginner
user_49,course_24,motor,2,3,1,133.2,Beginner
user_49,course_24,motor,3,4,0,281.6,Beginner
user_49,course_24,motor,4,4,0,226.3,Beginner
user_49,course_24,motor,5,2,1,76.8,Beginner
user_49,course_24,motor,6,3,0,149.7,Beginner
user_49,course_24,motor,7,2,0,104.7,Beginner
user_49,course_24,motor,8,3,0,186.2,Beginner
user_49,course_24,motor,9,4,0,231.5,Beginner
user_49,course_24,motor,10,3,0,160.2,Beginner
user_49,course_24,motor,11,3,1,108.2,Beginner
user_49,course_24,motor,12,4,0,236.8,Beginner
user_49,course_24,motor,13,3,1,155.1,Beginner
user_49,course_24,motor,14,4,0,200.7,Beginner
user_49,course_19,motor,1,3,0,169.0,Beginner
user_49,course_19,motor,2,3,0,176.2,Beginner
user_49,course_19,motor,3,1,1,51.0,Beginner
user_49,course_19,motor,4,2,0,111.4,Beginner
user_49,course_19,motor,5,3,1,124.8,Beginner
user_49,course_19,motor,6,2,1,96.5,Beginner
user_49,course_19,motor,7,1,0,56.9,Beginner
user_49,course_19,motor,8,3,1,145.1,Beginner
user_49,course_19,motor,9,2,1,87.8,Beginner
user_49,course_19,motor,10,2,1,84.9,Beginner
user_49,course_19,motor,11,3,0,180.6,Beginner
user_49,course_19,motor,12,1,1,48.8,Beginner
user_49,course_19,motor,13,3,1,154.6,Beginner
user_49,course_19,motor,14,1,0,82.6,Beginner
user_49,course_34,motor,1,4,0,209.0,Beginner
user_49,course_34,motor,2,4,0,232.9,Beginner
user_49,course_34,motor,3,4,0,207.9,Beginner
user_49,course_34,motor,4,5,0,319.2,Beginner
user_49,course_34,motor,5,5,0,295.9,Beginner
user_49,course_34,motor,6,5,0,253.9,Beginner
user_49,course_34,motor,7,4,0,246.3,Beginner
user_49,course_34,motor,8,4,0,271.8,Beginner
user_49,course_34,motor,9,4,0,218.5,Beginner
user_49,course_34,motor,10,4,0,217.3,Beginner
user_49,course_34,motor,11,4,0,227.6,Beginner
user_50,course_28,visual,1,2,1,77.1,Advanced
user_50,course_28,visual,2,2,1,67.5,Advanced
user_50,course_28,visual,3,3,1,108.9,Advanced
user_50,course_28,visual,4,3,0,125.1,Advanced
user_50,course_28,visual,5,2,1,67.3,Advanced
user_50,course_28,visual,6,4,1,136.8,Advanced
user_50,course_28,visual,7,3,1,95.1,Advanced
user_50,course_28,visual,8,3,1,90.5,Advanced
user_50,course_28,visual,9,4,1,115.9,Advanced
user_50,course_28,visual,10,2,1,53.6,Advanced
user_50,course_28,visual,11,3,1,117.2,Advanced
user_50,course_28,visual,12,3,1,118.3,Advanced
user_50,course_28,visual,13,4,1,128.6,Advanced
user_50,course_28,visual,14,4,0,248.4,Advanced
user_50,course_12,visual,1,1,1,41.6,Advanced
user_50,course_12,visual,2,2,1,58.9,Advanced
user_50,course_12,visual,3,1,1,36.6,Advanced
user_50,course_12,visual,4,2,1,70.4,Advanced
user_50,course_12,visual,5,1,1,42.2,Advanced
user_50,course_12,visual,6,1,1,34.8,Advanced
user_50,course_12,visual,7,2,1,64.4,Advanced
user_50,course_12,visual,8,2,1,74.9,Advanced
user_50,course_12,visual,9,1,1,43.1,Advanced
user_50,course_12,visual,10,1,1,32.5,Advanced
user_50,course_12,visual,11,1,1,36.6,Advanced
user_50,course_12,visual,12,1,1,33.6,Advanced
user_50,course_5,visual,1,3,1,110.3,Advanced
user_50,course_5,visual,2,3,1,119.3,Advanced
user_50,course_5,visual,3,4,1,133.2,Advanced
user_50,course_5,visual,4,2,1,62.4,Advanced
user_50,course_5,visual,5,4,1,142.5,Advanced
user_50,course_5,visual,6,3,1,120.3,Advanced
user_50,course_5,visual,7,4,0,169.0,Advanced
user_50,course_5,visual,8,4,0,169.0,Advanced
user_50,course_5,visual,9,2,1,68.4,Advanced
user_50,course_5,visual,10,3,1,103.5,Advanced
user_50,course_5,visual,11,4,1,116.4,Advanced
user_50,course_5,visual,12,3,0,145.7,Advanced
user_50,course_5,visual,13,3,1,92.1,Advanced
user_51,course_46,visual,1,4,1,167.5,Advanced
user_51,course_46,visual,2,4,1,171.4,Advanced
user_51,course_46,visual,3,3,1,97.1,Advanced
user_51,course_46,visual,4,5,1,174.1,Advanced
user_51,course_46,visual,5,3,1,100.3,Advanced
user_51,course_46,visual,6,3,1,87.6,Advanced
user_51,course_46,visual,7,5,0,232.8,Advanced
user_51,course_46,visual,8,3,1,116.1,Advanced
user_51,course_46,visual,9,3,1,121.0,Advanced
user_51,course_46,visual,10,4,1,120.7,Advanced
user_51,course_46,visual,11,4,1,117.3,Advanced
user_51,course_46,visual,12,4,1,147.4,Advanced
user_51,course_46,visual,13,3,1,104.0,Advanced
user_51,course_46,visual,14,4,1,122.8,Advanced
user_51,course_46,visual,15,3,1,109.4,Advanced
user_51,course_34,visual,1,5,0,185.5,Advanced
user_51,course_34,visual,2,5,1,167.5,Advanced
user_51,course_34,visual,3,5,0,271.9,Advanced
user_51,course_34,visual,4,4,1,151.9,Advanced
user_51,course_34,visual,5,5,0,238.9,Advanced
user_51,course_34,visual,6,5,1,149.9,Advanced
user_51,course_34,visual,7,5,0,267.7,Advanced
user_51,course_34,visual,8,5,1,151.7,Advanced
user_51,course_34,visual,9,5,0,237.3,Advanced
user_51,course_34,visual,10,4,1,156.8,Advanced
user_51,course_33,visual,1,3,0,109.6,Advanced
user_51,course_33,visual,2,3,1,101.3,Advanced
user_51,course_33,visual,3,3,1,113.1,Advanced
user_51,course_33,visual,4,3,1,91.6,Advanced
user_51,course_33,visual,5,2,1,60.1,Advanced
user_51,course_33,visual,6,4,0,212.6,Advanced
user_51,course_33,visual,7,4,0,181.4,Advanced
user_51,course_33,visual,8,2,1,64.2,Advanced
user_51,course_33,visual,9,3,0,136.8,Advanced
user_51,course_33,visual,10,2,1,68.3,Advanced
user_52,course_42,cognitive,1,5,0,112.9,Advanced
user_52,course_42,cognitive,2,4,1,78.4,Advanced
user_52,course_42,cognitive,3,5,0,91.7,Advanced
user_52,course_42,cognitive,4,5,1,95.4,Advanced
user_52,course_42,cognitive,5,4,0,86.8,Advanced
user_52,course_42,cognitive,6,3,1,63.2,Advanced
user_52,course_42,cognitive,7,5,1,84.0,Advanced
user_52,course_42,cognitive,8,4,1,65.9,Advanced
user_52,course_42,cognitive,9,5,0,153.9,Advanced
user_52,course_42,cognitive,10,4,1,66.3,Advanced
user_52,course_42,cognitive,11,3,0,80.6,Advanced
user_52,course_33,cognitive,1,3,1,47.2,Advanced
user_52,course_33,cognitive,2,2,1,34.0,Advanced
user_52,course_33,cognitive,3,3,1,43.6,Advanced
user_52,course_33,cognitive,4,4,1,63.5,Advanced
user_52,course_33,cognitive,5,4,1,78.9,Advanced
user_52,course_33,cognitive,6,2,1,36.0,Advanced
user_52,course_33,cognitive,7,2,1,31.4,Advanced
user_52,course_33,cognitive,8,2,1,31.0,Advanced
user_52,course_33,cognitive,9,2,1,37.3,Advanced
user_52,course_33,cognitive,10,4,1,87.2,Advanced
user_52,course_33,cognitive,11,2,1,38.1,Advanced
user_52,course_33,cognitive,12,2,1,29.4,Advanced
user_52,course_33,cognitive,13,3,1,47.4,Advanced
user_52,course_33,cognitive,14,3,1,63.2,Advanced
user_52,course_33,cognitive,15,4,1,63.7,Advanced
user_52,course_4,cognitive,1,3,1,43.2,Advanced
user_52,course_4,cognitive,2,1,1,22.7,Advanced
user_52,course_4,cognitive,3,3,1,52.5,Advanced
user_52,course_4,cognitive,4,2,1,31.0,Advanced
user_52,course_4,cognitive,5,1,1,21.1,Advanced
user_52,course_4,cognitive,6,3,1,63.8,Advanced
user_52,course_4,cognitive,7,1,1,19.3,Advanced
user_52,course_4,cognitive,8,3,1,52.5,Advanced
user_52,course_4,cognitive,9,1,1,16.6,Advanced
user_52,course_4,cognitive,10,2,1,30.2,Advanced
user_52,course_4,cognitive,11,2,1,33.4,Advanced
user_52,course_4,cognitive,12,1,1,21.0,Advanced
user_52,course_4,cognitive,13,3,1,54.2,Advanced
user_52,course_4,cognitive,14,3,1,60.3,Advanced
user_52,course_4,cognitive,15,3,1,47.5,Advanced
user_52,course_17,cognitive,1,2,1,29.9,Advanced
user_52,course_17,cognitive,2,2,1,39.6,Advanced
user_52,course_17,cognitive,3,2,1,27.3,Advanced
user_52,course_17,cognitive,4,2,1,28.4,Advanced
user_52,course_17,cognitive,5,1,1,21.3,Advanced
user_52,course_17,cognitive,6,3,1,58.1,Advanced
user_52,course_17,cognitive,7,3,1,49.0,Advanced
user_52,course_17,cognitive,8,2,1,39.0,Advanced
user_52,course_17,cognitive,9,3,1,54.9,Advanced
user_52,course_17,cognitive,10,1,1,23.4,Advanced
user_52,course_17,cognitive,11,2,1,33.6,Advanced
user_52,course_39,cognitive,1,3,1,45.9,Advanced
user_52,course_39,cognitive,2,3,1,47.7,Advanced
user_52,course_39,cognitive,3,3,1,45.7,Advanced
user_52,course_39,cognitive,4,1,1,18.9,Advanced
user_52,course_39,cognitive,5,1,1,19.4,Advanced
user_52,course_39,cognitive,6,1,1,20.5,Advanced
user_52,course_39,cognitive,7,3,1,58.6,Advanced
user_52,course_39,cognitive,8,1,1,17.6,Advanced
user_52,course_39,cognitive,9,3,1,56.7,Advanced
user_52,course_39,cognitive,10,1,1,17.9,Advanced
user_52,course_39,cognitive,11,2,1,37.7,Advanced
user_52,course_39,cognitive,12,1,1,16.9,Advanced
user_52,course_23,cognitive,1,2,1,39.9,Advanced
user_52,course_23,cognitive,2,4,1,76.1,Advanced
user_52,course_23,cognitive,3,3,1,64.3,Advanced
user_52,course_23,cognitive,4,4,1,74.1,Advanced
user_52,course_23,cognitive,5,4,0,94.7,Advanced
user_52,course_23,cognitive,6,4,0,100.1,Advanced
user_52,course_23,cognitive,7,4,1,76.5,Advanced
user_52,course_23,cognitive,8,2,1,36.0,Advanced
user_52,course_23,cognitive,9,2,1,30.9,Advanced
user_52,course_23,cognitive,10,3,1,48.5,Advanced
user_52,course_23,cognitive,11,4,1,77.6,Advanced
user_52,course_25,cognitive,1,2,1,38.8,Advanced
user_52,course_25,cognitive,2,2,1,39.4,Advanced
user_52,course_25,cognitive,3,2,1,31.8,Advanced
user_52,course_25,cognitive,4,3,1,45.9,Advanced
user_52,course_25,cognitive,5,1,1,22.8,Advanced
user_52,course_25,cognitive,6,3,1,44.8,Advanced
user_52,course_25,cognitive,7,2,1,35.4,Advanced
user_52,course_25,cognitive,8,2,1,39.2,Advanced
user_52,course_25,cognitive,9,1,1,16.3,Advanced
user_52,course_25,cognitive,10,2,1,28.5,Advanced
user_52,course_25,cognitive,11,3,1,47.9,Advanced
user_52,course_25,cognitive,12,1,1,21.1,Advanced
user_52,course_25,cognitive,13,2,1,35.3,Advanced
user_52,course_25,cognitive,14,1,1,21.9,Advanced
user_52,course_25,cognitive,15,1,1,19.0,Advanced
user_52,course_0,cognitive,1,4,1,60.2,Advanced
user_52,course_0,cognitive,2,2,1,27.8,Advanced
user_52,course_0,cognitive,3,4,1,76.3,Advanced
user_52,course_0,cognitive,4,3,1,48.3,Advanced
user_52,course_0,cognitive,5,2,1,38.7,Advanced
user_52,course_0,cognitive,6,2,0,38.5,Advanced
user_52,course_0,cognitive,7,2,1,31.0,Advanced
user_52,course_0,cognitive,8,4,1,74.6,Advanced
user_52,course_0,cognitive,9,3,1,61.6,Advanced
user_52,course_0,cognitive,10,4,0,88.1,Advanced
user_53,course_6,visual,1,3,0,146.7,Advanced
user_53,course_6,visual,2,3,1,94.7,Advanced
user_53,course_6,visual,3,3,1,94.7,Advanced
user_53,course_6,visual,4,3,1,104.0,Advanced
user_53,course_6,visual,5,4,1,117.9,Advanced
user_53,course_6,visual,6,2,1,62.1,Advanced
user_53,course_6,visual,7,3,1,118.8,Advanced
user_53,course_6,visual,8,4,1,171.9,Advanced
user_53,course_6,visual,9,3,0,141.1,Advanced
user_53,course_6,visual,10,4,0,178.1,Advanced
user_53,course_6,visual,11,2,0,99.4,Advanced
user_53,course_1,visual,1,3,1,108.6,Advanced
user_53,course_1,visual,2,4,1,129.7,Advanced
user_53,course_1,visual,3,2,1,73.4,Advanced
user_53,course_1,visual,4,4,1,156.4,Advanced
user_53,course_1,visual,5,2,1,68.3,Advanced
user_53,course_1,visual,6,4,1,137.5,Advanced
user_53,course_1,visual,7,2,1,66.4,Advanced
user_53,course_1,visual,8,2,1,66.8,Advanced
user_53,course_1,visual,9,2,1,73.9,Advanced
user_53,course_1,visual,10,3,1,94.6,Advanced
user_53,course_1,visual,11,4,1,125.3,Advanced
user_53,course_1,visual,12,3,1,93.5,Advanced
user_53,course_1,visual,13,4,1,121.2,Advanced
user_53,course_1,visual,14,3,1,95.5,Advanced
user_53,course_1,visual,15,3,1,91.1,Advanced
user_53,course_41,visual,1,3,0,136.3,Advanced
user_53,course_41,visual,2,1,1,34.7,Advanced
user_53,course_41,visual,3,2,1,72.6,Advanced
user_53,course_41,visual,4,1,1,41.5,Advanced
user_53,course_41,visual,5,3,1,117.7,Advanced
user_53,course_41,visual,6,1,1,35.0,Advanced
user_53,course_41,visual,7,1,1,32.9,Advanced
user_53,course_41,visual,8,1,1,39.7,Advanced
user_53,course_41,visual,9,1,1,41.8,Advanced
user_53,course_41,visual,10,3,1,111.5,Advanced
user_53,course_41,visual,11,2,1,76.4,Advanced
user_53,course_41,visual,12,3,1,84.9,Advanced
user_53,course_41,visual,13,2,1,62.8,Advanced
user_53,course_24,visual,1,4,0,185.9,Advanced
user_53,course_24,visual,2,3,1,111.5,Advanced
user_53,course_24,visual,3,3,1,98.8,Advanced
user_53,course_24,visual,4,4,0,192.1,Advanced
user_53,course_24,visual,5,2,1,77.6,Advanced
user_53,course_24,visual,6,4,1,157.5,Advanced
user_53,course_24,visual,7,3,1,114.1,Advanced
user_53,course_24,visual,8,2,0,86.1,Advanced
user_53,course_24,visual,9,2,1,58.8,Advanced
user_53,course_24,visual,10,3,1,106.3,Advanced
user_53,course_24,visual,11,3,0,123.2,Advanced
user_53,course_24,visual,12,4,1,146.9,Advanced
user_53,course_24,visual,13,2,1,76.3,Advanced
user_53,course_36,visual,1,4,0,184.6,Advanced
user_53,course_36,visual,2,5,0,238.2,Advanced
user_53,course_36,visual,3,4,0,168.2,Advanced
user_53,course_36,visual,4,4,1,118.2,Advanced
user_53,course_36,visual,5,3,0,144.4,Advanced
user_53,course_36,visual,6,4,1,169.5,Advanced
user_53,course_36,visual,7,4,0,169.4,Advanced
user_53,course_36,visual,8,4,1,148.3,Advanced
user_53,course_36,visual,9,4,1,133.8,Advanced
user_53,course_36,visual,10,5,0,198.9,Advanced
user_53,course_36,visual,11,5,0,193.2,Advanced
user_53,course_39,visual,1,3,0,161.2,Advanced
user_53,course_39,visual,2,3,0,105.6,Advanced
user_53,course_39,visual,3,1,1,46.1,Advanced
user_53,course_39,visual,4,2,1,58.0,Advanced
user_53,course_39,visual,5,1,1,44.7,Advanced
user_53,course_39,visual,6,1,1,35.3,Advanced
user_53,course_39,visual,7,2,1,76.1,Advanced
user_53,course_39,visual,8,3,1,108.0,Advanced
user_53,course_39,visual,9,2,1,59.6,Advanced
user_53,course_39,visual,10,2,1,56.3,Advanced
user_53,course_39,visual,11,2,1,70.2,Advanced
user_54,course_34,motor,1,4,0,151.4,Intermediate
user_54,course_34,motor,2,4,0,168.0,Intermediate
user_54,course_34,motor,3,5,0,199.1,Intermediate
user_54,course_34,motor,4,4,1,139.3,Intermediate
user_54,course_34,motor,5,5,0,179.0,Intermediate
user_54,course_34,motor,6,4,0,195.4,Intermediate
user_54,course_34,motor,7,5,1,176.2,Intermediate
user_54,course_34,motor,8,5,0,262.6,Intermediate
user_54,course_34,motor,9,5,0,202.0,Intermediate
user_54,course_34,motor,10,5,0,210.4,Intermediate
user_54,course_34,motor,11,4,0,150.4,Intermediate
user_54,course_12,motor,1,1,1,43.3,Intermediate
user_54,course_12,motor,2,1,1,40.1,Intermediate
user_54,course_12,motor,3,1,1,39.9,Intermediate
user_54,course_12,motor,4,2,1,56.1,Intermediate
user_54,course_12,motor,5,2,1,74.0,Intermediate
user_54,course_12,motor,6,2,1,66.3,Intermediate
user_54,course_12,motor,7,1,1,36.3,Intermediate
user_54,course_12,motor,8,1,1,41.7,Intermediate
user_54,course_12,motor,9,1,1,35.3,Intermediate
user_54,course_12,motor,10,2,1,51.4,Intermediate
user_54,course_12,motor,11,1,1,38.5,Intermediate
user_54,course_47,motor,1,2,1,54.9,Intermediate
user_54,course_47,motor,2,3,0,150.1,Intermediate
user_54,course_47,motor,3,2,1,50.5,Intermediate
user_54,course_47,motor,4,2,1,55.8,Intermediate
user_54,course_47,motor,5,3,0,110.1,Intermediate
user_54,course_47,motor,6,2,1,71.8,Intermediate
user_54,course_47,motor,7,2,1,68.4,Intermediate
user_54,course_47,motor,8,3,0,147.3,Intermediate
user_54,course_47,motor,9,3,1,104.8,Intermediate
user_54,course_47,motor,10,3,1,116.0,Intermediate
user_54,course_47,motor,11,3,0,137.9,Intermediate
user_54,course_47,motor,12,3,1,109.3,Intermediate
user_55,course_13,visual,1,2,1,70.9,Advanced
user_55,course_13,visual,2,2,1,77.0,Advanced
user_55,course_13,visual,3,2,1,70.6,Advanced
user_55,course_13,visual,4,4,1,160.0,Advanced
user_55,course_13,visual,5,3,1,112.8,Advanced
user_55,course_13,visual,6,3,1,123.3,Advanced
user_55,course_13,visual,7,2,1,63.6,Advanced
user_55,course_13,visual,8,3,0,144.0,Advanced
user_55,course_13,visual,9,3,1,100.5,Advanced
user_55,course_13,visual,10,3,1,122.3,Advanced
user_55,course_28,visual,1,3,1,121.3,Advanced
user_55,course_28,visual,2,2,1,64.5,Advanced
user_55,course_28,visual,3,3,1,116.9,Advanced
user_55,course_28,visual,4,4,1,151.2,Advanced
user_55,course_28,visual,5,3,0,98.3,Advanced
user_55,course_28,visual,6,2,1,78.1,Advanced
user_55,course_28,visual,7,2,1,71.8,Advanced
user_55,course_28,visual,8,2,1,67.8,Advanced
user_55,course_28,visual,9,3,1,86.2,Advanced
user_55,course_28,visual,10,3,1,90.5,Advanced
user_55,course_28,visual,11,2,0,78.7,Advanced
user_55,course_28,visual,12,2,1,54.9,Advanced
user_55,course_28,visual,13,3,1,120.3,Advanced
user_55,course_28,visual,14,4,1,151.1,Advanced
user_55,course_28,visual,15,3,1,88.7,Advanced
user_55,course_15,visual,1,5,1,164.7,Advanced
user_55,course_15,visual,2,5,0,249.9,Advanced
user_55,course_15,visual,3,3,1,113.9,Advanced
user_55,course_15,visual,4,3,1,117.0,Advanced
user_55,course_15,visual,5,3,0,130.2,Advanced
user_55,course_15,visual,6,3,1,86.4,Advanced
user_55,course_15,visual,7,4,1,154.0,Advanced
user_55,course_15,visual,8,4,0,184.6,Advanced
user_55,course_15,visual,9,4,0,147.0,Advanced
user_55,course_15,visual,10,5,1,187.4,Advanced
user_55,course_15,visual,11,4,0,255.3,Advanced
user_55,course_15,visual,12,5,0,324.2,Advanced
user_55,course_15,visual,13,3,1,120.2,Advanced
user_55,course_15,visual,14,4,0,150.4,Advanced
user_55,course_15,visual,15,4,0,174.4,Advanced
user_55,course_19,visual,1,1,1,35.5,Advanced
user_55,course_19,visual,2,2,1,62.5,Advanced
user_55,course_19,visual,3,3,1,103.7,Advanced
user_55,course_19,visual,4,2,1,76.8,Advanced
user_55,course_19,visual,5,1,1,42.2,Advanced
user_55,course_19,visual,6,1,1,46.3,Advanced
user_55,course_19,visual,7,2,1,61.6,Advanced
user_55,course_19,visual,8,1,1,43.0,Advanced
user_55,course_19,visual,9,2,1,63.0,Advanced
user_55,course_19,visual,10,1,1,32.0,Advanced
user_55,course_19,visual,11,2,1,61.9,Advanced
user_55,course_42,visual,1,3,1,101.0,Advanced
user_55,course_42,visual,2,5,0,197.4,Advanced
user_55,course_42,visual,3,4,0,135.8,Advanced
user_55,course_42,visual,4,5,1,195.0,Advanced
user_55,course_42,visual,5,5,0,250.9,Advanced
user_55,course_42,visual,6,4,0,143.1,Advanced
user_55,course_42,visual,7,4,0,202.8,Advanced
user_55,course_42,visual,8,4,0,136.3,Advanced
user_55,course_42,visual,9,4,1,139.9,Advanced
user_55,course_42,visual,10,4,1,124.5,Advanced
user_55,course_42,visual,11,4,0,182.9,Advanced
user_55,course_42,visual,12,4,0,149.1,Advanced
user_55,course_42,visual,13,3,0,135.9,Advanced
user_55,course_42,visual,14,3,1,112.7,Advanced
user_55,course_42,visual,15,4,1,166.7,Advanced
user_55,course_31,visual,1,2,1,56.0,Advanced
user_55,course_31,visual,2,1,1,33.2,Advanced
user_55,course_31,visual,3,1,1,35.5,Advanced
user_55,course_31,visual,4,2,1,60.3,Advanced
user_55,course_31,visual,5,1,1,43.9,Advanced
user_55,course_31,visual,6,1,1,32.1,Advanced
user_55,course_31,visual,7,2,1,67.2,Advanced
user_55,course_31,visual,8,1,1,41.9,Advanced
user_55,course_31,visual,9,1,1,38.6,Advanced
user_55,course_31,visual,10,1,1,42.1,Advanced
user_55,course_31,visual,11,1,1,41.7,Advanced
user_55,course_31,visual,12,2,1,57.4,Advanced
user_55,course_31,visual,13,1,1,41.6,Advanced
user_55,course_31,visual,14,1,1,46.7,Advanced
user_55,course_47,visual,1,3,1,108.8,Advanced
user_55,course_47,visual,2,2,1,62.5,Advanced
user_55,course_47,visual,3,4,1,160.1,Advanced
user_55,course_47,visual,4,2,1,52.9,Advanced
user_55,course_47,visual,5,3,1,120.8,Advanced
user_55,course_47,visual,6,3,1,87.0,Advanced
user_55,course_47,visual,7,2,1,56.8,Advanced
user_55,course_47,visual,8,4,0,237.6,Advanced
user_55,course_47,visual,9,3,1,99.7,Advanced
user_55,course_47,visual,10,2,1,75.7,Advanced
user_55,course_47,visual,11,3,0,172.0,Advanced
user_55,course_47,visual,12,3,1,96.0,Advanced
user_55,course_47,visual,13,3,1,125.3,Advanced
user_55,course_47,visual,14,4,1,165.3,Advanced
user_55,course_10,visual,1,3,1,91.1,Advanced
user_55,course_10,visual,2,4,1,144.1,Advanced
user_55,course_10,visual,3,4,1,128.6,Advanced
user_55,course_10,visual,4,5,0,237.8,Advanced
user_55,course_10,visual,5,5,0,200.0,Advanced
user_55,course_10,visual,6,5,0,273.5,Advanced
user_55,course_10,visual,7,4,1,124.2,Advanced
user_55,course_10,visual,8,4,1,126.4,Advanced
user_55,course_10,visual,9,4,1,127.8,Advanced
user_55,course_10,visual,10,4,0,141.2,Advanced
user_56,course_26,hearing,1,3,0,90.4,Beginner
user_56,course_26,hearing,2,4,0,109.4,Beginner
user_56,course_26,hearing,3,3,0,85.9,Beginner
user_56,course_26,hearing,4,4,0,152.1,Beginner
user_56,course_26,hearing,5,4,0,114.6,Beginner
user_56,course_26,hearing,6,3,0,81.6,Beginner
user_56,course_26,hearing,7,4,0,127.0,Beginner
user_56,course_26,hearing,8,3,0,84.1,Beginner
user_56,course_26,hearing,9,5,0,199.5,Beginner
user_56,course_26,hearing,10,3,0,111.9,Beginner
user_56,course_26,hearing,11,4,0,154.8,Beginner
user_56,course_26,hearing,12,4,0,121.8,Beginner
user_56,course_26,hearing,13,5,0,171.7,Beginner
user_56,course_26,hearing,14,3,1,62.0,Beginner
user_56,course_7,hearing,1,2,1,41.0,Beginner
user_56,course_7,hearing,2,1,1,22.9,Beginner
user_56,course_7,hearing,3,1,1,29.9,Beginner
user_56,course_7,hearing,4,1,1,26.8,Beginner
user_56,course_7,hearing,5,1,1,22.7,Beginner
user_56,course_7,hearing,6,2,1,34.4,Beginner
user_56,course_7,hearing,7,2,1,47.6,Beginner
user_56,course_7,hearing,8,2,0,60.6,Beginner
user_56,course_7,hearing,9,1,1,21.3,Beginner
user_56,course_7,hearing,10,2,1,34.3,Beginner
user_56,course_7,hearing,11,2,0,42.8,Beginner
user_56,course_8,hearing,1,5,0,154.1,Beginner
user_56,course_8,hearing,2,5,0,188.3,Beginner
user_56,course_8,hearing,3,4,0,95.7,Beginner
user_56,course_8,hearing,4,5,0,173.7,Beginner
user_56,course_8,hearing,5,4,0,131.1,Beginner
user_56,course_8,hearing,6,5,0,123.9,Beginner
user_56,course_8,hearing,7,5,0,169.1,Beginner
user_56,course_8,hearing,8,5,0,162.9,Beginner
user_56,course_8,hearing,9,4,1,93.5,Beginner
user_56,course_8,hearing,10,5,0,138.4,Beginner
user_56,course_8,hearing,11,5,0,135.6,Beginner
user_56,course_8,hearing,12,4,0,105.8,Beginner
user_56,course_8,hearing,13,4,0,141.1,Beginner
user_56,course_8,hearing,14,4,0,149.6,Beginner
user_56,course_27,hearing,1,3,0,92.1,Beginner
user_56,course_27,hearing,2,3,1,56.7,Beginner
user_56,course_27,hearing,3,2,0,61.0,Beginner
user_56,course_27,hearing,4,3,0,86.1,Beginner
user_56,course_27,hearing,5,3,0,79.2,Beginner
user_56,course_27,hearing,6,1,1,27.9,Beginner
user_56,course_27,hearing,7,1,1,29.7,Beginner
user_56,course_27,hearing,8,3,1,55.4,Beginner
user_56,course_27,hearing,9,1,1,26.6,Beginner
user_56,course_27,hearing,10,2,1,34.5,Beginner
user_56,course_17,hearing,1,3,0,97.3,Beginner
user_56,course_17,hearing,2,3,0,95.1,Beginner
user_56,course_17,hearing,3,3,0,95.8,Beginner
user_56,course_17,hearing,4,1,1,23.1,Beginner
user_56,course_17,hearing,5,3,0,100.9,Beginner
user_56,course_17,hearing,6,1,1,24.6,Beginner
user_56,course_17,hearing,7,3,1,77.1,Beginner
user_56,course_17,hearing,8,3,0,112.2,Beginner
user_56,course_17,hearing,9,1,1,29.6,Beginner
user_56,course_17,hearing,10,3,0,86.4,Beginner
user_56,course_17,hearing,11,3,0,113.7,Beginner
user_56,course_17,hearing,12,1,1,26.9,Beginner
user_56,course_17,hearing,13,2,0,48.7,Beginner
user_56,course_17,hearing,14,3,1,74.2,Beginner
user_56,course_42,hearing,1,3,0,88.7,Beginner
user_56,course_42,hearing,2,3,1,59.5,Beginner
user_56,course_42,hearing,3,4,0,120.4,Beginner
user_56,course_42,hearing,4,5,0,119.0,Beginner
user_56,course_42,hearing,5,5,0,166.2,Beginner
user_56,course_42,hearing,6,3,0,75.1,Beginner
user_56,course_42,hearing,7,5,0,134.2,Beginner
user_56,course_42,hearing,8,3,0,78.5,Beginner
user_56,course_42,hearing,9,5,0,139.5,Beginner
user_56,course_42,hearing,10,3,0,88.1,Beginner
user_56,course_42,hearing,11,3,0,118.3,Beginner
user_56,course_46,hearing,1,3,0,70.2,Beginner
user_56,course_46,hearing,2,5,0,155.4,Beginner
user_56,course_46,hearing,3,4,0,107.6,Beginner
user_56,course_46,hearing,4,5,0,148.2,Beginner
user_56,course_46,hearing,5,5,0,158.5,Beginner
user_56,course_46,hearing,6,4,0,153.1,Beginner
user_56,course_46,hearing,7,4,0,122.3,Beginner
user_56,course_46,hearing,8,3,0,75.6,Beginner
user_56,course_46,hearing,9,3,0,101.2,Beginner
user_56,course_46,hearing,10,3,1,63.2,Beginner
user_56,course_46,hearing,11,3,1,71.2,Beginner
user_57,course_12,motor,1,1,1,50.0,Beginner
user_57,course_12,motor,2,1,1,46.9,Beginner
user_57,course_12,motor,3,1,1,44.7,Beginner
user_57,course_12,motor,4,1,1,44.8,Beginner
user_57,course_12,motor,5,1,1,51.5,Beginner
user_57,course_12,motor,6,2,1,92.0,Beginner
user_57,course_12,motor,7,1,1,49.6,Beginner
user_57,course_12,motor,8,1,1,53.6,Beginner
user_57,course_12,motor,9,1,1,58.2,Beginner
user_57,course_12,motor,10,1,1,41.5,Beginner
user_57,course_12,motor,11,2,0,108.0,Beginner
user_57,course_12,motor,12,2,0,98.9,Beginner
user_57,course_12,motor,13,1,1,47.1,Beginner
user_57,course_38,motor,1,2,1,87.9,Beginner
user_57,course_38,motor,2,3,0,136.3,Beginner
user_57,course_38,motor,3,4,0,250.7,Beginner
user_57,course_38,motor,4,4,0,242.3,Beginner
user_57,course_38,motor,5,4,0,178.3,Beginner
user_57,course_38,motor,6,4,1,160.7,Beginner
user_57,course_38,motor,7,3,1,143.3,Beginner
user_57,course_38,motor,8,4,0,273.3,Beginner
user_57,course_38,motor,9,4,1,150.7,Beginner
user_57,course_38,motor,10,2,0,91.5,Beginner
user_57,course_38,motor,11,4,0,185.7,Beginner
user_57,course_38,motor,12,2,1,91.5,Beginner
user_57,course_38,motor,13,4,0,299.1,Beginner
user_57,course_38,motor,14,4,1,180.2,Beginner
user_57,course_38,motor,15,2,1,73.4,Beginner
user_57,course_35,motor,1,3,0,159.3,Beginner
user_57,course_35,motor,2,3,0,198.2,Beginner
user_57,course_35,motor,3,1,0,46.0,Beginner
user_57,course_35,motor,4,2,1,91.4,Beginner
user_57,course_35,motor,5,3,1,137.5,Beginner
user_57,course_35,motor,6,2,1,82.6,Beginner
user_57,course_35,motor,7,3,1,133.8,Beginner
user_57,course_35,motor,8,2,0,122.4,Beginner
user_57,course_35,motor,9,3,0,154.7,Beginner
user_57,course_35,motor,10,3,0,167.6,Beginner
user_57,course_35,motor,11,3,0,124.2,Beginner
user_57,course_35,motor,12,3,0,191.4,Beginner
user_57,course_35,motor,13,1,0,62.7,Beginner
user_57,course_13,motor,1,4,0,187.7,Beginner
user_57,course_13,motor,2,2,0,102.8,Beginner
user_57,course_13,motor,3,4,0,305.3,Beginner
user_57,course_13,motor,4,4,0,235.3,Beginner
user_57,course_13,motor,5,3,1,145.9,Beginner
user_57,course_13,motor,6,4,0,233.2,Beginner
user_57,course_13,motor,7,4,0,213.2,Beginner
user_57,course_13,motor,8,3,0,169.1,Beginner
user_57,course_13,motor,9,2,1,96.0,Beginner
user_57,course_13,motor,10,4,0,257.1,Beginner
user_57,course_13,motor,11,3,0,125.0,Beginner
user_57,course_13,motor,12,4,0,220.8,Beginner
user_57,course_34,motor,1,5,0,277.8,Beginner
user_57,course_34,motor,2,5,0,250.8,Beginner
user_57,course_34,motor,3,5,0,314.0,Beginner
user_57,course_34,motor,4,5,0,331.8,Beginner
user_57,course_34,motor,5,5,1,194.7,Beginner
user_57,course_34,motor,6,5,0,281.9,Beginner
user_57,course_34,motor,7,4,0,237.1,Beginner
user_57,course_34,motor,8,5,0,248.2,Beginner
user_57,course_34,motor,9,5,0,322.2,Beginner
user_57,course_34,motor,10,5,0,280.2,Beginner
user_57,course_34,motor,11,5,0,289.5,Beginner
user_57,course_34,motor,12,5,0,240.8,Beginner
user_57,course_49,motor,1,2,1,86.2,Beginner
user_57,course_49,motor,2,3,0,155.0,Beginner
user_57,course_49,motor,3,4,1,205.8,Beginner
user_57,course_49,motor,4,2,1,65.7,Beginner
user_57,course_49,motor,5,3,0,213.9,Beginner
user_57,course_49,motor,6,2,1,77.1,Beginner
user_57,course_49,motor,7,3,0,182.2,Beginner
user_57,course_49,motor,8,4,0,292.3,Beginner
user_57,course_49,motor,9,3,0,184.4,Beginner
user_57,course_49,motor,10,3,0,182.4,Beginner
user_57,course_49,motor,11,4,0,218.5,Beginner
user_57,course_49,motor,12,3,0,144.4,Beginner
user_57,course_49,motor,13,4,0,212.0,Beginner
user_57,course_15,motor,1,3,1,134.3,Beginner
user_57,course_15,motor,2,3,1,106.1,Beginner
user_57,course_15,motor,3,3,0,202.6,Beginner
user_57,course_15,motor,4,4,0,237.2,Beginner
user_57,course_15,motor,5,5,0,369.4,Beginner
user_57,course_15,motor,6,5,0,348.4,Beginner
user_57,course_15,motor,7,3,0,164.1,Beginner
user_57,course_15,motor,8,3,1,138.4,Beginner
user_57,course_15,motor,9,5,0,292.1,Beginner
user_57,course_15,motor,10,5,0,292.4,Beginner
user_57,course_15,motor,11,4,0,261.7,Beginner
user_57,course_15,motor,12,5,0,220.1,Beginner
user_58,course_44,motor,1,2,1,88.4,Beginner
user_58,course_44,motor,2,4,0,251.9,Beginner
user_58,course_44,motor,3,4,0,234.5,Beginner
user_58,course_44,motor,4,2,1,97.0,Beginner
user_58,course_44,motor,5,3,0,202.6,Beginner
user_58,course_44,motor,6,2,1,80.4,Beginner
user_58,course_44,motor,7,4,0,226.3,Beginner
user_58,course_44,motor,8,2,1,89.1,Beginner
user_58,course_44,motor,9,2,0,83.5,Beginner
user_58,course_44,motor,10,3,1,155.2,Beginner
user_58,course_44,motor,11,2,0,128.3,Beginner
user_58,course_44,motor,12,3,1,150.2,Beginner
user_58,course_44,motor,13,4,1,181.9,Beginner
user_58,course_44,motor,14,3,0,165.0,Beginner
user_58,course_44,motor,15,2,1,71.9,Beginner
user_58,course_35,motor,1,2,1,66.6,Beginner
user_58,course_35,motor,2,3,1,125.1,Beginner
user_58,course_35,motor,3,1,1,41.1,Beginner
user_58,course_35,motor,4,1,1,56.0,Beginner
user_58,course_35,motor,5,2,1,67.3,Beginner
user_58,course_35,motor,6,1,1,52.2,Beginner
user_58,course_35,motor,7,3,0,157.8,Beginner
user_58,course_35,motor,8,3,1,104.8,Beginner
user_58,course_35,motor,9,1,1,39.6,Beginner
user_58,course_35,motor,10,1,0,71.2,Beginner
user_58,course_19,motor,1,3,0,153.4,Beginner
user_58,course_19,motor,2,2,1,92.9,Beginner
user_58,course_19,motor,3,1,1,56.7,Beginner
user_58,course_19,motor,4,1,1,57.4,Beginner
user_58,course_19,motor,5,3,0,162.5,Beginner
user_58,course_19,motor,6,1,1,48.1,Beginner
user_58,course_19,motor,7,3,0,203.1,Beginner
user_58,course_19,motor,8,2,1,90.2,Beginner
user_58,course_19,motor,9,1,1,43.5,Beginner
user_58,course_19,motor,10,1,1,56.9,Beginner
user_58,course_19,motor,11,3,0,139.4,Beginner
user_58,course_19,motor,12,2,1,82.1,Beginner
user_58,course_40,motor,1,4,0,214.5,Beginner
user_58,course_40,motor,2,3,0,211.4,Beginner
user_58,course_40,motor,3,4,0,235.4,Beginner
user_58,course_40,motor,4,4,0,261.4,Beginner
user_58,course_40,motor,5,5,0,319.2,Beginner
user_58,course_40,motor,6,4,0,222.0,Beginner
user_58,course_40,motor,7,3,0,179.5,Beginner
user_58,course_40,motor,8,3,0,150.2,Beginner
user_58,course_40,motor,9,5,0,233.6,Beginner
user_58,course_40,motor,10,3,1,109.8,Beginner
user_58,course_40,motor,11,5,0,302.5,Beginner
user_58,course_40,motor,12,4,0,199.7,Beginner
user_58,course_40,motor,13,5,0,332.0,Beginner
user_58,course_49,motor,1,4,0,315.1,Beginner
user_58,course_49,motor,2,2,1,68.3,Beginner
user_58,course_49,motor,3,2,1,67.9,Beginner
user_58,course_49,motor,4,4,0,227.9,Beginner
user_58,course_49,motor,5,4,0,252.9,Beginner
user_58,course_49,motor,6,3,0,192.3,Beginner
user_58,course_49,motor,7,2,1,96.8,Beginner
user_58,course_49,motor,8,2,0,121.8,Beginner
user_58,course_49,motor,9,2,1,93.9,Beginner
user_58,course_49,motor,10,2,1,66.8,Beginner
user_58,course_49,motor,11,2,1,86.3,Beginner
user_58,course_49,motor,12,2,1,71.2,Beginner
user_58,course_39,motor,1,1,1,42.6,Beginner
user_58,course_39,motor,2,3,0,143.1,Beginner
user_58,course_39,motor,3,1,1,54.0,Beginner
user_58,course_39,motor,4,2,1,93.7,Beginner
user_58,course_39,motor,5,2,1,93.6,Beginner
user_58,course_39,motor,6,2,0,94.6,Beginner
user_58,course_39,motor,7,3,1,122.0,Beginner
user_58,course_39,motor,8,1,0,71.8,Beginner
user_58,course_39,motor,9,3,0,208.4,Beginner
user_58,course_39,motor,10,1,1,46.9,Beginner
user_58,course_39,motor,11,3,1,151.8,Beginner
user_58,course_39,motor,12,3,0,194.3,Beginner
user_58,course_39,motor,13,1,1,42.3,Beginner
user_58,course_39,motor,14,1,1,53.9,Beginner
user_58,course_42,motor,1,3,0,137.7,Beginner
user_58,course_42,motor,2,3,1,133.1,Beginner
user_58,course_42,motor,3,4,0,244.5,Beginner
user_58,course_42,motor,4,5,0,291.2,Beginner
user_58,course_42,motor,5,4,0,213.7,Beginner
user_58,course_42,motor,6,4,1,170.4,Beginner
user_58,course_42,motor,7,4,0,215.1,Beginner
user_58,course_42,motor,8,5,0,352.6,Beginner
user_58,course_42,motor,9,3,0,150.0,Beginner
user_58,course_42,motor,10,5,0,342.9,Beginner
user_58,course_42,motor,11,3,0,189.6,Beginner
user_58,course_42,motor,12,3,0,143.3,Beginner
user_58,course_42,motor,13,5,0,267.3,Beginner
user_59,course_30,cognitive,1,3,0,131.3,Beginner
user_59,course_30,cognitive,2,2,1,67.5,Beginner
user_59,course_30,cognitive,3,3,0,140.4,Beginner
user_59,course_30,cognitive,4,4,0,169.0,Beginner
user_59,course_30,cognitive,5,3,1,95.0,Beginner
user_59,course_30,cognitive,6,2,1,58.8,Beginner
user_59,course_30,cognitive,7,3,0,142.6,Beginner
user_59,course_30,cognitive,8,2,1,66.9,Beginner
user_59,course_30,cognitive,9,3,0,120.6,Beginner
user_59,course_30,cognitive,10,4,0,219.8,Beginner
user_59,course_30,cognitive,11,2,1,68.5,Beginner
user_59,course_30,cognitive,12,4,0,171.4,Beginner
user_59,course_30,cognitive,13,3,1,106.2,Beginner
user_59,course_30,cognitive,14,4,0,188.2,Beginner
user_59,course_30,cognitive,15,4,0,215.5,Beginner
user_59,course_35,cognitive,1,2,1,47.7,Beginner
user_59,course_35,cognitive,2,3,0,152.2,Beginner
user_59,course_35,cognitive,3,2,1,58.5,Beginner
user_59,course_35,cognitive,4,2,0,85.3,Beginner
user_59,course_35,cognitive,5,2,1,59.0,Beginner
user_59,course_35,cognitive,6,1,1,32.4,Beginner
user_59,course_35,cognitive,7,2,0,68.8,Beginner
user_59,course_35,cognitive,8,2,0,83.6,Beginner
user_59,course_35,cognitive,9,2,1,65.8,Beginner
user_59,course_35,cognitive,10,3,0,130.2,Beginner
user_59,course_35,cognitive,11,3,0,102.4,Beginner
user_59,course_35,cognitive,12,3,0,115.1,Beginner
user_59,course_35,cognitive,13,2,0,78.9,Beginner
user_59,course_26,cognitive,1,5,0,200.4,Beginner
user_59,course_26,cognitive,2,4,0,187.7,Beginner
user_59,course_26,cognitive,3,3,0,133.1,Beginner
user_59,course_26,cognitive,4,5,0,190.8,Beginner
user_59,course_26,cognitive,5,3,0,106.5,Beginner
user_59,course_26,cognitive,6,4,0,174.5,Beginner
user_59,course_26,cognitive,7,5,0,197.8,Beginner
user_59,course_26,cognitive,8,5,0,218.2,Beginner
user_59,course_26,cognitive,9,5,1,179.0,Beginner
user_59,course_26,cognitive,10,3,0,114.0,Beginner
user_59,course_26,cognitive,11,3,0,101.3,Beginner
user_59,course_26,cognitive,12,5,0,282.9,Beginner
user_60,course_2,motor,1,4,0,162.6,Intermediate
user_60,course_2,motor,2,3,1,89.2,Intermediate
user_60,course_2,motor,3,4,1,137.6,Intermediate
user_60,course_2,motor,4,3,1,117.1,Intermediate
user_60,course_2,motor,5,4,0,220.1,Intermediate
user_60,course_2,motor,6,4,1,123.3,Intermediate
user_60,course_2,motor,7,4,1,116.8,Intermediate
user_60,course_2,motor,8,4,0,233.4,Intermediate
user_60,course_2,motor,9,2,1,61.3,Intermediate
user_60,course_2,motor,10,2,1,51.0,Intermediate
user_60,course_2,motor,11,4,0,200.4,Intermediate
user_60,course_2,motor,12,4,0,205.8,Intermediate
user_60,course_2,motor,13,3,1,101.5,Intermediate
user_60,course_2,motor,14,4,0,159.4,Intermediate
user_60,course_44,motor,1,4,0,214.0,Intermediate
user_60,course_44,motor,2,2,0,95.7,Intermediate
user_60,course_44,motor,3,3,1,102.4,Intermediate
user_60,course_44,motor,4,2,0,66.8,Intermediate
user_60,course_44,motor,5,3,1,93.8,Intermediate
user_60,course_44,motor,6,4,0,206.1,Intermediate
user_60,course_44,motor,7,2,1,69.2,Intermediate
user_60,course_44,motor,8,4,0,181.7,Intermediate
user_60,course_44,motor,9,4,1,140.1,Intermediate
user_60,course_44,motor,10,2,1,54.4,Intermediate
user_60,course_44,motor,11,3,0,120.0,Intermediate
user_60,course_44,motor,12,2,1,73.0,Intermediate
user_60,course_44,motor,13,3,1,88.8,Intermediate
user_60,course_44,motor,14,4,1,146.9,Intermediate
user_60,course_44,motor,15,2,1,51.7,Intermediate
user_60,course_34,motor,1,5,0,160.0,Intermediate
user_60,course_34,motor,2,5,0,275.3,Intermediate
user_60,course_34,motor,3,5,0,209.0,Intermediate
user_60,course_34,motor,4,5,1,178.0,Intermediate
user_60,course_34,motor,5,4,1,146.0,Intermediate
user_60,course_34,motor,6,5,0,280.2,Intermediate
user_60,course_34,motor,7,5,0,279.1,Intermediate
user_60,course_34,motor,8,5,0,258.8,Intermediate
user_60,course_34,motor,9,5,0,230.2,Intermediate
user_60,course_34,motor,10,5,0,250.7,Intermediate
user_60,course_34,motor,11,5,0,264.3,Intermediate
user_60,course_34,motor,12,5,0,205.7,Intermediate
user_61,course_5,cognitive,1,3,0,105.4,Beginner
user_61,course_5,cognitive,2,4,0,161.8,Beginner
user_61,course_5,cognitive,3,3,0,103.6,Beginner
user_61,course_5,cognitive,4,4,0,181.9,Beginner
user_61,course_5,cognitive,5,3,0,91.9,Beginner
user_61,course_5,cognitive,6,3,0,112.6,Beginner
user_61,course_5,cognitive,7,4,0,165.0,Beginner
user_61,course_5,cognitive,8,3,0,109.0,Beginner
user_61,course_5,cognitive,9,2,0,92.7,Beginner
user_61,course_5,cognitive,10,2,1,50.9,Beginner
user_61,course_5,cognitive,11,3,1,94.1,Beginner
user_61,course_5,cognitive,12,3,0,117.7,Beginner
user_61,course_5,cognitive,13,3,0,126.6,Beginner
user_61,course_5,cognitive,14,4,0,222.8,Beginner
user_61,course_5,cognitive,15,4,0,119.4,Beginner
user_61,course_43,cognitive,1,2,0,70.1,Beginner
user_61,course_43,cognitive,2,3,0,128.1,Beginner
user_61,course_43,cognitive,3,1,1,38.8,Beginner
user_61,course_43,cognitive,4,2,1,48.6,Beginner
user_61,course_43,cognitive,5,1,0,46.0,Beginner
user_61,course_43,cognitive,6,1,1,31.6,Beginner
user_61,course_43,cognitive,7,1,1,41.7,Beginner
user_61,course_43,cognitive,8,1,1,35.5,Beginner
user_61,course_43,cognitive,9,1,1,29.8,Beginner
user_61,course_43,cognitive,10,3,1,76.7,Beginner
user_61,course_43,cognitive,11,3,0,114.9,Beginner
user_61,course_43,cognitive,12,3,1,110.5,Beginner
user_61,course_10,cognitive,1,5,0,178.4,Beginner
user_61,course_10,cognitive,2,3,1,103.9,Beginner
user_61,course_10,cognitive,3,4,1,137.6,Beginner
user_61,course_10,cognitive,4,5,0,250.7,Beginner
user_61,course_10,cognitive,5,5,0,169.0,Beginner
user_61,course_10,cognitive,6,4,0,210.5,Beginner
user_61,course_10,cognitive,7,3,1,95.2,Beginner
user_61,course_10,cognitive,8,4,0,143.7,Beginner
user_61,course_10,cognitive,9,5,0,264.2,Beginner
user_61,course_10,cognitive,10,5,0,216.3,Beginner
user_61,course_10,cognitive,11,5,0,223.1,Beginner
user_61,course_30,cognitive,1,4,0,176.0,Beginner
user_61,course_30,cognitive,2,3,0,137.4,Beginner
user_61,course_30,cognitive,3,3,1,106.0,Beginner
user_61,course_30,cognitive,4,4,0,172.2,Beginner
user_61,course_30,cognitive,5,4,0,227.3,Beginner
user_61,course_30,cognitive,6,2,1,57.1,Beginner
user_61,course_30,cognitive,7,2,0,82.5,Beginner
user_61,course_30,cognitive,8,2,0,59.5,Beginner
user_61,course_30,cognitive,9,2,1,65.5,Beginner
user_61,course_30,cognitive,10,4,0,163.6,Beginner
user_61,course_30,cognitive,11,2,0,92.8,Beginner
user_61,course_18,cognitive,1,4,0,193.1,Beginner
user_61,course_18,cognitive,2,4,0,198.9,Beginner
user_61,course_18,cognitive,3,4,0,124.1,Beginner
user_61,course_18,cognitive,4,4,0,116.6,Beginner
user_61,course_18,cognitive,5,4,0,168.6,Beginner
user_61,course_18,cognitive,6,3,0,102.5,Beginner
user_61,course_18,cognitive,7,2,0,98.3,Beginner
user_61,course_18,cognitive,8,4,0,141.4,Beginner
user_61,course_18,cognitive,9,3,0,148.1,Beginner
user_61,course_18,cognitive,10,2,1,62.0,Beginner
user_61,course_18,cognitive,11,3,0,119.9,Beginner
user_61,course_18,cognitive,12,2,1,69.3,Beginner
user_61,course_19,cognitive,1,1,1,37.0,Beginner
user_61,course_19,cognitive,2,1,1,37.3,Beginner
user_61,course_19,cognitive,3,1,1,33.0,Beginner
user_61,course_19,cognitive,4,2,0,78.9,Beginner
user_61,course_19,cognitive,5,3,1,75.3,Beginner
user_61,course_19,cognitive,6,1,1,38.5,Beginner
user_61,course_19,cognitive,7,1,1,38.7,Beginner
user_61,course_19,cognitive,8,1,1,37.5,Beginner
user_61,course_19,cognitive,9,2,1,67.7,Beginner
user_61,course_19,cognitive,10,2,0,66.0,Beginner
user_61,course_19,cognitive,11,1,1,32.8,Beginner
user_61,course_19,cognitive,12,1,0,50.6,Beginner
user_61,course_14,cognitive,1,5,0,165.5,Beginner
user_61,course_14,cognitive,2,5,0,189.2,Beginner
user_61,course_14,cognitive,3,5,0,196.3,Beginner
user_61,course_14,cognitive,4,5,0,193.5,Beginner
user_61,course_14,cognitive,5,5,0,197.9,Beginner
user_61,course_14,cognitive,6,5,0,226.9,Beginner
user_61,course_14,cognitive,7,4,0,174.7,Beginner
user_61,course_14,cognitive,8,5,0,156.7,Beginner
user_61,course_14,cognitive,9,5,0,212.2,Beginner
user_61,course_14,cognitive,10,5,0,173.3,Beginner
user_61,course_14,cognitive,11,4,0,166.2,Beginner
user_61,course_14,cognitive,12,4,1,136.7,Beginner
user_61,course_14,cognitive,13,5,0,213.7,Beginner
user_61,course_14,cognitive,14,5,0,162.1,Beginner
user_61,course_14,cognitive,15,4,0,156.5,Beginner
user_61,course_31,cognitive,1,1,1,40.7,Beginner
user_61,course_31,cognitive,2,1,1,32.6,Beginner
user_61,course_31,cognitive,3,1,1,32.1,Beginner
user_61,course_31,cognitive,4,2,1,65.6,Beginner
user_61,course_31,cognitive,5,1,1,31.1,Beginner
user_61,course_31,cognitive,6,2,1,66.6,Beginner
user_61,course_31,cognitive,7,1,1,31.3,Beginner
user_61,course_31,cognitive,8,1,1,32.1,Beginner
user_61,course_31,cognitive,9,1,1,38.6,Beginner
user_61,course_31,cognitive,10,1,1,35.9,Beginner
user_61,course_31,cognitive,11,1,1,38.7,Beginner
user_61,course_31,cognitive,12,2,1,56.2,Beginner
user_61,course_31,cognitive,13,1,1,32.6,Beginner
user_62,course_6,visual,1,4,1,165.5,Advanced
user_62,course_6,visual,2,2,1,76.6,Advanced
user_62,course_6,visual,3,2,1,76.4,Advanced
user_62,course_6,visual,4,2,1,69.3,Advanced
user_62,course_6,visual,5,4,1,150.8,Advanced
user_62,course_6,visual,6,4,0,158.9,Advanced
user_62,course_6,visual,7,4,1,126.1,Advanced
user_62,course_6,visual,8,4,0,224.9,Advanced
user_62,course_6,visual,9,2,1,54.8,Advanced
user_62,course_6,visual,10,3,1,114.4,Advanced
user_62,course_6,visual,11,3,1,91.6,Advanced
user_62,course_6,visual,12,3,1,112.9,Advanced
user_62,course_6,visual,13,2,1,61.9,Advanced
user_62,course_6,visual,14,3,1,118.0,Advanced
user_62,course_6,visual,15,4,1,151.4,Advanced
user_62,course_4,visual,1,3,0,104.0,Advanced
user_62,course_4,visual,2,3,0,163.1,Advanced
user_62,course_4,visual,3,2,1,67.2,Advanced
user_62,course_4,visual,4,3,1,96.3,Advanced
user_62,course_4,visual,5,1,1,41.6,Advanced
user_62,course_4,visual,6,3,1,106.2,Advanced
user_62,course_4,visual,7,2,1,64.7,Advanced
user_62,course_4,visual,8,2,0,101.4,Advanced
user_62,course_4,visual,9,1,1,39.9,Advanced
user_62,course_4,visual,10,1,1,42.7,Advanced
user_62,course_4,visual,11,3,0,177.4,Advanced
user_62,course_4,visual,12,1,1,34.7,Advanced
user_62,course_4,visual,13,2,1,66.8,Advanced
user_62,course_4,visual,14,3,1,109.0,Advanced
user_62,course_36,visual,1,3,1,104.5,Advanced
user_62,course_36,visual,2,5,0,265.9,Advanced
user_62,course_36,visual,3,5,1,206.4,Advanced
user_62,course_36,visual,4,4,1,159.8,Advanced
user_62,course_36,visual,5,5,1,172.6,Advanced
user_62,course_36,visual,6,5,0,313.1,Advanced
user_62,course_36,visual,7,3,1,93.2,Advanced
user_62,course_36,visual,8,3,1,123.0,Advanced
user_62,course_36,visual,9,4,1,126.1,Advanced
user_62,course_36,visual,10,5,1,180.3,Advanced
user_62,course_36,visual,11,5,0,234.2,Advanced
user_62,course_36,visual,12,4,0,163.4,Advanced
user_62,course_36,visual,13,4,1,130.1,Advanced
user_62,course_36,visual,14,3,1,92.7,Advanced
user_62,course_36,visual,15,3,0,157.1,Advanced
user_62,course_28,visual,1,2,1,68.5,Advanced
user_62,course_28,visual,2,3,1,113.8,Advanced
user_62,course_28,visual,3,2,1,63.7,Advanced
user_62,course_28,visual,4,4,1,164.2,Advanced
user_62,course_28,visual,5,4,1,135.2,Advanced
user_62,course_28,visual,6,3,1,87.6,Advanced
user_62,course_28,visual,7,3,1,116.9,Advanced
user_62,course_28,visual,8,4,1,143.0,Advanced
user_62,course_28,visual,9,2,1,69.8,Advanced
user_62,course_28,visual,10,3,1,120.6,Advanced
user_62,course_28,visual,11,2,1,64.4,Advanced
user_62,course_0,visual,1,3,1,102.0,Advanced
user_62,course_0,visual,2,3,0,144.1,Advanced
user_62,course_0,visual,3,2,1,75.5,Advanced
user_62,course_0,visual,4,3,1,102.0,Advanced
user_62,course_0,visual,5,2,1,65.3,Advanced
user_62,course_0,visual,6,2,1,53.2,Advanced
user_62,course_0,visual,7,3,1,101.0,Advanced
user_62,course_0,visual,8,4,1,140.3,Advanced
user_62,course_0,visual,9,2,1,63.4,Advanced
user_62,course_0,visual,10,2,0,105.4,Advanced
user_62,course_0,visual,11,4,1,138.7,Advanced
user_63,course_37,cognitive,1,2,1,41.2,Intermediate
user_63,course_37,cognitive,2,2,1,50.1,Intermediate
user_63,course_37,cognitive,3,1,1,22.5,Intermediate
user_63,course_37,cognitive,4,2,1,46.9,Intermediate
user_63,course_37,cognitive,5,1,1,28.3,Intermediate
user_63,course_37,cognitive,6,1,1,29.1,Intermediate
user_63,course_37,cognitive,7,1,1,26.6,Intermediate
user_63,course_37,cognitive,8,1,1,26.1,Intermediate
user_63,course_37,cognitive,9,2,1,44.3,Intermediate
user_63,course_37,cognitive,10,1,1,22.0,Intermediate
user_63,course_37,cognitive,11,1,1,27.2,Intermediate
user_63,course_37,cognitive,12,1,1,23.5,Intermediate
user_63,course_37,cognitive,13,1,1,25.9,Intermediate
user_63,course_37,cognitive,14,1,1,31.1,Intermediate
user_63,course_11,cognitive,1,5,0,167.8,Intermediate
user_63,course_11,cognitive,2,5,0,165.0,Intermediate
user_63,course_11,cognitive,3,4,1,94.4,Intermediate
user_63,course_11,cognitive,4,4,0,111.3,Intermediate
user_63,course_11,cognitive,5,4,0,137.6,Intermediate
user_63,course_11,cognitive,6,4,0,154.9,Intermediate
user_63,course_11,cognitive,7,4,0,130.1,Intermediate
user_63,course_11,cognitive,8,5,1,102.7,Intermediate
user_63,course_11,cognitive,9,3,1,75.4,Intermediate
user_63,course_11,cognitive,10,5,0,174.7,Intermediate
user_63,course_11,cognitive,11,5,1,101.6,Intermediate
user_63,course_11,cognitive,12,4,1,114.2,Intermediate
user_63,course_11,cognitive,13,3,1,61.5,Intermediate
user_63,course_11,cognitive,14,5,0,188.5,Intermediate
user_63,course_11,cognitive,15,4,1,83.0,Intermediate
user_63,course_41,cognitive,1,1,1,32.2,Intermediate
user_63,course_41,cognitive,2,1,1,24.1,Intermediate
user_63,course_41,cognitive,3,3,1,86.3,Intermediate
user_63,course_41,cognitive,4,2,1,47.3,Intermediate
user_63,course_41,cognitive,5,3,1,76.2,Intermediate
user_63,course_41,cognitive,6,1,1,25.2,Intermediate
user_63,course_41,cognitive,7,2,1,51.8,Intermediate
user_63,course_41,cognitive,8,2,1,39.6,Intermediate
user_63,course_41,cognitive,9,3,0,89.5,Intermediate
user_63,course_41,cognitive,10,2,0,44.0,Intermediate
user_64,course_35,visual,1,1,1,76.5,Beginner
user_64,course_35,visual,2,3,0,224.0,Beginner
user_64,course_35,visual,3,3,0,284.2,Beginner
user_64,course_35,visual,4,3,0,206.8,Beginner
user_64,course_35,visual,5,3,0,220.6,Beginner
user_64,course_35,visual,6,2,1,113.5,Beginner
user_64,course_35,visual,7,2,1,132.1,Beginner
user_64,course_35,visual,8,2,1,129.7,Beginner
user_64,course_35,visual,9,1,1,68.1,Beginner
user_64,course_35,visual,10,2,1,111.0,Beginner
user_64,course_2,visual,1,3,0,193.8,Beginner
user_64,course_2,visual,2,3,0,259.4,Beginner
user_64,course_2,visual,3,3,0,271.7,Beginner
user_64,course_2,visual,4,3,0,283.9,Beginner
user_64,course_2,visual,5,4,0,267.5,Beginner
user_64,course_2,visual,6,2,1,113.5,Beginner
user_64,course_2,visual,7,3,1,182.9,Beginner
user_64,course_2,visual,8,2,1,116.6,Beginner
user_64,course_2,visual,9,3,0,278.1,Beginner
user_64,course_2,visual,10,3,0,216.4,Beginner
user_64,course_25,visual,1,3,1,162.5,Beginner
user_64,course_25,visual,2,2,1,97.5,Beginner
user_64,course_25,visual,3,1,0,69.7,Beginner
user_64,course_25,visual,4,1,0,71.2,Beginner
user_64,course_25,visual,5,1,1,63.6,Beginner
user_64,course_25,visual,6,2,1,117.2,Beginner
user_64,course_25,visual,7,1,1,71.5,Beginner
user_64,course_25,visual,8,1,0,79.1,Beginner
user_64,course_25,visual,9,3,1,166.5,Beginner
user_64,course_25,visual,10,1,0,79.6,Beginner
user_64,course_20,visual,1,3,1,155.4,Beginner
user_64,course_20,visual,2,2,1,107.9,Beginner
user_64,course_20,visual,3,2,1,130.9,Beginner
user_64,course_20,visual,4,4,0,286.4,Beginner
user_64,course_20,visual,5,3,0,233.1,Beginner
user_64,course_20,visual,6,2,0,142.4,Beginner
user_64,course_20,visual,7,2,1,100.3,Beginner
user_64,course_20,visual,8,4,0,349.2,Beginner
user_64,course_20,visual,9,3,0,290.2,Beginner
user_64,course_20,visual,10,3,0,234.2,Beginner
user_64,course_20,visual,11,2,0,126.8,Beginner
user_64,course_20,visual,12,4,0,318.7,Beginner
user_64,course_8,visual,1,4,0,336.9,Beginner
user_64,course_8,visual,2,4,0,253.1,Beginner
user_64,course_8,visual,3,5,0,450.5,Beginner
user_64,course_8,visual,4,4,0,367.7,Beginner
user_64,course_8,visual,5,5,0,420.3,Beginner
user_64,course_8,visual,6,4,0,382.5,Beginner
user_64,course_8,visual,7,5,0,442.5,Beginner
user_64,course_8,visual,8,4,0,293.3,Beginner
user_64,course_8,visual,9,5,0,448.2,Beginner
user_64,course_8,visual,10,5,0,338.5,Beginner
user_64,course_8,visual,11,5,0,479.4,Beginner
user_64,course_8,visual,12,4,0,330.6,Beginner
user_64,course_8,visual,13,4,0,424.5,Beginner
user_64,course_8,visual,14,5,0,349.8,Beginner
user_64,course_8,visual,15,5,0,448.4,Beginner
user_64,course_14,visual,1,5,0,454.5,Beginner
user_64,course_14,visual,2,5,0,465.1,Beginner
user_64,course_14,visual,3,4,0,355.8,Beginner
user_64,course_14,visual,4,5,0,421.9,Beginner
user_64,course_14,visual,5,5,0,361.9,Beginner
user_64,course_14,visual,6,5,0,379.6,Beginner
user_64,course_14,visual,7,5,0,438.1,Beginner
user_64,course_14,visual,8,4,1,272.8,Beginner
user_64,course_14,visual,9,4,0,365.2,Beginner
user_64,course_14,visual,10,4,0,426.3,Beginner
user_64,course_14,visual,11,5,0,363.4,Beginner
user_64,course_14,visual,12,5,0,398.2,Beginner
user_64,course_14,visual,13,5,0,544.3,Beginner
user_64,course_14,visual,14,4,0,250.7,Beginner
user_64,course_14,visual,15,5,0,337.1,Beginner
user_64,course_22,visual,1,3,0,249.2,Beginner
user_64,course_22,visual,2,2,1,130.6,Beginner
user_64,course_22,visual,3,2,0,189.8,Beginner
user_64,course_22,visual,4,3,0,263.6,Beginner
user_64,course_22,visual,5,4,0,261.8,Beginner
user_64,course_22,visual,6,4,0,278.0,Beginner
user_64,course_22,visual,7,4,1,278.1,Beginner
user_64,course_22,visual,8,4,0,400.3,Beginner
user_64,course_22,visual,9,4,0,281.1,Beginner
user_64,course_22,visual,10,2,1,108.2,Beginner
user_64,course_22,visual,11,2,1,104.5,Beginner
user_64,course_22,visual,12,2,0,129.2,Beginner
user_65,course_41,cognitive,1,3,1,81.3,Intermediate
user_65,course_41,cognitive,2,3,1,86.0,Intermediate
user_65,course_41,cognitive,3,2,0,54.5,Intermediate
user_65,course_41,cognitive,4,1,1,30.5,Intermediate
user_65,course_41,cognitive,5,2,1,51.5,Intermediate
user_65,course_41,cognitive,6,2,1,39.3,Intermediate
user_65,course_41,cognitive,7,3,0,84.1,Intermediate
user_65,course_41,cognitive,8,1,1,24.5,Intermediate
user_65,course_41,cognitive,9,2,0,65.2,Intermediate
user_65,course_41,cognitive,10,3,1,65.5,Intermediate
user_65,course_41,cognitive,11,3,0,109.4,Intermediate
user_65,course_41,cognitive,12,1,1,23.2,Intermediate
user_65,course_41,cognitive,13,2,1,50.0,Intermediate
user_65,course_34,cognitive,1,5,1,129.0,Intermediate
user_65,course_34,cognitive,2,5,1,148.0,Intermediate
user_65,course_34,cognitive,3,5,0,164.6,Intermediate
user_65,course_34,cognitive,4,4,1,114.5,Intermediate
user_65,course_34,cognitive,5,5,0,157.8,Intermediate
user_65,course_34,cognitive,6,5,0,182.0,Intermediate
user_65,course_34,cognitive,7,4,1,99.7,Intermediate
user_65,course_34,cognitive,8,5,0,167.4,Intermediate
user_65,course_34,cognitive,9,5,1,142.3,Intermediate
user_65,course_34,cognitive,10,5,0,158.0,Intermediate
user_65,course_34,cognitive,11,5,0,159.0,Intermediate
user_65,course_32,cognitive,1,5,0,213.8,Intermediate
user_65,course_32,cognitive,2,4,1,87.1,Intermediate
user_65,course_32,cognitive,3,5,0,169.2,Intermediate
user_65,course_32,cognitive,4,4,1,102.9,Intermediate
user_65,course_32,cognitive,5,5,0,128.3,Intermediate
user_65,course_32,cognitive,6,4,0,101.8,Intermediate
user_65,course_32,cognitive,7,5,0,162.7,Intermediate
user_65,course_32,cognitive,8,5,0,164.7,Intermediate
user_65,course_32,cognitive,9,5,0,163.1,Intermediate
user_65,course_32,cognitive,10,5,0,205.7,Intermediate
user_65,course_32,cognitive,11,4,1,108.6,Intermediate
user_65,course_32,cognitive,12,5,0,144.0,Intermediate
user_65,course_32,cognitive,13,4,0,157.3,Intermediate
user_65,course_17,cognitive,1,2,1,47.6,Intermediate
user_65,course_17,cognitive,2,1,0,41.5,Intermediate
user_65,course_17,cognitive,3,2,1,39.5,Intermediate
user_65,course_17,cognitive,4,1,1,24.1,Intermediate
user_65,course_17,cognitive,5,1,1,24.3,Intermediate
user_65,course_17,cognitive,6,3,0,95.3,Intermediate
user_65,course_17,cognitive,7,1,1,25.3,Intermediate
user_65,course_17,cognitive,8,1,1,24.8,Intermediate
user_65,course_17,cognitive,9,3,1,69.6,Intermediate
user_65,course_17,cognitive,10,3,0,95.8,Intermediate
user_65,course_17,cognitive,11,2,1,41.8,Intermediate
user_65,course_17,cognitive,12,2,1,40.4,Intermediate
user_65,course_17,cognitive,13,3,0,89.6,Intermediate
user_65,course_17,cognitive,14,1,0,37.6,Intermediate
user_65,course_31,cognitive,1,1,1,31.7,Intermediate
user_65,course_31,cognitive,2,1,1,27.6,Intermediate
user_65,course_31,cognitive,3,1,1,32.1,Intermediate
user_65,course_31,cognitive,4,1,1,27.5,Intermediate
user_65,course_31,cognitive,5,1,1,28.3,Intermediate
user_65,course_31,cognitive,6,2,1,45.4,Intermediate
user_65,course_31,cognitive,7,1,1,23.5,Intermediate
user_65,course_31,cognitive,8,1,1,22.5,Intermediate
user_65,course_31,cognitive,9,1,1,31.2,Intermediate
user_65,course_31,cognitive,10,1,0,31.3,Intermediate
user_65,course_31,cognitive,11,1,1,30.2,Intermediate
user_65,course_31,cognitive,12,1,1,25.5,Intermediate
user_65,course_15,cognitive,1,4,0,142.3,Intermediate
user_65,course_15,cognitive,2,4,1,79.3,Intermediate
user_65,course_15,cognitive,3,5,0,133.5,Intermediate
user_65,course_15,cognitive,4,4,1,109.4,Intermediate
user_65,course_15,cognitive,5,3,1,84.9,Intermediate
user_65,course_15,cognitive,6,4,1,97.3,Intermediate
user_65,course_15,cognitive,7,3,1,82.7,Intermediate
user_65,course_15,cognitive,8,4,0,111.7,Intermediate
user_65,course_15,cognitive,9,4,1,89.2,Intermediate
user_65,course_15,cognitive,10,5,0,140.6,Intermediate
user_65,course_15,cognitive,11,4,0,139.7,Intermediate
user_66,course_20,motor,1,4,0,290.8,Beginner
user_66,course_20,motor,2,4,0,202.8,Beginner
user_66,course_20,motor,3,3,0,136.2,Beginner
user_66,course_20,motor,4,4,0,299.9,Beginner
user_66,course_20,motor,5,4,0,168.1,Beginner
user_66,course_20,motor,6,2,1,97.1,Beginner
user_66,course_20,motor,7,3,0,133.4,Beginner
user_66,course_20,motor,8,4,1,202.9,Beginner
user_66,course_20,motor,9,2,1,75.8,Beginner
user_66,course_20,motor,10,4,1,177.4,Beginner
user_66,course_20,motor,11,4,0,200.2,Beginner
user_66,course_20,motor,12,4,0,251.9,Beginner
user_66,course_20,motor,13,4,1,166.5,Beginner
user_66,course_20,motor,14,4,0,247.5,Beginner
user_66,course_47,motor,1,4,0,187.2,Beginner
user_66,course_47,motor,2,4,0,278.5,Beginner
user_66,course_47,motor,3,4,1,187.1,Beginner
user_66,course_47,motor,4,3,0,133.7,Beginner
user_66,course_47,motor,5,2,0,97.0,Beginner
user_66,course_47,motor,6,3,0,172.3,Beginner
user_66,course_47,motor,7,2,1,72.8,Beginner
user_66,course_47,motor,8,4,0,196.4,Beginner
user_66,course_47,motor,9,4,0,210.6,Beginner
user_66,course_47,motor,10,4,0,263.9,Beginner
user_66,course_47,motor,11,4,0,209.3,Beginner
user_66,course_47,motor,12,2,1,90.6,Beginner
user_66,course_47,motor,13,4,0,267.4,Beginner
user_66,course_47,motor,14,3,0,150.4,Beginner
user_66,course_47,motor,15,4,0,214.6,Beginner
user_66,course_18,motor,1,3,0,139.7,Beginner
user_66,course_18,motor,2,4,0,270.7,Beginner
user_66,course_18,motor,3,3,0,144.8,Beginner
user_66,course_18,motor,4,3,0,194.1,Beginner
user_66,course_18,motor,5,4,0,175.5,Beginner
user_66,course_18,motor,6,2,1,87.6,Beginner
user_66,course_18,motor,7,4,0,233.0,Beginner
user_66,course_18,motor,8,2,1,81.6,Beginner
user_66,course_18,motor,9,3,1,143.7,Beginner
user_66,course_18,motor,10,3,0,221.0,Beginner
user_66,course_18,motor,11,4,0,246.3,Beginner
user_66,course_18,motor,12,3,0,134.6,Beginner
user_66,course_23,motor,1,3,1,141.7,Beginner
user_66,course_23,motor,2,4,1,179.1,Beginner
user_66,course_23,motor,3,3,0,127.5,Beginner
user_66,course_23,motor,4,2,1,92.6,Beginner
user_66,course_23,motor,5,4,0,188.9,Beginner
user_66,course_23,motor,6,4,0,283.2,Beginner
user_66,course_23,motor,7,4,1,155.9,Beginner
user_66,course_23,motor,8,4,0,179.0,Beginner
user_66,course_23,motor,9,4,0,291.0,Beginner
user_66,course_23,motor,10,3,0,209.1,Beginner
user_67,course_14,cognitive,1,5,0,146.2,Advanced
user_67,course_14,cognitive,2,4,1,85.9,Advanced
user_67,course_14,cognitive,3,4,1,71.1,Advanced
user_67,course_14,cognitive,4,5,0,110.5,Advanced
user_67,course_14,cognitive,5,4,1,65.8,Advanced
user_67,course_14,cognitive,6,5,1,104.5,Advanced
user_67,course_14,cognitive,7,5,0,114.4,Advanced
user_67,course_14,cognitive,8,5,0,150.1,Advanced
user_67,course_14,cognitive,9,5,0,137.8,Advanced
user_67,course_14,cognitive,10,4,0,96.9,Advanced
user_67,course_14,cognitive,11,5,0,115.0,Advanced
user_67,course_14,cognitive,12,5,0,106.4,Advanced
user_67,course_14,cognitive,13,5,1,90.5,Advanced
user_67,course_14,cognitive,14,4,1,76.5,Advanced
user_67,course_6,cognitive,1,2,1,31.3,Advanced
user_67,course_6,cognitive,2,3,1,50.6,Advanced
user_67,course_6,cognitive,3,4,0,101.2,Advanced
user_67,course_6,cognitive,4,3,1,49.5,Advanced
user_67,course_6,cognitive,5,2,1,29.0,Advanced
user_67,course_6,cognitive,6,2,1,35.2,Advanced
user_67,course_6,cognitive,7,3,0,83.8,Advanced
user_67,course_6,cognitive,8,3,1,50.3,Advanced
user_67,course_6,cognitive,9,3,0,93.7,Advanced
user_67,course_6,cognitive,10,4,1,71.5,Advanced
user_67,course_6,cognitive,11,4,1,70.5,Advanced
user_67,course_6,cognitive,12,4,1,86.8,Advanced
user_67,course_6,cognitive,13,2,1,27.4,Advanced
user_67,course_6,cognitive,14,2,1,33.8,Advanced
user_67,course_6,cognitive,15,2,1,27.7,Advanced
user_67,course_4,cognitive,1,1,1,23.2,Advanced
user_67,course_4,cognitive,2,1,1,22.5,Advanced
user_67,course_4,cognitive,3,2,1,34.3,Advanced
user_67,course_4,cognitive,4,2,0,33.3,Advanced
user_67,course_4,cognitive,5,2,1,34.1,Advanced
user_67,course_4,cognitive,6,2,1,37.7,Advanced
user_67,course_4,cognitive,7,1,1,18.2,Advanced
user_67,course_4,cognitive,8,3,1,53.4,Advanced
user_67,course_4,cognitive,9,3,1,48.4,Advanced
user_67,course_4,cognitive,10,2,1,34.0,Advanced
user_67,course_4,cognitive,11,1,1,22.3,Advanced
user_67,course_4,cognitive,12,2,1,31.8,Advanced
user_67,course_4,cognitive,13,1,1,20.5,Advanced
user_67,course_4,cognitive,14,2,1,34.8,Advanced
user_67,course_36,cognitive,1,4,1,80.5,Advanced
user_67,course_36,cognitive,2,3,1,55.1,Advanced
user_67,course_36,cognitive,3,5,1,79.5,Advanced
user_67,course_36,cognitive,4,4,1,70.9,Advanced
user_67,course_36,cognitive,5,5,0,104.7,Advanced
user_67,course_36,cognitive,6,4,1,70.2,Advanced
user_67,course_36,cognitive,7,3,1,61.7,Advanced
user_67,course_36,cognitive,8,5,0,104.6,Advanced
user_67,course_36,cognitive,9,4,1,63.8,Advanced
user_67,course_36,cognitive,10,4,1,61.7,Advanced
user_67,course_36,cognitive,11,4,0,105.6,Advanced
user_67,course_36,cognitive,12,3,1,53.8,Advanced
user_67,course_46,cognitive,1,3,0,58.1,Advanced
user_67,course_46,cognitive,2,4,0,109.9,Advanced
user_67,course_46,cognitive,3,3,1,55.8,Advanced
user_67,course_46,cognitive,4,3,1,54.7,Advanced
user_67,course_46,cognitive,5,5,0,113.0,Advanced
user_67,course_46,cognitive,6,4,0,78.5,Advanced
user_67,course_46,cognitive,7,4,1,75.7,Advanced
user_67,course_46,cognitive,8,5,1,109.6,Advanced
user_67,course_46,cognitive,9,5,0,111.9,Advanced
user_67,course_46,cognitive,10,5,1,83.2,Advanced
user_68,course_40,visual,1,5,0,391.2,Beginner
user_68,course_40,visual,2,5,0,383.4,Beginner
user_68,course_40,visual,3,5,0,466.9,Beginner
user_68,course_40,visual,4,3,1,193.2,Beginner
user_68,course_40,visual,5,4,0,311.6,Beginner
user_68,course_40,visual,6,4,0,324.8,Beginner
user_68,course_40,visual,7,5,0,488.8,Beginner
user_68,course_40,visual,8,3,1,157.0,Beginner
user_68,course_40,visual,9,5,0,430.0,Beginner
user_68,course_40,visual,10,3,0,237.3,Beginner
user_68,course_40,visual,11,5,0,411.5,Beginner
user_68,course_10,visual,1,4,0,298.8,Beginner
user_68,course_10,visual,2,5,0,376.0,Beginner
user_68,course_10,visual,3,5,0,466.2,Beginner
user_68,course_10,visual,4,5,0,330.0,Beginner
user_68,course_10,visual,5,4,0,265.5,Beginner
user_68,course_10,visual,6,5,0,377.2,Beginner
user_68,course_10,visual,7,4,0,365.1,Beginner
user_68,course_10,visual,8,5,0,479.7,Beginner
user_68,course_10,visual,9,4,0,329.9,Beginner
user_68,course_10,visual,10,4,1,235.1,Beginner
user_68,course_10,visual,11,5,0,501.8,Beginner
user_68,course_10,visual,12,5,0,455.6,Beginner
user_68,course_20,visual,1,3,1,181.8,Beginner
user_68,course_20,visual,2,4,0,284.8,Beginner
user_68,course_20,visual,3,3,0,213.9,Beginner
user_68,course_20,visual,4,4,0,341.6,Beginner
user_68,course_20,visual,5,3,0,224.9,Beginner
user_68,course_20,visual,6,2,1,106.8,Beginner
user_68,course_20,visual,7,4,0,333.9,Beginner
user_68,course_20,visual,8,3,1,191.1,Beginner
user_68,course_20,visual,9,2,1,104.5,Beginner
user_68,course_20,visual,10,4,0,303.0,Beginner
user_68,course_20,visual,11,2,1,115.9,Beginner
user_68,course_20,visual,12,2,1,129.5,Beginner
user_68,course_20,visual,13,3,0,214.9,Beginner
user_68,course_20,visual,14,4,0,314.0,Beginner
user_68,course_20,visual,15,4,0,353.0,Beginner
user_69,course_28,motor,1,2,1,41.5,Advanced
user_69,course_28,motor,2,2,1,50.5,Advanced
user_69,course_28,motor,3,2,1,54.6,Advanced
user_69,course_28,motor,4,2,1,49.6,Advanced
user_69,course_28,motor,5,3,1,60.9,Advanced
user_69,course_28,motor,6,2,1,46.3,Advanced
user_69,course_28,motor,7,2,0,50.5,Advanced
user_69,course_28,motor,8,2,1,38.0,Advanced
user_69,course_28,motor,9,3,0,101.2,Advanced
user_69,course_28,motor,10,2,1,42.3,Advanced
user_69,course_28,motor,11,2,1,47.9,Advanced
user_69,course_34,motor,1,5,1,134.9,Advanced
user_69,course_34,motor,2,4,0,125.1,Advanced
user_69,course_34,motor,3,4,1,109.0,Advanced
user_69,course_34,motor,4,4,1,112.7,Advanced
user_69,course_34,motor,5,4,0,115.3,Advanced
user_69,course_34,motor,6,4,0,125.7,Advanced
user_69,course_34,motor,7,5,1,150.2,Advanced
user_69,course_34,motor,8,5,0,178.2,Advanced
user_69,course_34,motor,9,4,1,116.8,Advanced
user_69,course_34,motor,10,4,1,97.0,Advanced
user_69,course_18,motor,1,4,0,167.1,Advanced
user_69,course_18,motor,2,3,0,110.4,Advanced
user_69,course_18,motor,3,4,1,105.4,Advanced
user_69,course_18,motor,4,4,1,85.9,Advanced
user_69,course_18,motor,5,4,1,82.6,Advanced
user_69,course_18,motor,6,4,1,104.3,Advanced
user_69,course_18,motor,7,3,0,97.6,Advanced
user_69,course_18,motor,8,4,1,95.9,Advanced
user_69,course_18,motor,9,4,0,106.7,Advanced
user_69,course_18,motor,10,4,1,123.3,Advanced
user_69,course_18,motor,11,2,1,38.5,Advanced
user_69,course_18,motor,12,3,0,112.5,Advanced
user_69,course_18,motor,13,4,1,100.7,Advanced
user_69,course_37,motor,1,2,1,41.9,Advanced
user_69,course_37,motor,2,1,1,33.2,Advanced
user_69,course_37,motor,3,2,1,56.2,Advanced
user_69,course_37,motor,4,1,1,26.6,Advanced
user_69,course_37,motor,5,1,1,29.4,Advanced
user_69,course_37,motor,6,2,1,38.8,Advanced
user_69,course_37,motor,7,1,1,29.1,Advanced
user_69,course_37,motor,8,1,1,24.2,Advanced
user_69,course_37,motor,9,2,1,55.7,Advanced
user_69,course_37,motor,10,2,1,47.7,Advanced
user_69,course_37,motor,11,1,1,22.5,Advanced
user_69,course_37,motor,12,1,1,30.0,Advanced
user_69,course_37,motor,13,1,1,26.0,Advanced
user_69,course_31,motor,1,1,1,33.5,Advanced
user_69,course_31,motor,2,1,1,25.0,Advanced
user_69,course_31,motor,3,2,1,41.5,Advanced
user_69,course_31,motor,4,1,0,27.2,Advanced
user_69,course_31,motor,5,1,1,25.8,Advanced
user_69,course_31,motor,6,1,1,27.1,Advanced
user_69,course_31,motor,7,1,1,22.8,Advanced
user_69,course_31,motor,8,1,1,28.9,Advanced
user_69,course_31,motor,9,1,1,26.8,Advanced
user_69,course_31,motor,10,2,0,61.4,Advanced
user_69,course_31,motor,11,1,1,31.9,Advanced
user_69,course_44,motor,1,3,1,78.7,Advanced
user_69,course_44,motor,2,4,0,98.7,Advanced
user_69,course_44,motor,3,4,0,130.7,Advanced
user_69,course_44,motor,4,2,1,53.3,Advanced
user_69,course_44,motor,5,3,1,62.3,Advanced
user_69,course_44,motor,6,3,1,75.8,Advanced
user_69,course_44,motor,7,2,1,52.7,Advanced
user_69,course_44,motor,8,2,1,51.8,Advanced
user_69,course_44,motor,9,4,1,89.5,Advanced
user_69,course_44,motor,10,3,1,83.3,Advanced
user_69,course_44,motor,11,3,1,67.6,Advanced
user_69,course_44,motor,12,3,1,66.8,Advanced
user_69,course_44,motor,13,3,1,67.6,Advanced
user_69,course_44,motor,14,4,0,174.7,Advanced
user_69,course_29,motor,1,3,1,70.1,Advanced
user_69,course_29,motor,2,3,1,83.5,Advanced
user_69,course_29,motor,3,4,1,108.6,Advanced
user_69,course_29,motor,4,4,0,138.4,Advanced
user_69,course_29,motor,5,3,1,87.0,Advanced
user_69,course_29,motor,6,4,1,85.2,Advanced
user_69,course_29,motor,7,3,1,72.7,Advanced
user_69,course_29,motor,8,4,0,130.6,Advanced
user_69,course_29,motor,9,4,1,103.8,Advanced
user_69,course_29,motor,10,4,0,157.2,Advanced
user_69,course_29,motor,11,3,1,71.8,Advanced
user_70,course_41,visual,1,3,1,84.6,Advanced
user_70,course_41,visual,2,3,1,85.3,Advanced
user_70,course_41,visual,3,2,1,66.9,Advanced
user_70,course_41,visual,4,1,1,35.7,Advanced
user_70,course_41,visual,5,2,1,61.6,Advanced
user_70,course_41,visual,6,1,1,34.7,Advanced
user_70,course_41,visual,7,2,1,57.2,Advanced
user_70,course_41,visual,8,3,1,84.6,Advanced
user_70,course_41,visual,9,1,1,42.4,Advanced
user_70,course_41,visual,10,3,1,102.7,Advanced
user_70,course_41,visual,11,2,1,64.0,Advanced
user_70,course_41,visual,12,3,1,88.8,Advanced
user_70,course_41,visual,13,2,1,66.7,Advanced
user_70,course_41,visual,14,3,1,100.5,Advanced
user_70,course_41,visual,15,2,1,69.0,Advanced
user_70,course_20,visual,1,2,1,72.0,Advanced
user_70,course_20,visual,2,2,1,57.5,Advanced
user_70,course_20,visual,3,4,1,118.1,Advanced
user_70,course_20,visual,4,2,0,79.2,Advanced
user_70,course_20,visual,5,3,1,84.3,Advanced
user_70,course_20,visual,6,4,0,183.4,Advanced
user_70,course_20,visual,7,3,1,124.6,Advanced
user_70,course_20,visual,8,4,0,171.6,Advanced
user_70,course_20,visual,9,4,0,191.8,Advanced
user_70,course_20,visual,10,4,0,189.9,Advanced
user_70,course_20,visual,11,3,1,104.8,Advanced
user_70,course_20,visual,12,4,1,172.2,Advanced
user_70,course_18,visual,1,2,1,56.7,Advanced
user_70,course_18,visual,2,3,1,125.0,Advanced
user_70,course_18,visual,3,3,1,116.1,Advanced
user_70,course_18,visual,4,3,1,96.3,Advanced
user_70,course_18,visual,5,4,0,190.8,Advanced
user_70,course_18,visual,6,2,1,62.7,Advanced
user_70,course_18,visual,7,4,1,168.6,Advanced
user_70,course_18,visual,8,2,1,66.5,Advanced
user_70,course_18,visual,9,3,1,89.8,Advanced
user_70,course_18,visual,10,3,0,135.5,Advanced
user_70,course_18,visual,11,3,1,85.1,Advanced
user_70,course_8,visual,1,4,1,168.8,Advanced
user_70,course_8,visual,2,5,1,210.4,Advanced
user_70,course_8,visual,3,5,1,182.4,Advanced
user_70,course_8,visual,4,5,0,271.0,Advanced
user_70,course_8,visual,5,4,0,180.8,Advanced
user_70,course_8,visual,6,5,0,247.6,Advanced
user_70,course_8,visual,7,5,1,219.2,Advanced
user_70,course_8,visual,8,4,1,139.6,Advanced
user_70,course_8,visual,9,5,1,185.8,Advanced
user_70,course_8,visual,10,4,1,172.7,Advanced
user_70,course_8,visual,11,5,1,157.7,Advanced
user_70,course_8,visual,12,4,1,123.5,Advanced
user_70,course_8,visual,13,5,0,188.3,Advanced
user_70,course_47,visual,1,3,1,116.7,Advanced
user_70,course_47,visual,2,3,1,121.2,Advanced
user_70,course_47,visual,3,4,1,116.8,Advanced
user_70,course_47,visual,4,4,1,149.6,Advanced
user_70,course_47,visual,5,2,1,68.0,Advanced
user_70,course_47,visual,6,2,1,65.7,Advanced
user_70,course_47,visual,7,3,0,125.8,Advanced
user_70,course_47,visual,8,3,0,113.8,Advanced
user_70,course_47,visual,9,3,1,122.7,Advanced
user_70,course_47,visual,10,3,1,100.0,Advanced
user_70,course_47,visual,11,4,1,150.4,Advanced
user_70,course_47,visual,12,4,1,162.8,Advanced
user_70,course_24,visual,1,3,0,130.6,Advanced
user_70,course_24,visual,2,4,0,202.6,Advanced
user_70,course_24,visual,3,2,1,76.2,Advanced
user_70,course_24,visual,4,2,1,66.8,Advanced
user_70,course_24,visual,5,3,1,101.1,Advanced
user_70,course_24,visual,6,4,1,169.4,Advanced
user_70,course_24,visual,7,3,1,113.4,Advanced
user_70,course_24,visual,8,3,1,119.2,Advanced
user_70,course_24,visual,9,4,0,185.5,Advanced
user_70,course_24,visual,10,4,0,199.0,Advanced
user_71,course_23,motor,1,4,1,200.7,Beginner
user_71,course_23,motor,2,2,0,142.9,Beginner
user_71,course_23,motor,3,2,0,77.7,Beginner
user_71,course_23,motor,4,3,1,107.0,Beginner
user_71,course_23,motor,5,2,0,100.1,Beginner
user_71,course_23,motor,6,2,0,118.4,Beginner
user_71,course_23,motor,7,3,0,162.6,Beginner
user_71,course_23,motor,8,3,0,178.4,Beginner
user_71,course_23,motor,9,3,1,144.7,Beginner
user_71,course_23,motor,10,3,0,208.7,Beginner
user_71,course_23,motor,11,3,1,138.2,Beginner
user_71,course_23,motor,12,2,1,90.5,Beginner
user_71,course_23,motor,13,2,1,67.4,Beginner
user_71,course_8,motor,1,5,0,240.3,Beginner
user_71,course_8,motor,2,4,0,206.5,Beginner
user_71,course_8,motor,3,4,0,279.7,Beginner
user_71,course_8,motor,4,5,1,237.3,Beginner
user_71,course_8,motor,5,5,0,243.1,Beginner
user_71,course_8,motor,6,4,0,249.0,Beginner
user_71,course_8,motor,7,4,0,239.4,Beginner
user_71,course_8,motor,8,4,0,225.3,Beginner
user_71,course_8,motor,9,5,0,332.7,Beginner
user_71,course_8,motor,10,5,0,238.7,Beginner
user_71,course_8,motor,11,4,0,214.3,Beginner
user_71,course_8,motor,12,5,0,313.8,Beginner
user_71,course_8,motor,13,4,0,224.8,Beginner
user_71,course_43,motor,1,1,1,56.9,Beginner
user_71,course_43,motor,2,2,0,103.1,Beginner
user_71,course_43,motor,3,3,0,174.3,Beginner
user_71,course_43,motor,4,1,1,49.3,Beginner
user_71,course_43,motor,5,1,1,52.3,Beginner
user_71,course_43,motor,6,2,0,95.2,Beginner
user_71,course_43,motor,7,1,1,40.7,Beginner
user_71,course_43,motor,8,2,1,96.2,Beginner
user_71,course_43,motor,9,1,1,52.8,Beginner
user_71,course_43,motor,10,3,0,166.8,Beginner
user_71,course_43,motor,11,3,0,129.5,Beginner
user_71,course_27,motor,1,2,0,83.4,Beginner
user_71,course_27,motor,2,2,0,127.8,Beginner
user_71,course_27,motor,3,3,1,130.8,Beginner
user_71,course_27,motor,4,2,1,95.6,Beginner
user_71,course_27,motor,5,3,0,146.1,Beginner
user_71,course_27,motor,6,1,1,42.8,Beginner
user_71,course_27,motor,7,3,0,190.7,Beginner
user_71,course_27,motor,8,2,1,74.6,Beginner
user_71,course_27,motor,9,1,1,43.7,Beginner
user_71,course_27,motor,10,2,1,69.4,Beginner
user_71,course_44,motor,1,3,0,140.3,Beginner
user_71,course_44,motor,2,2,1,69.7,Beginner
user_71,course_44,motor,3,2,1,70.2,Beginner
user_71,course_44,motor,4,2,1,70.9,Beginner
user_71,course_44,motor,5,4,0,222.0,Beginner
user_71,course_44,motor,6,3,1,119.8,Beginner
user_71,course_44,motor,7,3,0,157.2,Beginner
user_71,course_44,motor,8,4,0,238.8,Beginner
user_71,course_44,motor,9,2,1,77.0,Beginner
user_71,course_44,motor,10,2,1,78.5,Beginner
user_71,course_44,motor,11,4,0,213.9,Beginner
user_71,course_44,motor,12,2,1,70.3,Beginner
user_71,course_44,motor,13,3,0,211.6,Beginner
user_72,course_1,motor,1,3,1,132.8,Beginner
user_72,course_1,motor,2,4,0,192.0,Beginner
user_72,course_1,motor,3,3,0,148.2,Beginner
user_72,course_1,motor,4,2,1,73.7,Beginner
user_72,course_1,motor,5,3,1,107.3,Beginner
user_72,course_1,motor,6,2,1,75.8,Beginner
user_72,course_1,motor,7,2,1,85.4,Beginner
user_72,course_1,motor,8,2,1,91.6,Beginner
user_72,course_1,motor,9,2,0,97.6,Beginner
user_72,course_1,motor,10,2,0,84.0,Beginner
user_72,course_1,motor,11,3,0,178.4,Beginner
user_72,course_1,motor,12,2,1,78.9,Beginner
user_72,course_9,motor,1,5,0,238.4,Beginner
user_72,course_9,motor,2,4,0,284.8,Beginner
user_72,course_9,motor,3,5,0,270.1,Beginner
user_72,course_9,motor,4,3,0,205.2,Beginner
user_72,course_9,motor,5,4,0,192.1,Beginner
user_72,course_9,motor,6,4,0,194.1,Beginner
user_72,course_9,motor,7,4,0,191.2,Beginner
user_72,course_9,motor,8,3,1,140.1,Beginner
user_72,course_9,motor,9,4,1,164.3,Beginner
user_72,course_9,motor,10,5,0,298.6,Beginner
user_72,course_9,motor,11,4,0,236.7,Beginner
user_72,course_9,motor,12,5,0,235.9,Beginner
user_72,course_9,motor,13,5,0,310.8,Beginner
user_72,course_9,motor,14,5,0,225.9,Beginner
user_72,course_9,motor,15,4,0,234.3,Beginner
user_72,course_28,motor,1,4,0,276.1,Beginner
user_72,course_28,motor,2,4,0,234.5,Beginner
user_72,course_28,motor,3,4,0,191.1,Beginner
user_72,course_28,motor,4,3,0,138.0,Beginner
user_72,course_28,motor,5,2,1,78.9,Beginner
user_72,course_28,motor,6,2,1,68.9,Beginner
user_72,course_28,motor,7,3,1,135.7,Beginner
user_72,course_28,motor,8,4,1,162.7,Beginner
user_72,course_28,motor,9,2,1,81.8,Beginner
user_72,course_28,motor,10,4,1,148.1,Beginner
user_72,course_13,motor,1,2,0,91.1,Beginner
user_72,course_13,motor,2,2,1,66.6,Beginner
user_72,course_13,motor,3,4,0,232.6,Beginner
user_72,course_13,motor,4,2,1,69.2,Beginner
user_72,course_13,motor,5,4,0,240.3,Beginner
user_72,course_13,motor,6,3,0,167.5,Beginner
user_72,course_13,motor,7,2,1,89.6,Beginner
user_72,course_13,motor,8,4,0,232.4,Beginner
user_72,course_13,motor,9,4,1,212.0,Beginner
user_72,course_13,motor,10,2,1,67.2,Beginner
user_72,course_13,motor,11,2,0,116.7,Beginner
user_72,course_13,motor,12,2,1,96.2,Beginner
user_72,course_17,motor,1,3,1,126.6,Beginner
user_72,course_17,motor,2,1,1,48.1,Beginner
user_72,course_17,motor,3,3,0,159.3,Beginner
user_72,course_17,motor,4,1,1,39.7,Beginner
user_72,course_17,motor,5,3,1,142.2,Beginner
user_72,course_17,motor,6,1,1,42.1,Beginner
user_72,course_17,motor,7,1,1,47.6,Beginner
user_72,course_17,motor,8,2,1,67.6,Beginner
user_72,course_17,motor,9,3,0,167.3,Beginner
user_72,course_17,motor,10,2,1,65.1,Beginner
user_72,course_17,motor,11,1,1,39.6,Beginner
user_72,course_17,motor,12,3,0,175.4,Beginner
user_72,course_17,motor,13,2,0,121.0,Beginner
user_72,course_17,motor,14,1,1,55.0,Beginner
user_72,course_44,motor,1,4,0,285.2,Beginner
user_72,course_44,motor,2,3,1,152.4,Beginner
user_72,course_44,motor,3,3,0,177.5,Beginner
user_72,course_44,motor,4,3,0,160.6,Beginner
user_72,course_44,motor,5,2,1,97.1,Beginner
user_72,course_44,motor,6,3,0,133.2,Beginner
user_72,course_44,motor,7,4,0,285.3,Beginner
user_72,course_44,motor,8,4,0,264.4,Beginner
user_72,course_44,motor,9,4,0,244.7,Beginner
user_72,course_44,motor,10,2,1,84.3,Beginner
user_72,course_44,motor,11,3,0,187.1,Beginner
user_72,course_44,motor,12,3,0,197.6,Beginner
user_72,course_44,motor,13,4,1,203.4,Beginner
user_72,course_44,motor,14,4,0,167.8,Beginner
user_73,course_5,visual,1,2,1,62.3,Advanced
user_73,course_5,visual,2,2,0,74.3,Advanced
user_73,course_5,visual,3,2,0,95.4,Advanced
user_73,course_5,visual,4,2,0,64.0,Advanced
user_73,course_5,visual,5,4,1,156.6,Advanced
user_73,course_5,visual,6,4,0,191.0,Advanced
user_73,course_5,visual,7,2,1,56.7,Advanced
user_73,course_5,visual,8,2,1,56.1,Advanced
user_73,course_5,visual,9,3,1,94.4,Advanced
user_73,course_5,visual,10,4,1,168.3,Advanced
user_73,course_5,visual,11,3,0,122.7,Advanced
user_73,course_5,visual,12,2,1,68.5,Advanced
user_73,course_6,visual,1,4,1,155.2,Advanced
user_73,course_6,visual,2,3,1,118.0,Advanced
user_73,course_6,visual,3,3,1,102.1,Advanced
user_73,course_6,visual,4,4,1,140.7,Advanced
user_73,course_6,visual,5,4,1,119.1,Advanced
user_73,course_6,visual,6,3,0,119.9,Advanced
user_73,course_6,visual,7,2,1,53.9,Advanced
user_73,course_6,visual,8,2,1,71.1,Advanced
user_73,course_6,visual,9,3,1,84.7,Advanced
user_73,course_6,visual,10,2,1,60.5,Advanced
user_73,course_6,visual,11,3,1,102.2,Advanced
user_73,course_6,visual,12,2,1,60.8,Advanced
user_73,course_6,visual,13,3,1,114.7,Advanced
user_73,course_6,visual,14,3,1,112.4,Advanced
user_73,course_6,visual,15,2,0,92.8,Advanced
user_73,course_47,visual,1,2,0,64.0,Advanced
user_73,course_47,visual,2,3,1,118.4,Advanced
user_73,course_47,visual,3,2,1,69.8,Advanced
user_73,course_47,visual,4,3,1,122.6,Advanced
user_73,course_47,visual,5,4,1,127.5,Advanced
user_73,course_47,visual,6,4,1,145.2,Advanced
user_73,course_47,visual,7,2,1,56.8,Advanced
user_73,course_47,visual,8,4,1,142.3,Advanced
user_73,course_47,visual,9,3,1,94.1,Advanced
user_73,course_47,visual,10,4,1,159.9,Advanced
user_73,course_47,visual,11,2,1,78.0,Advanced
user_73,course_47,visual,12,3,0,169.4,Advanced
user_73,course_16,visual,1,4,1,134.0,Advanced
user_73,course_16,visual,2,2,1,57.6,Advanced
user_73,course_16,visual,3,2,1,59.9,Advanced
user_73,course_16,visual,4,3,1,117.6,Advanced
user_73,course_16,visual,5,2,1,53.0,Advanced
user_73,course_16,visual,6,3,1,88.2,Advanced
user_73,course_16,visual,7,3,1,108.4,Advanced
user_73,course_16,visual,8,2,1,63.0,Advanced
user_73,course_16,visual,9,4,1,157.9,Advanced
user_73,course_16,visual,10,4,1,135.7,Advanced
user_73,course_16,visual,11,2,1,68.0,Advanced
user_73,course_16,visual,12,3,1,113.0,Advanced
user_73,course_16,visual,13,4,0,152.6,Advanced
user_73,course_16,visual,14,2,1,78.6,Advanced
user_73,course_17,visual,1,1,1,43.7,Advanced
user_73,course_17,visual,2,2,1,69.8,Advanced
user_73,course_17,visual,3,3,1,86.7,Advanced
user_73,course_17,visual,4,3,1,91.2,Advanced
user_73,course_17,visual,5,3,1,103.5,Advanced
user_73,course_17,visual,6,3,1,120.2,Advanced
user_73,course_17,visual,7,2,1,72.6,Advanced
user_73,course_17,visual,8,1,1,47.1,Advanced
user_73,course_17,visual,9,1,1,38.9,Advanced
user_73,course_17,visual,10,1,1,41.9,Advanced
user_73,course_17,visual,11,2,1,69.4,Advanced
user_73,course_17,visual,12,1,1,39.6,Advanced
user_73,course_17,visual,13,2,1,70.5,Advanced
user_73,course_17,visual,14,3,1,98.5,Advanced
user_73,course_22,visual,1,3,1,124.0,Advanced
user_73,course_22,visual,2,2,1,54.0,Advanced
user_73,course_22,visual,3,3,0,113.5,Advanced
user_73,course_22,visual,4,4,1,128.4,Advanced
user_73,course_22,visual,5,3,0,127.5,Advanced
user_73,course_22,visual,6,4,1,167.7,Advanced
user_73,course_22,visual,7,3,1,124.2,Advanced
user_73,course_22,visual,8,4,1,147.4,Advanced
user_73,course_22,visual,9,3,1,91.2,Advanced
user_73,course_22,visual,10,3,1,87.6,Advanced
user_73,course_22,visual,11,3,1,114.5,Advanced
user_73,course_22,visual,12,3,1,96.5,Advanced
user_73,course_22,visual,13,3,0,119.7,Advanced
user_73,course_22,visual,14,2,1,78.7,Advanced
user_73,course_22,visual,15,4,1,129.2,Advanced
user_73,course_33,visual,1,3,1,94.0,Advanced
user_73,course_33,visual,2,2,1,75.8,Advanced
user_73,course_33,visual,3,3,1,112.5,Advanced
user_73,course_33,visual,4,2,1,66.9,Advanced
user_73,course_33,visual,5,3,1,100.3,Advanced
user_73,course_33,visual,6,4,1,172.0,Advanced
user_73,course_33,visual,7,3,1,106.8,Advanced
user_73,course_33,visual,8,2,1,73.8,Advanced
user_73,course_33,visual,9,2,1,65.8,Advanced
user_73,course_33,visual,10,2,1,60.4,Advanced
user_73,course_33,visual,11,4,0,158.0,Advanced
user_73,course_33,visual,12,3,1,98.2,Advanced
user_73,course_33,visual,13,3,1,110.4,Advanced
user_73,course_33,visual,14,4,0,153.8,Advanced
user_73,course_12,visual,1,1,1,39.3,Advanced
user_73,course_12,visual,2,1,1,36.6,Advanced
user_73,course_12,visual,3,1,1,43.4,Advanced
user_73,course_12,visual,4,2,1,74.5,Advanced
user_73,course_12,visual,5,1,1,41.5,Advanced
user_73,course_12,visual,6,1,1,46.2,Advanced
user_73,course_12,visual,7,2,1,69.9,Advanced
user_73,course_12,visual,8,1,1,39.6,Advanced
user_73,course_12,visual,9,1,1,39.9,Advanced
user_73,course_12,visual,10,1,1,34.7,Advanced
user_74,course_6,cognitive,1,2,1,28.3,Advanced
user_74,course_6,cognitive,2,2,1,39.7,Advanced
user_74,course_6,cognitive,3,3,1,54.9,Advanced
user_74,course_6,cognitive,4,2,1,27.1,Advanced
user_74,course_6,cognitive,5,4,1,73.2,Advanced
user_74,course_6,cognitive,6,3,1,52.4,Advanced
user_74,course_6,cognitive,7,4,1,79.4,Advanced
user_74,course_6,cognitive,8,2,1,39.2,Advanced
user_74,course_6,cognitive,9,4,1,65.1,Advanced
user_74,course_6,cognitive,10,2,1,27.4,Advanced
user_74,course_6,cognitive,11,2,1,37.1,Advanced
user_74,course_6,cognitive,12,2,1,30.0,Advanced
user_74,course_8,cognitive,1,4,1,74.2,Advanced
user_74,course_8,cognitive,2,4,1,70.5,Advanced
user_74,course_8,cognitive,3,5,0,128.5,Advanced
user_74,course_8,cognitive,4,5,1,95.2,Advanced
user_74,course_8,cognitive,5,5,0,141.4,Advanced
user_74,course_8,cognitive,6,5,0,113.4,Advanced
user_74,course_8,cognitive,7,5,0,131.5,Advanced
user_74,course_8,cognitive,8,4,0,105.5,Advanced
user_74,course_8,cognitive,9,5,0,98.1,Advanced
user_74,course_8,cognitive,10,5,0,151.1,Advanced
user_74,course_8,cognitive,11,5,1,95.5,Advanced
user_74,course_8,cognitive,12,4,0,72.5,Advanced
user_74,course_25,cognitive,1,1,1,19.5,Advanced
user_74,course_25,cognitive,2,1,1,19.5,Advanced
user_74,course_25,cognitive,3,2,1,36.1,Advanced
user_74,course_25,cognitive,4,1,1,22.7,Advanced
user_74,course_25,cognitive,5,2,1,38.1,Advanced
user_74,course_25,cognitive,6,3,0,59.2,Advanced
user_74,course_25,cognitive,7,1,1,16.8,Advanced
user_74,course_25,cognitive,8,3,1,56.0,Advanced
user_74,course_25,cognitive,9,1,1,23.5,Advanced
user_74,course_25,cognitive,10,3,0,57.6,Advanced
user_74,course_25,cognitive,11,3,1,48.0,Advanced
user_74,course_25,cognitive,12,3,1,63.4,Advanced
user_74,course_31,cognitive,1,2,1,31.0,Advanced
user_74,course_31,cognitive,2,1,1,23.5,Advanced
user_74,course_31,cognitive,3,1,1,21.2,Advanced
user_74,course_31,cognitive,4,1,1,23.8,Advanced
user_74,course_31,cognitive,5,1,1,23.1,Advanced
user_74,course_31,cognitive,6,2,1,30.3,Advanced
user_74,course_31,cognitive,7,1,1,20.2,Advanced
user_74,course_31,cognitive,8,2,1,34.5,Advanced
user_74,course_31,cognitive,9,1,1,21.7,Advanced
user_74,course_31,cognitive,10,1,1,22.2,Advanced
user_74,course_31,cognitive,11,1,1,22.8,Advanced
user_74,course_31,cognitive,12,2,1,37.2,Advanced
user_74,course_31,cognitive,13,1,1,17.4,Advanced
user_74,course_31,cognitive,14,1,1,21.0,Advanced
user_74,course_31,cognitive,15,2,1,36.5,Advanced
user_74,course_45,cognitive,1,4,1,63.4,Advanced
user_74,course_45,cognitive,2,2,1,38.5,Advanced
user_74,course_45,cognitive,3,2,1,38.2,Advanced
user_74,course_45,cognitive,4,3,1,49.0,Advanced
user_74,course_45,cognitive,5,4,1,61.2,Advanced
user_74,course_45,cognitive,6,2,1,30.2,Advanced
user_74,course_45,cognitive,7,2,1,37.0,Advanced
user_74,course_45,cognitive,8,2,1,37.6,Advanced
user_74,course_45,cognitive,9,2,1,31.5,Advanced
user_74,course_45,cognitive,10,3,1,57.1,Advanced
user_74,course_28,cognitive,1,2,1,32.3,Advanced
user_74,course_28,cognitive,2,2,1,39.5,Advanced
user_74,course_28,cognitive,3,3,1,49.2,Advanced
user_74,course_28,cognitive,4,2,1,35.2,Advanced
user_74,course_28,cognitive,5,4,0,90.2,Advanced
user_74,course_28,cognitive,6,2,1,33.5,Advanced
user_74,course_28,cognitive,7,2,0,39.7,Advanced
user_74,course_28,cognitive,8,4,0,120.4,Advanced
user_74,course_28,cognitive,9,2,1,32.9,Advanced
user_74,course_28,cognitive,10,3,1,59.3,Advanced
user_74,course_28,cognitive,11,3,1,57.4,Advanced
user_74,course_28,cognitive,12,3,0,76.4,Advanced
user_74,course_28,cognitive,13,3,1,62.9,Advanced
user_74,course_28,cognitive,14,3,1,54.2,Advanced
user_75,course_7,hearing,1,2,1,28.9,Advanced
user_75,course_7,hearing,2,2,1,26.6,Advanced
user_75,course_7,hearing,3,1,1,16.0,Advanced
user_75,course_7,hearing,4,2,1,26.2,Advanced
user_75,course_7,hearing,5,1,1,16.2,Advanced
user_75,course_7,hearing,6,2,1,22.7,Advanced
user_75,course_7,hearing,7,2,1,23.0,Advanced
user_75,course_7,hearing,8,1,1,16.7,Advanced
user_75,course_7,hearing,9,1,1,14.0,Advanced
user_75,course_7,hearing,10,2,1,28.2,Advanced
user_75,course_7,hearing,11,2,1,27.5,Advanced
user_75,course_7,hearing,12,1,1,13.8,Advanced
user_75,course_42,hearing,1,3,1,39.6,Advanced
user_75,course_42,hearing,2,3,1,36.5,Advanced
user_75,course_42,hearing,3,3,0,66.0,Advanced
user_75,course_42,hearing,4,4,1,60.8,Advanced
user_75,course_42,hearing,5,4,1,44.9,Advanced
user_75,course_42,hearing,6,3,1,31.2,Advanced
user_75,course_42,hearing,7,4,0,84.6,Advanced
user_75,course_42,hearing,8,4,1,63.4,Advanced
user_75,course_42,hearing,9,4,1,62.6,Advanced
user_75,course_42,hearing,10,3,1,43.0,Advanced
user_75,course_42,hearing,11,3,0,50.2,Advanced
user_75,course_42,hearing,12,5,1,73.2,Advanced
user_75,course_42,hearing,13,5,0,78.1,Advanced
user_75,course_42,hearing,14,5,0,89.0,Advanced
user_75,course_39,hearing,1,2,1,20.7,Advanced
user_75,course_39,hearing,2,1,1,11.8,Advanced
user_75,course_39,hearing,3,1,1,13.6,Advanced
user_75,course_39,hearing,4,1,1,12.8,Advanced
user_75,course_39,hearing,5,2,1,26.3,Advanced
user_75,course_39,hearing,6,3,1,43.6,Advanced
user_75,course_39,hearing,7,1,1,17.1,Advanced
user_75,course_39,hearing,8,1,1,12.9,Advanced
user_75,course_39,hearing,9,1,1,16.5,Advanced
user_75,course_39,hearing,10,3,1,36.4,Advanced
user_75,course_39,hearing,11,3,1,45.0,Advanced
user_75,course_39,hearing,12,3,1,45.8,Advanced
user_75,course_39,hearing,13,3,1,37.3,Advanced
user_76,course_46,hearing,1,5,1,72.7,Advanced
user_76,course_46,hearing,2,4,0,88.4,Advanced
user_76,course_46,hearing,3,3,1,36.1,Advanced
user_76,course_46,hearing,4,4,1,61.8,Advanced
user_76,course_46,hearing,5,4,0,57.4,Advanced
user_76,course_46,hearing,6,5,1,61.3,Advanced
user_76,course_46,hearing,7,5,0,101.7,Advanced
user_76,course_46,hearing,8,3,1,43.1,Advanced
user_76,course_46,hearing,9,3,1,46.5,Advanced
user_76,course_46,hearing,10,5,0,65.6,Advanced
user_76,course_35,hearing,1,1,1,11.9,Advanced
user_76,course_35,hearing,2,3,0,46.5,Advanced
user_76,course_35,hearing,3,1,1,12.0,Advanced
user_76,course_35,hearing,4,2,1,22.4,Advanced
user_76,course_35,hearing,5,2,1,27.2,Advanced
user_76,course_35,hearing,6,1,1,14.9,Advanced
user_76,course_35,hearing,7,3,1,42.1,Advanced
user_76,course_35,hearing,8,3,0,48.1,Advanced
user_76,course_35,hearing,9,2,1,20.3,Advanced
user_76,course_35,hearing,10,3,1,41.0,Advanced
user_76,course_35,hearing,11,2,1,27.0,Advanced
user_76,course_35,hearing,12,2,1,26.7,Advanced
user_76,course_35,hearing,13,1,1,14.1,Advanced
user_76,course_12,hearing,1,2,1,24.5,Advanced
user_76,course_12,hearing,2,1,1,15.6,Advanced
user_76,course_12,hearing,3,1,1,12.4,Advanced
user_76,course_12,hearing,4,2,1,24.3,Advanced
user_76,course_12,hearing,5,1,1,14.5,Advanced
user_76,course_12,hearing,6,1,1,17.2,Advanced
user_76,course_12,hearing,7,2,1,24.5,Advanced
user_76,course_12,hearing,8,1,1,15.5,Advanced
user_76,course_12,hearing,9,1,0,21.4,Advanced
user_76,course_12,hearing,10,1,1,12.3,Advanced
user_76,course_12,hearing,11,2,1,29.2,Advanced
user_76,course_15,hearing,1,5,0,68.7,Advanced
user_76,course_15,hearing,2,5,0,81.9,Advanced
user_76,course_15,hearing,3,5,0,100.9,Advanced
user_76,course_15,hearing,4,4,1,59.2,Advanced
user_76,course_15,hearing,5,4,0,89.8,Advanced
user_76,course_15,hearing,6,5,0,74.9,Advanced
user_76,course_15,hearing,7,4,1,64.0,Advanced
user_76,course_15,hearing,8,5,0,91.0,Advanced
user_76,course_15,hearing,9,4,1,46.9,Advanced
user_76,course_15,hearing,10,3,1,35.2,Advanced
user_76,course_15,hearing,11,3,1,43.9,Advanced
user_76,course_18,hearing,1,3,0,45.2,Advanced
user_76,course_18,hearing,2,4,0,58.6,Advanced
user_76,course_18,hearing,3,2,1,21.6,Advanced
user_76,course_18,hearing,4,2,1,29.1,Advanced
user_76,course_18,hearing,5,4,1,57.1,Advanced
user_76,course_18,hearing,6,4,1,61.8,Advanced
user_76,course_18,hearing,7,4,1,57.3,Advanced
user_76,course_18,hearing,8,4,0,58.5,Advanced
user_76,course_18,hearing,9,2,1,21.7,Advanced
user_76,course_18,hearing,10,4,1,45.0,Advanced
user_76,course_18,hearing,11,2,1,19.7,Advanced
user_76,course_0,hearing,1,3,0,61.6,Advanced
user_76,course_0,hearing,2,4,1,51.2,Advanced
user_76,course_0,hearing,3,4,1,54.8,Advanced
user_76,course_0,hearing,4,3,1,32.4,Advanced
user_76,course_0,hearing,5,4,1,61.4,Advanced
user_76,course_0,hearing,6,2,1,20.2,Advanced
user_76,course_0,hearing,7,4,0,70.8,Advanced
user_76,course_0,hearing,8,4,1,64.0,Advanced
user_76,course_0,hearing,9,3,1,38.7,Advanced
user_76,course_0,hearing,10,3,1,42.7,Advanced
user_76,course_0,hearing,11,2,1,21.4,Advanced
user_76,course_0,hearing,12,4,1,56.2,Advanced
user_76,course_0,hearing,13,4,1,57.1,Advanced
user_76,course_0,hearing,14,4,1,62.8,Advanced
user_77,course_24,visual,1,4,0,370.8,Beginner
user_77,course_24,visual,2,4,0,336.6,Beginner
user_77,course_24,visual,3,3,1,152.8,Beginner
user_77,course_24,visual,4,4,0,349.1,Beginner
user_77,course_24,visual,5,3,0,282.0,Beginner
user_77,course_24,visual,6,2,0,146.3,Beginner
user_77,course_24,visual,7,2,1,127.4,Beginner
user_77,course_24,visual,8,3,1,168.0,Beginner
user_77,course_24,visual,9,2,1,121.1,Beginner
user_77,course_24,visual,10,4,1,265.9,Beginner
user_77,course_24,visual,11,3,1,189.1,Beginner
user_77,course_24,visual,12,4,0,361.5,Beginner
user_77,course_24,visual,13,3,0,245.8,Beginner
user_77,course_24,visual,14,2,1,128.6,Beginner
user_77,course_24,visual,15,4,0,292.9,Beginner
user_77,course_35,visual,1,2,1,94.5,Beginner
user_77,course_35,visual,2,2,0,177.1,Beginner
user_77,course_35,visual,3,3,0,262.0,Beginner
user_77,course_35,visual,4,3,0,241.9,Beginner
user_77,course_35,visual,5,1,1,80.3,Beginner
user_77,course_35,visual,6,1,1,62.1,Beginner
user_77,course_35,visual,7,2,0,196.4,Beginner
user_77,course_35,visual,8,3,0,204.9,Beginner
user_77,course_35,visual,9,1,1,80.2,Beginner
user_77,course_35,visual,10,1,1,79.8,Beginner
user_77,course_35,visual,11,2,1,122.8,Beginner
user_77,course_35,visual,12,3,1,215.4,Beginner
user_77,course_35,visual,13,3,1,160.0,Beginner
user_77,course_35,visual,14,3,1,194.7,Beginner
user_77,course_1,visual,1,3,0,199.3,Beginner
user_77,course_1,visual,2,4,0,377.3,Beginner
user_77,course_1,visual,3,2,0,184.2,Beginner
user_77,course_1,visual,4,3,1,198.7,Beginner
user_77,course_1,visual,5,4,0,269.0,Beginner
user_77,course_1,visual,6,3,0,236.8,Beginner
user_77,course_1,visual,7,3,0,269.2,Beginner
user_77,course_1,visual,8,4,0,291.5,Beginner
user_77,course_1,visual,9,4,0,380.1,Beginner
user_77,course_1,visual,10,2,0,143.2,Beginner
user_77,course_29,visual,1,4,0,330.0,Beginner
user_77,course_29,visual,2,4,1,285.8,Beginner
user_77,course_29,visual,3,3,0,302.0,Beginner
user_77,course_29,visual,4,4,1,255.3,Beginner
user_77,course_29,visual,5,4,1,274.9,Beginner
user_77,course_29,visual,6,2,1,127.9,Beginner
user_77,course_29,visual,7,4,1,287.4,Beginner
user_77,course_29,visual,8,3,0,186.9,Beginner
user_77,course_29,visual,9,3,0,289.4,Beginner
user_77,course_29,visual,10,2,1,99.9,Beginner
user_77,course_29,visual,11,3,0,276.9,Beginner
user_77,course_29,visual,12,3,0,241.1,Beginner
user_77,course_38,visual,1,2,0,179.7,Beginner
user_77,course_38,visual,2,3,0,230.2,Beginner
user_77,course_38,visual,3,3,0,216.8,Beginner
user_77,course_38,visual,4,2,1,119.5,Beginner
user_77,course_38,visual,5,4,1,214.2,Beginner
user_77,course_38,visual,6,2,1,107.2,Beginner
user_77,course_38,visual,7,2,1,92.9,Beginner
user_77,course_38,visual,8,4,1,240.5,Beginner
user_77,course_38,visual,9,2,0,160.4,Beginner
user_77,course_38,visual,10,2,0,139.3,Beginner
user_77,course_38,visual,11,2,0,176.6,Beginner
user_77,course_38,visual,12,4,0,347.2,Beginner
user_77,course_38,visual,13,3,0,197.1,Beginner
user_77,course_8,visual,1,5,0,323.6,Beginner
user_77,course_8,visual,2,4,0,303.2,Beginner
user_77,course_8,visual,3,5,0,453.3,Beginner
user_77,course_8,visual,4,5,0,538.3,Beginner
user_77,course_8,visual,5,4,1,263.7,Beginner
user_77,course_8,visual,6,5,0,505.3,Beginner
user_77,course_8,visual,7,4,0,329.6,Beginner
user_77,course_8,visual,8,5,0,429.5,Beginner
user_77,course_8,visual,9,5,1,310.7,Beginner
user_77,course_8,visual,10,4,0,294.4,Beginner
user_77,course_8,visual,11,4,1,298.9,Beginner
user_77,course_8,visual,12,5,0,470.8,Beginner
user_77,course_8,visual,13,5,0,314.7,Beginner
user_77,course_23,visual,1,2,1,115.8,Beginner
user_77,course_23,visual,2,2,1,93.9,Beginner
user_77,course_23,visual,3,2,0,176.5,Beginner
user_77,course_23,visual,4,4,0,340.0,Beginner
user_77,course_23,visual,5,3,0,268.0,Beginner
user_77,course_23,visual,6,2,1,118.6,Beginner
user_77,course_23,visual,7,4,0,299.5,Beginner
user_77,course_23,visual,8,4,0,304.7,Beginner
user_77,course_23,visual,9,4,1,240.1,Beginner
user_77,course_23,visual,10,2,1,104.2,Beginner
user_77,course_45,visual,1,2,1,95.0,Beginner
user_77,course_45,visual,2,4,0,383.8,Beginner
user_77,course_45,visual,3,3,0,177.3,Beginner
user_77,course_45,visual,4,2,0,116.3,Beginner
user_77,course_45,visual,5,4,0,376.4,Beginner
user_77,course_45,visual,6,3,0,221.8,Beginner
user_77,course_45,visual,7,3,0,233.4,Beginner
user_77,course_45,visual,8,3,0,258.6,Beginner
user_77,course_45,visual,9,2,1,105.6,Beginner
user_77,course_45,visual,10,4,0,300.6,Beginner
user_78,course_18,hearing,1,2,0,37.2,Intermediate
user_78,course_18,hearing,2,3,1,59.8,Intermediate
user_78,course_18,hearing,3,2,1,37.5,Intermediate
user_78,course_18,hearing,4,2,1,34.4,Intermediate
user_78,course_18,hearing,5,3,1,46.2,Intermediate
user_78,course_18,hearing,6,4,1,64.8,Intermediate
user_78,course_18,hearing,7,2,0,36.3,Intermediate
user_78,course_18,hearing,8,3,1,46.6,Intermediate
user_78,course_18,hearing,9,2,0,38.7,Intermediate
user_78,course_18,hearing,10,3,1,57.7,Intermediate
user_78,course_42,hearing,1,5,0,119.7,Intermediate
user_78,course_42,hearing,2,3,0,59.2,Intermediate
user_78,course_42,hearing,3,3,1,61.9,Intermediate
user_78,course_42,hearing,4,5,1,89.0,Intermediate
user_78,course_42,hearing,5,3,1,44.8,Intermediate
user_78,course_42,hearing,6,5,0,118.2,Intermediate
user_78,course_42,hearing,7,3,1,55.0,Intermediate
user_78,course_42,hearing,8,5,1,78.5,Intermediate
user_78,course_42,hearing,9,3,1,52.2,Intermediate
user_78,course_42,hearing,10,5,0,118.7,Intermediate
user_78,course_42,hearing,11,3,1,50.0,Intermediate
user_78,course_42,hearing,12,3,0,73.7,Intermediate
user_78,course_20,hearing,1,4,1,69.6,Intermediate
user_78,course_20,hearing,2,3,1,61.0,Intermediate
user_78,course_20,hearing,3,2,1,30.6,Intermediate
user_78,course_20,hearing,4,4,0,101.2,Intermediate
user_78,course_20,hearing,5,4,0,76.2,Intermediate
user_78,course_20,hearing,6,2,1,37.0,Intermediate
user_78,course_20,hearing,7,4,1,84.2,Intermediate
user_78,course_20,hearing,8,3,0,69.0,Intermediate
user_78,course_20,hearing,9,4,0,104.1,Intermediate
user_78,course_20,hearing,10,4,0,119.3,Intermediate
user_78,course_20,hearing,11,3,0,76.7,Intermediate
user_78,course_20,hearing,12,3,1,57.2,Intermediate
user_79,course_15,cognitive,1,3,0,158.9,Beginner
user_79,course_15,cognitive,2,4,0,155.3,Beginner
user_79,course_15,cognitive,3,4,1,105.6,Beginner
user_79,course_15,cognitive,4,4,0,183.6,Beginner
user_79,course_15,cognitive,5,3,0,101.2,Beginner
user_79,course_15,cognitive,6,4,0,198.5,Beginner
user_79,course_15,cognitive,7,5,0,171.5,Beginner
user_79,course_15,cognitive,8,3,0,107.3,Beginner
user_79,course_15,cognitive,9,5,0,159.4,Beginner
user_79,course_15,cognitive,10,3,0,109.8,Beginner
user_79,course_15,cognitive,11,3,0,126.1,Beginner
user_79,course_15,cognitive,12,5,0,203.3,Beginner
user_79,course_15,cognitive,13,4,0,156.4,Beginner
user_79,course_15,cognitive,14,4,0,145.1,Beginner
user_79,course_15,cognitive,15,3,0,127.7,Beginner
user_79,course_19,cognitive,1,3,0,128.7,Beginner
user_79,course_19,cognitive,2,1,1,33.9,Beginner
user_79,course_19,cognitive,3,1,0,43.7,Beginner
user_79,course_19,cognitive,4,1,1,30.8,Beginner
user_79,course_19,cognitive,5,2,0,78.5,Beginner
user_79,course_19,cognitive,6,2,0,76.3,Beginner
user_79,course_19,cognitive,7,3,0,131.6,Beginner
user_79,course_19,cognitive,8,2,1,53.8,Beginner
user_79,course_19,cognitive,9,3,0,146.3,Beginner
user_79,course_19,cognitive,10,2,0,85.7,Beginner
user_79,course_19,cognitive,11,1,1,39.6,Beginner
user_79,course_19,cognitive,12,1,1,28.1,Beginner
user_79,course_19,cognitive,13,1,1,40.5,Beginner
user_79,course_40,cognitive,1,3,1,81.3,Beginner
user_79,course_40,cognitive,2,4,0,161.7,Beginner
user_79,course_40,cognitive,3,3,0,107.4,Beginner
user_79,course_40,cognitive,4,4,1,119.0,Beginner
user_79,course_40,cognitive,5,3,1,80.7,Beginner
user_79,course_40,cognitive,6,3,0,115.3,Beginner
user_79,course_40,cognitive,7,4,1,120.7,Beginner
user_79,course_40,cognitive,8,5,0,169.3,Beginner
user_79,course_40,cognitive,9,3,1,90.2,Beginner
user_79,course_40,cognitive,10,4,0,156.5,Beginner
user_79,course_40,cognitive,11,5,0,194.5,Beginner
user_79,course_40,cognitive,12,4,0,206.6,Beginner
user_79,course_40,cognitive,13,4,0,195.2,Beginner
user_79,course_40,cognitive,14,4,0,134.5,Beginner
user_79,course_40,cognitive,15,4,0,211.7,Beginner
user_79,course_24,cognitive,1,4,0,178.0,Beginner
user_79,course_24,cognitive,2,3,0,113.1,Beginner
user_79,course_24,cognitive,3,4,0,187.9,Beginner
user_79,course_24,cognitive,4,4,1,142.5,Beginner
user_79,course_24,cognitive,5,4,0,165.5,Beginner
user_79,course_24,cognitive,6,3,0,110.5,Beginner
user_79,course_24,cognitive,7,2,0,77.0,Beginner
user_79,course_24,cognitive,8,2,1,48.7,Beginner
user_79,course_24,cognitive,9,2,0,56.7,Beginner
user_79,course_24,cognitive,10,3,0,146.9,Beginner
user_79,course_24,cognitive,11,4,0,148.8,Beginner
user_79,course_24,cognitive,12,2,1,51.8,Beginner
user_79,course_24,cognitive,13,3,0,124.6,Beginner
user_79,course_27,cognitive,1,1,0,39.7,Beginner
user_79,course_27,cognitive,2,3,0,117.9,Beginner
user_79,course_27,cognitive,3,3,0,111.6,Beginner
user_79,course_27,cognitive,4,2,0,81.6,Beginner
user_79,course_27,cognitive,5,3,0,149.5,Beginner
user_79,course_27,cognitive,6,3,1,98.1,Beginner
user_79,course_27,cognitive,7,3,1,100.7,Beginner
user_79,course_27,cognitive,8,2,1,56.8,Beginner
user_79,course_27,cognitive,9,3,0,107.8,Beginner
user_79,course_27,cognitive,10,1,1,36.5,Beginner
user_79,course_27,cognitive,11,3,0,115.4,Beginner
user_79,course_27,cognitive,12,3,1,83.1,Beginner
user_79,course_27,cognitive,13,1,1,35.2,Beginner
user_79,course_27,cognitive,14,2,1,64.9,Beginner
user_80,course_33,visual,1,4,1,160.2,Advanced
user_80,course_33,visual,2,4,1,124.6,Advanced
user_80,course_33,visual,3,3,0,144.0,Advanced
user_80,course_33,visual,4,3,1,86.7,Advanced
user_80,course_33,visual,5,4,1,123.8,Advanced
user_80,course_33,visual,6,2,1,74.6,Advanced
user_80,course_33,visual,7,3,1,109.2,Advanced
user_80,course_33,visual,8,4,0,234.2,Advanced
user_80,course_33,visual,9,3,1,87.6,Advanced
user_80,course_33,visual,10,4,1,156.2,Advanced
user_80,course_33,visual,11,4,0,169.7,Advanced
user_80,course_33,visual,12,4,1,123.5,Advanced
user_80,course_21,visual,1,4,1,119.1,Advanced
user_80,course_21,visual,2,3,1,90.8,Advanced
user_80,course_21,visual,3,5,1,191.4,Advanced
user_80,course_21,visual,4,5,0,204.4,Advanced
user_80,course_21,visual,5,4,0,135.2,Advanced
user_80,course_21,visual,6,4,1,122.2,Advanced
user_80,course_21,visual,7,3,1,89.2,Advanced
user_80,course_21,visual,8,4,0,157.1,Advanced
user_80,course_21,visual,9,5,1,201.3,Advanced
user_80,course_21,visual,10,5,0,216.2,Advanced
user_80,course_21,visual,11,5,1,170.6,Advanced
user_80,course_21,visual,12,5,1,166.1,Advanced
user_80,course_38,visual,1,2,1,65.8,Advanced
user_80,course_38,visual,2,4,1,125.6,Advanced
user_80,course_38,visual,3,2,1,54.0,Advanced
user_80,course_38,visual,4,3,1,108.9,Advanced
user_80,course_38,visual,5,2,1,74.0,Advanced
user_80,course_38,visual,6,2,1,72.3,Advanced
user_80,course_38,visual,7,2,1,59.7,Advanced
user_80,course_38,visual,8,3,1,114.1,Advanced
user_80,course_38,visual,9,2,1,66.2,Advanced
user_80,course_38,visual,10,3,1,125.6,Advanced
user_80,course_38,visual,11,4,0,186.7,Advanced
user_80,course_38,visual,12,2,1,65.2,Advanced
user_80,course_11,visual,1,4,1,170.5,Advanced
user_80,course_11,visual,2,3,1,109.1,Advanced
user_80,course_11,visual,3,5,0,298.0,Advanced
user_80,course_11,visual,4,5,0,211.1,Advanced
user_80,course_11,visual,5,5,1,167.6,Advanced
user_80,course_11,visual,6,4,1,158.1,Advanced
user_80,course_11,visual,7,3,1,122.6,Advanced
user_80,course_11,visual,8,4,1,162.6,Advanced
user_80,course_11,visual,9,5,0,207.8,Advanced
user_80,course_11,visual,10,4,1,120.7,Advanced
user_80,course_11,visual,11,3,0,154.0,Advanced
user_80,course_11,visual,12,4,1,167.2,Advanced
user_80,course_11,visual,13,5,1,172.2,Advanced
user_80,course_16,visual,1,2,1,54.8,Advanced
user_80,course_16,visual,2,4,1,115.9,Advanced
user_80,course_16,visual,3,2,1,60.5,Advanced
user_80,course_16,visual,4,4,1,157.7,Advanced
user_80,course_16,visual,5,2,1,69.9,Advanced
user_80,course_16,visual,6,3,1,116.4,Advanced
user_80,course_16,visual,7,3,1,113.8,Advanced
user_80,course_16,visual,8,2,1,69.9,Advanced
user_80,course_16,visual,9,3,1,92.5,Advanced
user_80,course_16,visual,10,4,0,239.7,Advanced
user_80,course_14,visual,1,4,1,134.4,Advanced
user_80,course_14,visual,2,5,0,248.7,Advanced
user_80,course_14,visual,3,5,0,175.5,Advanced
user_80,course_14,visual,4,5,1,204.7,Advanced
user_80,course_14,visual,5,5,0,191.1,Advanced
user_80,course_14,visual,6,5,0,227.3,Advanced
user_80,course_14,visual,7,5,1,161.8,Advanced
user_80,course_14,visual,8,4,0,165.0,Advanced
user_80,course_14,visual,9,5,0,197.8,Advanced
user_80,course_14,visual,10,4,1,153.1,Advanced
user_80,course_14,visual,11,5,0,236.9,Advanced
user_81,course_38,motor,1,4,1,162.1,Intermediate
user_81,course_38,motor,2,2,1,72.6,Intermediate
user_81,course_38,motor,3,4,0,185.8,Intermediate
user_81,course_38,motor,4,3,0,144.9,Intermediate
user_81,course_38,motor,5,3,1,117.3,Intermediate
user_81,course_38,motor,6,2,1,68.3,Intermediate
user_81,course_38,motor,7,3,1,103.5,Intermediate
user_81,course_38,motor,8,4,1,152.7,Intermediate
user_81,course_38,motor,9,4,0,202.1,Intermediate
user_81,course_38,motor,10,3,0,128.7,Intermediate
user_81,course_38,motor,11,4,1,125.7,Intermediate
user_81,course_38,motor,12,2,1,51.2,Intermediate
user_81,course_24,motor,1,2,1,51.6,Intermediate
user_81,course_24,motor,2,2,1,74.4,Intermediate
user_81,course_24,motor,3,2,1,58.0,Intermediate
user_81,course_24,motor,4,2,0,96.9,Intermediate
user_81,course_24,motor,5,3,0,131.0,Intermediate
user_81,course_24,motor,6,2,0,76.0,Intermediate
user_81,course_24,motor,7,4,1,144.8,Intermediate
user_81,course_24,motor,8,2,1,74.5,Intermediate
user_81,course_24,motor,9,3,0,110.4,Intermediate
user_81,course_24,motor,10,3,0,152.5,Intermediate
user_81,course_24,motor,11,2,1,63.9,Intermediate
user_81,course_14,motor,1,5,0,216.0,Intermediate
user_81,course_14,motor,2,5,1,143.2,Intermediate
user_81,course_14,motor,3,5,1,181.2,Intermediate
user_81,course_14,motor,4,5,0,179.8,Intermediate
user_81,course_14,motor,5,5,0,215.5,Intermediate
user_81,course_14,motor,6,4,0,144.0,Intermediate
user_81,course_14,motor,7,4,0,125.9,Intermediate
user_81,course_14,motor,8,4,1,136.5,Intermediate
user_81,course_14,motor,9,4,1,154.3,Intermediate
user_81,course_14,motor,10,5,0,250.1,Intermediate
user_81,course_14,motor,11,5,1,167.4,Intermediate
user_81,course_14,motor,12,5,0,240.5,Intermediate
user_81,course_14,motor,13,4,0,195.5,Intermediate
user_81,course_14,motor,14,5,0,183.6,Intermediate
user_81,course_37,motor,1,2,1,69.5,Intermediate
user_81,course_37,motor,2,2,1,61.0,Intermediate
user_81,course_37,motor,3,1,1,31.8,Intermediate
user_81,course_37,motor,4,1,1,31.2,Intermediate
user_81,course_37,motor,5,2,1,60.6,Intermediate
user_81,course_37,motor,6,1,1,38.0,Intermediate
user_81,course_37,motor,7,1,1,42.4,Intermediate
user_81,course_37,motor,8,2,1,57.7,Intermediate
user_81,course_37,motor,9,2,0,98.8,Intermediate
user_81,course_37,motor,10,1,1,32.7,Intermediate
user_81,course_37,motor,11,2,1,65.1,Intermediate
user_81,course_37,motor,12,1,1,38.0,Intermediate
user_81,course_19,motor,1,1,1,42.5,Intermediate
user_81,course_19,motor,2,2,0,75.2,Intermediate
user_81,course_19,motor,3,1,1,42.9,Intermediate
user_81,course_19,motor,4,1,1,39.1,Intermediate
user_81,course_19,motor,5,2,0,95.8,Intermediate
user_81,course_19,motor,6,2,0,77.7,Intermediate
user_81,course_19,motor,7,3,1,93.1,Intermediate
user_81,course_19,motor,8,3,0,160.3,Intermediate
user_81,course_19,motor,9,2,1,71.4,Intermediate
user_81,course_19,motor,10,3,1,113.7,Intermediate
user_81,course_19,motor,11,3,1,91.1,Intermediate
user_81,course_19,motor,12,2,1,55.7,Intermediate
user_81,course_19,motor,13,1,1,41.2,Intermediate
user_81,course_19,motor,14,1,1,36.3,Intermediate
user_81,course_19,motor,15,1,1,40.2,Intermediate
user_81,course_47,motor,1,3,0,106.1,Intermediate
user_81,course_47,motor,2,4,0,152.5,Intermediate
user_81,course_47,motor,3,4,0,177.7,Intermediate
user_81,course_47,motor,4,3,0,154.6,Intermediate
user_81,course_47,motor,5,4,0,180.1,Intermediate
user_81,course_47,motor,6,4,1,162.2,Intermediate
user_81,course_47,motor,7,4,1,158.9,Intermediate
user_81,course_47,motor,8,2,1,53.2,Intermediate
user_81,course_47,motor,9,4,0,174.3,Intermediate
user_81,course_47,motor,10,3,0,109.5,Intermediate
user_81,course_47,motor,11,2,1,58.2,Intermediate
user_81,course_47,motor,12,4,1,145.8,Intermediate
user_82,course_11,visual,1,5,0,471.8,Beginner
user_82,course_11,visual,2,4,0,276.8,Beginner
user_82,course_11,visual,3,4,0,325.7,Beginner
user_82,course_11,visual,4,5,0,353.9,Beginner
user_82,course_11,visual,5,4,0,280.3,Beginner
user_82,course_11,visual,6,4,0,348.5,Beginner
user_82,course_11,visual,7,5,0,333.8,Beginner
user_82,course_11,visual,8,4,0,251.4,Beginner
user_82,course_11,visual,9,5,0,479.7,Beginner
user_82,course_11,visual,10,3,0,254.6,Beginner
user_82,course_11,visual,11,4,0,378.5,Beginner
user_82,course_11,visual,12,4,0,324.3,Beginner
user_82,course_40,visual,1,4,0,330.9,Beginner
user_82,course_40,visual,2,4,0,309.2,Beginner
user_82,course_40,visual,3,4,0,341.3,Beginner
user_82,course_40,visual,4,5,0,339.8,Beginner
user_82,course_40,visual,5,4,1,291.6,Beginner
user_82,course_40,visual,6,3,0,214.3,Beginner
user_82,course_40,visual,7,4,0,289.5,Beginner
user_82,course_40,visual,8,5,0,339.9,Beginner
user_82,course_40,visual,9,4,0,318.1,Beginner
user_82,course_40,visual,10,4,1,251.1,Beginner
user_82,course_40,visual,11,3,0,287.0,Beginner
user_82,course_40,visual,12,5,0,369.0,Beginner
user_82,course_40,visual,13,3,0,234.6,Beginner
user_82,course_40,visual,14,4,0,422.2,Beginner
user_82,course_1,visual,1,2,1,118.5,Beginner
user_82,course_1,visual,2,2,1,108.5,Beginner
user_82,course_1,visual,3,3,0,247.6,Beginner
user_82,course_1,visual,4,2,0,158.2,Beginner
user_82,course_1,visual,5,3,0,248.7,Beginner
user_82,course_1,visual,6,4,0,332.9,Beginner
user_82,course_1,visual,7,3,0,257.9,Beginner
user_82,course_1,visual,8,3,1,189.0,Beginner
user_82,course_1,visual,9,4,0,307.1,Beginner
user_82,course_1,visual,10,2,0,134.6,Beginner
user_82,course_1,visual,11,2,1,113.1,Beginner
user_82,course_1,visual,12,3,0,188.6,Beginner
user_82,course_28,visual,1,3,1,193.4,Beginner
user_82,course_28,visual,2,3,0,291.2,Beginner
user_82,course_28,visual,3,4,0,371.8,Beginner
user_82,course_28,visual,4,4,0,372.8,Beginner
user_82,course_28,visual,5,3,1,216.7,Beginner
user_82,course_28,visual,6,2,1,104.1,Beginner
user_82,course_28,visual,7,3,1,188.0,Beginner
user_82,course_28,visual,8,3,0,179.6,Beginner
user_82,course_28,visual,9,4,1,233.6,Beginner
user_82,course_28,visual,10,3,0,242.6,Beginner
user_83,course_5,hearing,1,2,1,50.4,Beginner
user_83,course_5,hearing,2,3,1,63.2,Beginner
user_83,course_5,hearing,3,4,0,112.7,Beginner
user_83,course_5,hearing,4,2,1,48.3,Beginner
user_83,course_5,hearing,5,2,0,55.1,Beginner
user_83,course_5,hearing,6,3,0,66.8,Beginner
user_83,course_5,hearing,7,4,0,104.9,Beginner
user_83,course_5,hearing,8,3,0,98.3,Beginner
user_83,course_5,hearing,9,2,0,42.9,Beginner
user_83,course_5,hearing,10,2,1,47.8,Beginner
user_83,course_5,hearing,11,3,0,98.7,Beginner
user_83,course_5,hearing,12,4,0,99.3,Beginner
user_83,course_5,hearing,13,2,1,38.1,Beginner
user_83,course_5,hearing,14,4,0,139.3,Beginner
user_83,course_5,hearing,15,2,1,47.3,Beginner
user_83,course_46,hearing,1,3,1,64.3,Beginner
user_83,course_46,hearing,2,5,0,196.8,Beginner
user_83,course_46,hearing,3,3,0,97.0,Beginner
user_83,course_46,hearing,4,3,0,94.6,Beginner
user_83,course_46,hearing,5,3,0,79.7,Beginner
user_83,course_46,hearing,6,3,1,57.3,Beginner
user_83,course_46,hearing,7,4,0,85.9,Beginner
user_83,course_46,hearing,8,5,1,127.6,Beginner
user_83,course_46,hearing,9,4,0,146.6,Beginner
user_83,course_46,hearing,10,4,0,113.3,Beginner
user_83,course_46,hearing,11,5,0,197.1,Beginner
user_83,course_46,hearing,12,3,0,74.1,Beginner
user_83,course_46,hearing,13,5,0,182.6,Beginner
user_83,course_46,hearing,14,4,0,96.6,Beginner
user_83,course_34,hearing,1,5,0,163.7,Beginner
user_83,course_34,hearing,2,4,0,102.8,Beginner
user_83,course_34,hearing,3,5,0,155.4,Beginner
user_83,course_34,hearing,4,5,0,166.7,Beginner
user_83,course_34,hearing,5,4,0,100.4,Beginner
user_83,course_34,hearing,6,4,0,159.5,Beginner
user_83,course_34,hearing,7,5,0,136.2,Beginner
user_83,course_34,hearing,8,5,0,184.2,Beginner
user_83,course_34,hearing,9,4,0,109.6,Beginner
user_83,course_34,hearing,10,5,0,163.4,Beginner
user_83,course_34,hearing,11,5,1,114.9,Beginner
user_83,course_34,hearing,12,4,0,119.2,Beginner
user_83,course_41,hearing,1,2,1,40.6,Beginner
user_83,course_41,hearing,2,3,1,70.7,Beginner
user_83,course_41,hearing,3,1,1,30.0,Beginner
user_83,course_41,hearing,4,3,1,70.4,Beginner
user_83,course_41,hearing,5,2,0,60.2,Beginner
user_83,course_41,hearing,6,3,0,87.0,Beginner
user_83,course_41,hearing,7,2,1,42.8,Beginner
user_83,course_41,hearing,8,1,1,23.2,Beginner
user_83,course_41,hearing,9,2,1,48.5,Beginner
user_83,course_41,hearing,10,2,0,66.2,Beginner
user_83,course_41,hearing,11,2,0,45.3,Beginner
user_83,course_41,hearing,12,2,0,48.7,Beginner
user_83,course_41,hearing,13,1,1,27.8,Beginner
user_83,course_41,hearing,14,2,1,43.5,Beginner
user_83,course_38,hearing,1,4,0,118.0,Beginner
user_83,course_38,hearing,2,3,0,89.4,Beginner
user_83,course_38,hearing,3,3,0,98.3,Beginner
user_83,course_38,hearing,4,3,0,68.2,Beginner
user_83,course_38,hearing,5,3,0,95.8,Beginner
user_83,course_38,hearing,6,4,1,96.2,Beginner
user_83,course_38,hearing,7,3,1,58.7,Beginner
user_83,course_38,hearing,8,3,0,77.4,Beginner
user_83,course_38,hearing,9,4,0,126.8,Beginner
user_83,course_38,hearing,10,2,1,36.7,Beginner
user_84,course_8,visual,1,5,0,521.4,Beginner
user_84,course_8,visual,2,5,0,549.6,Beginner
user_84,course_8,visual,3,5,0,367.0,Beginner
user_84,course_8,visual,4,4,0,289.5,Beginner
user_84,course_8,visual,5,5,0,382.0,Beginner
user_84,course_8,visual,6,4,0,443.2,Beginner
user_84,course_8,visual,7,5,0,383.4,Beginner
user_84,course_8,visual,8,4,0,329.9,Beginner
user_84,course_8,visual,9,5,0,445.1,Beginner
user_84,course_8,visual,10,5,0,497.7,Beginner
user_84,course_8,visual,11,5,0,499.0,Beginner
user_84,course_8,visual,12,5,0,416.8,Beginner
user_84,course_8,visual,13,4,0,379.1,Beginner
user_84,course_8,visual,14,4,0,293.0,Beginner
user_84,course_18,visual,1,4,0,339.7,Beginner
user_84,course_18,visual,2,2,1,105.3,Beginner
user_84,course_18,visual,3,3,0,272.9,Beginner
user_84,course_18,visual,4,3,0,232.7,Beginner
user_84,course_18,visual,5,4,0,383.3,Beginner
user_84,course_18,visual,6,4,0,337.4,Beginner
user_84,course_18,visual,7,3,0,270.0,Beginner
user_84,course_18,visual,8,4,1,255.0,Beginner
user_84,course_18,visual,9,4,0,410.9,Beginner
user_84,course_18,visual,10,3,0,216.9,Beginner
user_84,course_18,visual,11,4,0,281.6,Beginner
user_84,course_6,visual,1,2,0,133.9,Beginner
user_84,course_6,visual,2,3,1,179.4,Beginner
user_84,course_6,visual,3,2,1,132.9,Beginner
user_84,course_6,visual,4,3,0,215.4,Beginner
user_84,course_6,visual,5,3,1,191.4,Beginner
user_84,course_6,visual,6,2,0,167.5,Beginner
user_84,course_6,visual,7,3,0,171.5,Beginner
user_84,course_6,visual,8,4,0,393.0,Beginner
user_84,course_6,visual,9,2,0,142.1,Beginner
user_84,course_6,visual,10,3,0,189.1,Beginner
user_84,course_25,visual,1,3,0,304.2,Beginner
user_84,course_25,visual,2,1,1,61.7,Beginner
user_84,course_25,visual,3,2,0,155.8,Beginner
user_84,course_25,visual,4,3,0,248.8,Beginner
user_84,course_25,visual,5,3,0,315.3,Beginner
user_84,course_25,visual,6,3,0,246.3,Beginner
user_84,course_25,visual,7,3,0,254.3,Beginner
user_84,course_25,visual,8,2,1,97.4,Beginner
user_84,course_25,visual,9,3,0,243.7,Beginner
user_84,course_25,visual,10,1,0,87.4,Beginner
user_84,course_39,visual,1,2,1,128.5,Beginner
user_84,course_39,visual,2,2,0,159.2,Beginner
user_84,course_39,visual,3,1,1,68.8,Beginner
user_84,course_39,visual,4,1,1,58.7,Beginner
user_84,course_39,visual,5,1,1,70.8,Beginner
user_84,course_39,visual,6,3,0,254.5,Beginner
user_84,course_39,visual,7,2,0,149.0,Beginner
user_84,course_39,visual,8,1,1,55.8,Beginner
user_84,course_39,visual,9,1,0,90.7,Beginner
user_84,course_39,visual,10,2,1,112.8,Beginner
user_84,course_39,visual,11,3,0,212.5,Beginner
user_84,course_39,visual,12,1,1,81.2,Beginner
user_84,course_39,visual,13,2,1,101.1,Beginner
user_84,course_39,visual,14,1,0,88.9,Beginner
user_85,course_28,cognitive,1,3,0,131.5,Beginner
user_85,course_28,cognitive,2,2,1,63.4,Beginner
user_85,course_28,cognitive,3,2,1,52.7,Beginner
user_85,course_28,cognitive,4,2,1,52.5,Beginner
user_85,course_28,cognitive,5,3,0,126.9,Beginner
user_85,course_28,cognitive,6,2,1,68.2,Beginner
user_85,course_28,cognitive,7,2,0,70.9,Beginner
user_85,course_28,cognitive,8,4,1,154.1,Beginner
user_85,course_28,cognitive,9,4,0,141.7,Beginner
user_85,course_28,cognitive,10,3,1,82.4,Beginner
user_85,course_28,cognitive,11,4,0,158.1,Beginner
user_85,course_28,cognitive,12,4,0,173.0,Beginner
user_85,course_28,cognitive,13,2,1,56.6,Beginner
user_85,course_13,cognitive,1,4,1,109.9,Beginner
user_85,course_13,cognitive,2,4,0,153.9,Beginner
user_85,course_13,cognitive,3,2,0,68.4,Beginner
user_85,course_13,cognitive,4,2,0,68.0,Beginner
user_85,course_13,cognitive,5,4,0,121.1,Beginner
user_85,course_13,cognitive,6,3,1,94.1,Beginner
user_85,course_13,cognitive,7,4,1,128.0,Beginner
user_85,course_13,cognitive,8,4,0,161.4,Beginner
user_85,course_13,cognitive,9,4,0,173.4,Beginner
user_85,course_13,cognitive,10,4,0,154.7,Beginner
user_85,course_13,cognitive,11,4,0,154.9,Beginner
user_85,course_17,cognitive,1,3,1,76.3,Beginner
user_85,course_17,cognitive,2,3,0,134.9,Beginner
user_85,course_17,cognitive,3,1,1,28.8,Beginner
user_85,course_17,cognitive,4,3,1,101.2,Beginner
user_85,course_17,cognitive,5,1,1,28.6,Beginner
user_85,course_17,cognitive,6,1,0,38.7,Beginner
user_85,course_17,cognitive,7,1,0,32.3,Beginner
user_85,course_17,cognitive,8,3,1,89.2,Beginner
user_85,course_17,cognitive,9,1,1,32.6,Beginner
user_85,course_17,cognitive,10,2,1,54.4,Beginner
user_85,course_17,cognitive,11,2,1,68.9,Beginner
user_85,course_41,cognitive,1,2,1,50.8,Beginner
user_85,course_41,cognitive,2,2,0,81.9,Beginner
user_85,course_41,cognitive,3,1,0,52.5,Beginner
user_85,course_41,cognitive,4,2,1,53.6,Beginner
user_85,course_41,cognitive,5,2,0,77.3,Beginner
user_85,course_41,cognitive,6,1,1,41.2,Beginner
user_85,course_41,cognitive,7,3,1,111.3,Beginner
user_85,course_41,cognitive,8,3,0,116.7,Beginner
user_85,course_41,cognitive,9,3,1,96.0,Beginner
user_85,course_41,cognitive,10,3,0,94.9,Beginner
user_85,course_41,cognitive,11,1,1,31.1,Beginner
user_85,course_12,cognitive,1,2,0,70.6,Beginner
user_85,course_12,cognitive,2,2,1,53.0,Beginner
user_85,course_12,cognitive,3,1,0,39.8,Beginner
user_85,course_12,cognitive,4,1,1,41.6,Beginner
user_85,course_12,cognitive,5,2,1,57.4,Beginner
user_85,course_12,cognitive,6,1,0,42.0,Beginner
user_85,course_12,cognitive,7,1,1,29.9,Beginner
user_85,course_12,cognitive,8,1,1,32.5,Beginner
user_85,course_12,cognitive,9,2,1,64.7,Beginner
user_85,course_12,cognitive,10,1,0,45.8,Beginner
user_86,course_35,cognitive,1,2,1,36.5,Advanced
user_86,course_35,cognitive,2,2,1,31.8,Advanced
user_86,course_35,cognitive,3,1,1,23.5,Advanced
user_86,course_35,cognitive,4,2,1,29.8,Advanced
user_86,course_35,cognitive,5,2,1,27.1,Advanced
user_86,course_35,cognitive,6,2,1,31.0,Advanced
user_86,course_35,cognitive,7,2,1,32.3,Advanced
user_86,course_35,cognitive,8,3,1,49.9,Advanced
user_86,course_35,cognitive,9,3,1,50.3,Advanced
user_86,course_35,cognitive,10,1,1,18.4,Advanced
user_86,course_35,cognitive,11,2,1,36.6,Advanced
user_86,course_35,cognitive,12,3,1,54.1,Advanced
user_86,course_35,cognitive,13,2,1,37.2,Advanced
user_86,course_35,cognitive,14,3,1,45.5,Advanced
user_86,course_25,cognitive,1,1,1,21.6,Advanced
user_86,course_25,cognitive,2,1,1,23.3,Advanced
user_86,course_25,cognitive,3,2,1,37.9,Advanced
user_86,course_25,cognitive,4,1,1,18.1,Advanced
user_86,course_25,cognitive,5,2,1,31.7,Advanced
user_86,course_25,cognitive,6,3,1,50.9,Advanced
user_86,course_25,cognitive,7,1,1,21.5,Advanced
user_86,course_25,cognitive,8,3,1,43.9,Advanced
user_86,course_25,cognitive,9,3,0,60.8,Advanced
user_86,course_25,cognitive,10,2,1,33.8,Advanced
user_86,course_25,cognitive,11,1,1,17.5,Advanced
user_86,course_25,cognitive,12,2,1,34.2,Advanced
user_86,course_25,cognitive,13,3,1,55.1,Advanced
user_86,course_42,cognitive,1,3,0,61.2,Advanced
user_86,course_42,cognitive,2,4,1,65.1,Advanced
user_86,course_42,cognitive,3,4,0,79.4,Advanced
user_86,course_42,cognitive,4,5,0,98.4,Advanced
user_86,course_42,cognitive,5,5,0,109.9,Advanced
user_86,course_42,cognitive,6,5,1,109.2,Advanced
user_86,course_42,cognitive,7,4,1,82.4,Advanced
user_86,course_42,cognitive,8,3,1,46.2,Advanced
user_86,course_42,cognitive,9,3,0,50.6,Advanced
user_86,course_42,cognitive,10,4,0,101.0,Advanced
user_86,course_42,cognitive,11,4,1,85.2,Advanced
user_86,course_42,cognitive,12,4,0,86.4,Advanced
user_86,course_42,cognitive,13,3,1,49.3,Advanced
user_86,course_42,cognitive,14,3,1,54.4,Advanced
user_86,course_42,cognitive,15,4,1,72.1,Advanced
user_86,course_41,cognitive,1,1,1,20.4,Advanced
user_86,course_41,cognitive,2,1,1,21.3,Advanced
user_86,course_41,cognitive,3,1,1,19.7,Advanced
user_86,course_41,cognitive,4,3,1,59.0,Advanced
user_86,course_41,cognitive,5,1,1,21.8,Advanced
user_86,course_41,cognitive,6,1,1,23.1,Advanced
user_86,course_41,cognitive,7,3,0,77.6,Advanced
user_86,course_41,cognitive,8,1,1,22.2,Advanced
user_86,course_41,cognitive,9,2,1,27.3,Advanced
user_86,course_41,cognitive,10,1,1,20.6,Advanced
user_86,course_41,cognitive,11,3,1,52.4,Advanced
user_86,course_41,cognitive,12,1,1,17.5,Advanced
user_86,course_41,cognitive,13,2,0,45.5,Advanced
user_86,course_41,cognitive,14,3,1,63.1,Advanced
user_86,course_41,cognitive,15,1,1,23.2,Advanced
user_87,course_31,cognitive,1,2,1,49.4,Intermediate
user_87,course_31,cognitive,2,1,1,31.4,Intermediate
user_87,course_31,cognitive,3,1,1,27.1,Intermediate
user_87,course_31,cognitive,4,2,0,51.8,Intermediate
user_87,course_31,cognitive,5,1,1,22.5,Intermediate
user_87,course_31,cognitive,6,2,1,52.9,Intermediate
user_87,course_31,cognitive,7,1,1,29.6,Intermediate
user_87,course_31,cognitive,8,1,1,30.0,Intermediate
user_87,course_31,cognitive,9,2,1,49.1,Intermediate
user_87,course_31,cognitive,10,1,1,24.4,Intermediate
user_87,course_31,cognitive,11,1,1,26.1,Intermediate
user_87,course_31,cognitive,12,1,1,23.0,Intermediate
user_87,course_31,cognitive,13,1,1,22.8,Intermediate
user_87,course_31,cognitive,14,1,1,23.1,Intermediate
user_87,course_44,cognitive,1,4,1,109.4,Intermediate
user_87,course_44,cognitive,2,4,0,109.8,Intermediate
user_87,course_44,cognitive,3,2,0,43.1,Intermediate
user_87,course_44,cognitive,4,4,1,113.4,Intermediate
user_87,course_44,cognitive,5,2,0,57.7,Intermediate
user_87,course_44,cognitive,6,3,1,59.9,Intermediate
user_87,course_44,cognitive,7,3,1,76.1,Intermediate
user_87,course_44,cognitive,8,2,1,43.1,Intermediate
user_87,course_44,cognitive,9,3,1,75.5,Intermediate
user_87,course_44,cognitive,10,2,0,48.4,Intermediate
user_87,course_44,cognitive,11,4,0,137.0,Intermediate
user_87,course_33,cognitive,1,2,1,52.4,Intermediate
user_87,course_33,cognitive,2,2,0,55.7,Intermediate
user_87,course_33,cognitive,3,4,0,123.5,Intermediate
user_87,course_33,cognitive,4,2,1,53.5,Intermediate
user_87,course_33,cognitive,5,3,1,61.1,Intermediate
user_87,course_33,cognitive,6,4,1,107.3,Intermediate
user_87,course_33,cognitive,7,2,1,39.2,Intermediate
user_87,course_33,cognitive,8,2,1,48.1,Intermediate
user_87,course_33,cognitive,9,3,0,85.6,Intermediate
user_87,course_33,cognitive,10,4,1,91.1,Intermediate
user_87,course_33,cognitive,11,3,1,76.4,Intermediate
user_87,course_33,cognitive,12,4,0,121.3,Intermediate
user_87,course_33,cognitive,13,4,0,110.0,Intermediate
user_87,course_23,cognitive,1,2,1,39.3,Intermediate
user_87,course_23,cognitive,2,3,0,106.0,Intermediate
user_87,course_23,cognitive,3,3,0,83.9,Intermediate
user_87,course_23,cognitive,4,2,1,52.1,Intermediate
user_87,course_23,cognitive,5,3,0,119.7,Intermediate
user_87,course_23,cognitive,6,2,1,45.6,Intermediate
user_87,course_23,cognitive,7,4,0,114.3,Intermediate
user_87,course_23,cognitive,8,3,1,84.2,Intermediate
user_87,course_23,cognitive,9,3,0,84.6,Intermediate
user_87,course_23,cognitive,10,2,0,53.8,Intermediate
user_87,course_32,cognitive,1,4,1,79.7,Intermediate
user_87,course_32,cognitive,2,5,0,142.9,Intermediate
user_87,course_32,cognitive,3,5,1,143.5,Intermediate
user_87,course_32,cognitive,4,4,1,112.1,Intermediate
user_87,course_32,cognitive,5,4,0,151.0,Intermediate
user_87,course_32,cognitive,6,5,0,165.4,Intermediate
user_87,course_32,cognitive,7,5,0,114.1,Intermediate
user_87,course_32,cognitive,8,5,0,130.9,Intermediate
user_87,course_32,cognitive,9,5,0,173.7,Intermediate
user_87,course_32,cognitive,10,4,0,115.5,Intermediate
user_88,course_32,cognitive,1,5,1,102.3,Advanced
user_88,course_32,cognitive,2,5,0,111.8,Advanced
user_88,course_32,cognitive,3,5,1,84.4,Advanced
user_88,course_32,cognitive,4,4,0,106.0,Advanced
user_88,course_32,cognitive,5,5,0,113.5,Advanced
user_88,course_32,cognitive,6,5,0,143.1,Advanced
user_88,course_32,cognitive,7,4,1,63.4,Advanced
user_88,course_32,cognitive,8,5,1,98.3,Advanced
user_88,course_32,cognitive,9,4,0,92.4,Advanced
user_88,course_32,cognitive,10,4,1,80.9,Advanced
user_88,course_32,cognitive,11,5,1,107.6,Advanced
user_88,course_32,cognitive,12,4,1,88.3,Advanced
user_88,course_32,cognitive,13,5,1,102.9,Advanced
user_88,course_28,cognitive,1,2,1,36.7,Advanced
user_88,course_28,cognitive,2,2,1,37.4,Advanced
user_88,course_28,cognitive,3,4,0,100.6,Advanced
user_88,course_28,cognitive,4,2,1,40.2,Advanced
user_88,course_28,cognitive,5,4,0,113.7,Advanced
user_88,course_28,cognitive,6,4,1,80.7,Advanced
user_88,course_28,cognitive,7,4,0,74.5,Advanced
user_88,course_28,cognitive,8,3,1,51.7,Advanced
user_88,course_28,cognitive,9,2,1,32.5,Advanced
user_88,course_28,cognitive,10,2,1,33.0,Advanced
user_88,course_28,cognitive,11,4,1,73.6,Advanced
user_88,course_28,cognitive,12,2,1,37.1,Advanced
user_88,course_28,cognitive,13,2,1,29.4,Advanced
user_88,course_28,cognitive,14,2,1,37.5,Advanced
user_88,course_4,cognitive,1,1,1,23.9,Advanced
user_88,course_4,cognitive,2,2,1,27.6,Advanced
user_88,course_4,cognitive,3,3,1,53.5,Advanced
user_88,course_4,cognitive,4,1,1,19.5,Advanced
user_88,course_4,cognitive,5,2,1,31.9,Advanced
user_88,course_4,cognitive,6,1,1,19.8,Advanced
user_88,course_4,cognitive,7,1,1,19.0,Advanced
user_88,course_4,cognitive,8,1,1,17.7,Advanced
user_88,course_4,cognitive,9,2,1,34.1,Advanced
user_88,course_4,cognitive,10,2,0,54.5,Advanced
user_88,course_5,cognitive,1,2,1,38.8,Advanced
user_88,course_5,cognitive,2,3,1,57.7,Advanced
user_88,course_5,cognitive,3,4,0,92.0,Advanced
user_88,course_5,cognitive,4,4,1,60.3,Advanced
user_88,course_5,cognitive,5,3,1,56.6,Advanced
user_88,course_5,cognitive,6,4,1,72.2,Advanced
user_88,course_5,cognitive,7,3,1,57.0,Advanced
user_88,course_5,cognitive,8,2,1,31.2,Advanced
user_88,course_5,cognitive,9,4,0,100.1,Advanced
user_88,course_5,cognitive,10,4,1,60.3,Advanced
user_88,course_12,cognitive,1,2,1,36.8,Advanced
user_88,course_12,cognitive,2,1,1,22.6,Advanced
user_88,course_12,cognitive,3,1,1,18.7,Advanced
user_88,course_12,cognitive,4,2,1,40.4,Advanced
user_88,course_12,cognitive,5,1,1,21.7,Advanced
user_88,course_12,cognitive,6,1,1,19.1,Advanced
user_88,course_12,cognitive,7,2,1,35.3,Advanced
user_88,course_12,cognitive,8,1,1,19.4,Advanced
user_88,course_12,cognitive,9,1,1,17.8,Advanced
user_88,course_12,cognitive,10,1,1,22.5,Advanced
user_88,course_12,cognitive,11,1,1,18.5,Advanced
user_88,course_12,cognitive,12,1,1,20.1,Advanced
user_88,course_12,cognitive,13,1,1,21.2,Advanced
user_88,course_7,cognitive,1,1,1,21.4,Advanced
user_88,course_7,cognitive,2,1,1,16.4,Advanced
user_88,course_7,cognitive,3,1,1,23.7,Advanced
user_88,course_7,cognitive,4,1,1,19.0,Advanced
user_88,course_7,cognitive,5,1,1,20.0,Advanced
user_88,course_7,cognitive,6,2,1,36.4,Advanced
user_88,course_7,cognitive,7,1,1,19.0,Advanced
user_88,course_7,cognitive,8,2,1,36.2,Advanced
user_88,course_7,cognitive,9,1,1,24.2,Advanced
user_88,course_7,cognitive,10,1,1,20.8,Advanced
user_89,course_12,motor,1,2,1,53.2,Intermediate
user_89,course_12,motor,2,1,1,36.6,Intermediate
user_89,course_12,motor,3,2,0,66.6,Intermediate
user_89,course_12,motor,4,1,1,41.7,Intermediate
user_89,course_12,motor,5,1,1,37.2,Intermediate
user_89,course_12,motor,6,1,1,32.5,Intermediate
user_89,course_12,motor,7,2,0,94.2,Intermediate
user_89,course_12,motor,8,1,1,31.3,Intermediate
user_89,course_12,motor,9,1,1,35.9,Intermediate
user_89,course_12,motor,10,1,1,41.6,Intermediate
user_89,course_13,motor,1,2,1,52.0,Intermediate
user_89,course_13,motor,2,3,1,104.8,Intermediate
user_89,course_13,motor,3,2,1,51.5,Intermediate
user_89,course_13,motor,4,4,0,207.8,Intermediate
user_89,course_13,motor,5,2,1,65.8,Intermediate
user_89,course_13,motor,6,3,0,124.0,Intermediate
user_89,course_13,motor,7,4,0,163.7,Intermediate
user_89,course_13,motor,8,3,1,111.4,Intermediate
user_89,course_13,motor,9,2,1,51.0,Intermediate
user_89,course_13,motor,10,4,0,244.5,Intermediate
user_89,course_13,motor,11,2,1,65.6,Intermediate
user_89,course_13,motor,12,2,1,73.8,Intermediate
user_89,course_13,motor,13,4,1,133.1,Intermediate
user_89,course_13,motor,14,4,0,166.3,Intermediate
user_89,course_13,motor,15,4,0,168.3,Intermediate
user_89,course_16,motor,1,4,0,166.4,Intermediate
user_89,course_16,motor,2,4,0,168.0,Intermediate
user_89,course_16,motor,3,2,1,59.4,Intermediate
user_89,course_16,motor,4,3,0,126.3,Intermediate
user_89,course_16,motor,5,4,0,187.6,Intermediate
user_89,course_16,motor,6,2,1,74.5,Intermediate
user_89,course_16,motor,7,2,1,60.8,Intermediate
user_89,course_16,motor,8,4,1,141.1,Intermediate
user_89,course_16,motor,9,3,1,100.8,Intermediate
user_89,course_16,motor,10,4,1,151.9,Intermediate
user_89,course_41,motor,1,3,0,115.5,Intermediate
user_89,course_41,motor,2,3,1,111.9,Intermediate
user_89,course_41,motor,3,1,1,37.1,Intermediate
user_89,course_41,motor,4,1,1,38.4,Intermediate
user_89,course_41,motor,5,1,1,37.8,Intermediate
user_89,course_41,motor,6,3,0,104.1,Intermediate
user_89,course_41,motor,7,1,1,40.7,Intermediate
user_89,course_41,motor,8,2,1,69.3,Intermediate
user_89,course_41,motor,9,2,1,54.1,Intermediate
user_89,course_41,motor,10,2,1,55.7,Intermediate
user_89,course_41,motor,11,1,1,35.1,Intermediate
user_89,course_41,motor,12,3,1,88.4,Intermediate
user_89,course_41,motor,13,1,1,39.1,Intermediate
user_89,course_41,motor,14,1,1,36.9,Intermediate
user_89,course_41,motor,15,1,1,31.9,Intermediate
user_89,course_5,motor,1,3,0,139.7,Intermediate
user_89,course_5,motor,2,4,0,185.8,Intermediate
user_89,course_5,motor,3,3,1,80.1,Intermediate
user_89,course_5,motor,4,3,1,95.1,Intermediate
user_89,course_5,motor,5,2,1,71.2,Intermediate
user_89,course_5,motor,6,2,0,67.1,Intermediate
user_89,course_5,motor,7,2,1,56.1,Intermediate
user_89,course_5,motor,8,4,1,155.1,Intermediate
user_89,course_5,motor,9,4,0,173.4,Intermediate
user_89,course_5,motor,10,3,1,117.4,Intermediate
user_89,course_5,motor,11,3,0,138.8,Intermediate
user_89,course_5,motor,12,2,0,79.4,Intermediate
user_89,course_5,motor,13,3,0,125.4,Intermediate
user_89,course_5,motor,14,4,1,157.2,Intermediate
user_90,course_9,cognitive,1,4,0,132.4,Beginner
user_90,course_9,cognitive,2,5,1,178.3,Beginner
user_90,course_9,cognitive,3,3,0,102.2,Beginner
user_90,course_9,cognitive,4,3,1,85.8,Beginner
user_90,course_9,cognitive,5,4,0,163.1,Beginner
user_90,course_9,cognitive,6,3,0,120.3,Beginner
user_90,course_9,cognitive,7,3,1,85.6,Beginner
user_90,course_9,cognitive,8,3,0,130.8,Beginner
user_90,course_9,cognitive,9,4,0,127.4,Beginner
user_90,course_9,cognitive,10,4,0,169.1,Beginner
user_90,course_9,cognitive,11,3,0,125.3,Beginner
user_90,course_9,cognitive,12,4,0,125.8,Beginner
user_90,course_14,cognitive,1,5,0,165.9,Beginner
user_90,course_14,cognitive,2,4,0,210.7,Beginner
user_90,course_14,cognitive,3,5,0,263.3,Beginner
user_90,course_14,cognitive,4,5,0,243.8,Beginner
user_90,course_14,cognitive,5,5,0,159.6,Beginner
user_90,course_14,cognitive,6,5,0,207.6,Beginner
user_90,course_14,cognitive,7,5,0,202.3,Beginner
user_90,course_14,cognitive,8,5,0,157.8,Beginner
user_90,course_14,cognitive,9,5,0,178.2,Beginner
user_90,course_14,cognitive,10,5,0,232.5,Beginner
user_90,course_14,cognitive,11,4,1,141.2,Beginner
user_90,course_14,cognitive,12,5,0,197.9,Beginner
user_90,course_30,cognitive,1,4,0,169.6,Beginner
user_90,course_30,cognitive,2,2,1,65.9,Beginner
user_90,course_30,cognitive,3,2,0,73.6,Beginner
user_90,course_30,cognitive,4,4,0,139.8,Beginner
user_90,course_30,cognitive,5,3,0,94.7,Beginner
user_90,course_30,cognitive,6,2,0,72.2,Beginner
user_90,course_30,cognitive,7,3,0,134.5,Beginner
user_90,course_30,cognitive,8,2,0,68.5,Beginner
user_90,course_30,cognitive,9,4,0,163.4,Beginner
user_90,course_30,cognitive,10,2,1,61.2,Beginner
user_90,course_30,cognitive,11,2,1,49.0,Beginner
user_90,course_10,cognitive,1,4,0,162.5,Beginner
user_90,course_10,cognitive,2,5,0,205.2,Beginner
user_90,course_10,cognitive,3,4,0,180.1,Beginner
user_90,course_10,cognitive,4,3,0,126.6,Beginner
user_90,course_10,cognitive,5,5,0,214.7,Beginner
user_90,course_10,cognitive,6,3,0,136.8,Beginner
user_90,course_10,cognitive,7,3,0,136.9,Beginner
user_90,course_10,cognitive,8,4,0,192.2,Beginner
user_90,course_10,cognitive,9,4,0,178.2,Beginner
user_90,course_10,cognitive,10,5,0,159.5,Beginner
user_90,course_10,cognitive,11,5,0,239.4,Beginner
user_90,course_10,cognitive,12,3,0,126.8,Beginner
user_90,course_10,cognitive,13,5,0,195.5,Beginner
user_90,course_35,cognitive,1,2,1,57.5,Beginner
user_90,course_35,cognitive,2,3,0,107.4,Beginner
user_90,course_35,cognitive,3,1,1,28.2,Beginner
user_90,course_35,cognitive,4,2,1,65.7,Beginner
user_90,course_35,cognitive,5,3,1,92.5,Beginner
user_90,course_35,cognitive,6,3,1,101.7,Beginner
user_90,course_35,cognitive,7,1,1,29.7,Beginner
user_90,course_35,cognitive,8,3,0,120.2,Beginner
user_90,course_35,cognitive,9,3,1,90.8,Beginner
user_90,course_35,cognitive,10,2,0,103.0,Beginner
user_90,course_35,cognitive,11,1,1,28.7,Beginner
user_90,course_35,cognitive,12,1,1,34.5,Beginner
user_91,course_34,visual,1,5,0,257.0,Advanced
user_91,course_34,visual,2,5,1,216.0,Advanced
user_91,course_34,visual,3,4,1,161.6,Advanced
user_91,course_34,visual,4,4,1,124.9,Advanced
user_91,course_34,visual,5,5,1,164.8,Advanced
user_91,course_34,visual,6,4,1,171.9,Advanced
user_91,course_34,visual,7,5,1,168.0,Advanced
user_91,course_34,visual,8,4,1,129.1,Advanced
user_91,course_34,visual,9,4,1,128.4,Advanced
user_91,course_34,visual,10,4,1,120.0,Advanced
user_91,course_34,visual,11,4,1,158.9,Advanced
user_91,course_34,visual,12,5,0,288.7,Advanced
user_91,course_35,visual,1,3,0,146.4,Advanced
user_91,course_35,visual,2,1,1,34.9,Advanced
user_91,course_35,visual,3,1,0,56.4,Advanced
user_91,course_35,visual,4,1,1,41.2,Advanced
user_91,course_35,visual,5,2,1,65.0,Advanced
user_91,course_35,visual,6,2,1,53.0,Advanced
user_91,course_35,visual,7,3,1,113.2,Advanced
user_91,course_35,visual,8,1,1,46.8,Advanced
user_91,course_35,visual,9,1,1,41.0,Advanced
user_91,course_35,visual,10,1,1,43.1,Advanced
user_91,course_35,visual,11,3,1,91.4,Advanced
user_91,course_35,visual,12,1,1,34.9,Advanced
user_91,course_35,visual,13,3,1,101.6,Advanced
user_91,course_35,visual,14,2,1,62.0,Advanced
user_91,course_35,visual,15,3,1,95.5,Advanced
user_91,course_30,visual,1,2,1,73.8,Advanced
user_91,course_30,visual,2,3,1,123.1,Advanced
user_91,course_30,visual,3,2,0,85.9,Advanced
user_91,course_30,visual,4,2,1,77.7,Advanced
user_91,course_30,visual,5,3,1,118.3,Advanced
user_91,course_30,visual,6,2,1,70.1,Advanced
user_91,course_30,visual,7,4,0,181.9,Advanced
user_91,course_30,visual,8,4,1,156.8,Advanced
user_91,course_30,visual,9,3,0,158.9,Advanced
user_91,course_30,visual,10,3,1,122.0,Advanced
user_91,course_5,visual,1,4,1,165.7,Advanced
user_91,course_5,visual,2,3,1,121.2,Advanced
user_91,course_5,visual,3,2,1,78.1,Advanced
user_91,course_5,visual,4,3,1,101.7,Advanced
user_91,course_5,visual,5,4,1,160.7,Advanced
user_91,course_5,visual,6,2,1,70.0,Advanced
user_91,course_5,visual,7,2,1,60.5,Advanced
user_91,course_5,visual,8,3,1,125.3,Advanced
user_91,course_5,visual,9,4,1,136.1,Advanced
user_91,course_5,visual,10,3,1,93.7,Advanced
user_91,course_5,visual,11,4,1,156.8,Advanced
user_91,course_5,visual,12,3,1,100.9,Advanced
user_91,course_5,visual,13,4,1,124.4,Advanced
user_91,course_5,visual,14,3,1,111.5,Advanced
user_91,course_5,visual,15,3,0,134.8,Advanced
user_91,course_18,visual,1,2,1,67.6,Advanced
user_91,course_18,visual,2,2,0,87.8,Advanced
user_91,course_18,visual,3,3,1,123.4,Advanced
user_91,course_18,visual,4,4,0,247.4,Advanced
user_91,course_18,visual,5,2,1,63.7,Advanced
user_91,course_18,visual,6,2,1,63.8,Advanced
user_91,course_18,visual,7,2,1,73.9,Advanced
user_91,course_18,visual,8,3,0,140.1,Advanced
user_91,course_18,visual,9,3,1,123.8,Advanced
user_91,course_18,visual,10,3,1,88.9,Advanced
user_91,course_18,visual,11,3,1,85.6,Advanced
user_92,course_17,motor,1,1,1,25.9,Advanced
user_92,course_17,motor,2,1,1,33.7,Advanced
user_92,course_17,motor,3,2,1,42.3,Advanced
user_92,course_17,motor,4,3,1,80.6,Advanced
user_92,course_17,motor,5,3,1,67.1,Advanced
user_92,course_17,motor,6,2,1,43.1,Advanced
user_92,course_17,motor,7,3,1,60.8,Advanced
user_92,course_17,motor,8,2,1,38.8,Advanced
user_92,course_17,motor,9,3,1,65.5,Advanced
user_92,course_17,motor,10,1,1,22.9,Advanced
user_92,course_17,motor,11,2,1,56.0,Advanced
user_92,course_17,motor,12,3,1,61.8,Advanced
user_92,course_17,motor,13,2,1,40.0,Advanced
user_92,course_32,motor,1,5,1,128.9,Advanced
user_92,course_32,motor,2,5,1,132.4,Advanced
user_92,course_32,motor,3,5,0,173.0,Advanced
user_92,course_32,motor,4,5,0,230.5,Advanced
user_92,course_32,motor,5,4,1,103.8,Advanced
user_92,course_32,motor,6,5,1,156.8,Advanced
user_92,course_32,motor,7,4,1,87.3,Advanced
user_92,course_32,motor,8,4,1,92.7,Advanced
user_92,course_32,motor,9,5,0,205.5,Advanced
user_92,course_32,motor,10,5,0,165.6,Advanced
user_92,course_32,motor,11,5,1,143.7,Advanced
user_92,course_32,motor,12,4,1,105.8,Advanced
user_92,course_32,motor,13,5,0,167.7,Advanced
user_92,course_32,motor,14,5,0,213.0,Advanced
user_92,course_37,motor,1,1,1,31.0,Advanced
user_92,course_37,motor,2,2,1,46.0,Advanced
user_92,course_37,motor,3,2,1,50.3,Advanced
user_92,course_37,motor,4,1,1,33.7,Advanced
user_92,course_37,motor,5,2,1,48.0,Advanced
user_92,course_37,motor,6,1,1,23.4,Advanced
user_92,course_37,motor,7,2,1,54.8,Advanced
user_92,course_37,motor,8,1,1,30.8,Advanced
user_92,course_37,motor,9,1,1,29.2,Advanced
user_92,course_37,motor,10,1,1,23.8,Advanced
user_92,course_37,motor,11,1,1,28.2,Advanced
user_92,course_37,motor,12,2,1,54.6,Advanced
user_92,course_26,motor,1,5,0,156.5,Advanced
user_92,course_26,motor,2,4,1,106.3,Advanced
user_92,course_26,motor,3,3,1,60.5,Advanced
user_92,course_26,motor,4,4,1,86.0,Advanced
user_92,course_26,motor,5,3,1,81.5,Advanced
user_92,course_26,motor,6,5,1,129.3,Advanced
user_92,course_26,motor,7,5,1,135.3,Advanced
user_92,course_26,motor,8,4,1,89.5,Advanced
user_92,course_26,motor,9,3,1,89.9,Advanced
user_92,course_26,motor,10,3,1,72.5,Advanced
user_92,course_3,motor,1,4,1,99.7,Advanced
user_92,course_3,motor,2,2,1,45.0,Advanced
user_92,course_3,motor,3,2,0,60.8,Advanced
user_92,course_3,motor,4,4,0,166.3,Advanced
user_92,course_3,motor,5,2,0,54.5,Advanced
user_92,course_3,motor,6,4,1,117.7,Advanced
user_92,course_3,motor,7,2,1,55.2,Advanced
user_92,course_3,motor,8,3,1,75.2,Advanced
user_92,course_3,motor,9,4,1,100.5,Advanced
user_92,course_3,motor,10,3,0,106.6,Advanced
user_92,course_3,motor,11,3,1,81.0,Advanced
user_92,course_4,motor,1,3,1,69.9,Advanced
user_92,course_4,motor,2,2,1,45.1,Advanced
user_92,course_4,motor,3,3,1,67.9,Advanced
user_92,course_4,motor,4,2,1,54.9,Advanced
user_92,course_4,motor,5,3,1,80.9,Advanced
user_92,course_4,motor,6,2,1,54.5,Advanced
user_92,course_4,motor,7,1,1,27.5,Advanced
user_92,course_4,motor,8,3,1,60.3,Advanced
user_92,course_4,motor,9,2,1,53.6,Advanced
user_92,course_4,motor,10,1,1,28.6,Advanced
user_92,course_4,motor,11,1,1,23.2,Advanced
user_93,course_41,visual,1,1,1,53.3,Intermediate
user_93,course_41,visual,2,3,0,159.2,Intermediate
user_93,course_41,visual,3,2,1,73.6,Intermediate
user_93,course_41,visual,4,2,1,91.3,Intermediate
user_93,course_41,visual,5,1,1,44.3,Intermediate
user_93,course_41,visual,6,1,1,45.1,Intermediate
user_93,course_41,visual,7,3,1,126.7,Intermediate
user_93,course_41,visual,8,1,1,48.4,Intermediate
user_93,course_41,visual,9,2,1,104.6,Intermediate
user_93,course_41,visual,10,3,1,158.3,Intermediate
user_93,course_41,visual,11,3,1,159.4,Intermediate
user_93,course_7,visual,1,2,1,92.8,Intermediate
user_93,course_7,visual,2,2,1,81.0,Intermediate
user_93,course_7,visual,3,2,0,129.5,Intermediate
user_93,course_7,visual,4,2,1,100.4,Intermediate
user_93,course_7,visual,5,1,1,54.9,Intermediate
user_93,course_7,visual,6,2,1,73.8,Intermediate
user_93,course_7,visual,7,1,1,44.6,Intermediate
user_93,course_7,visual,8,1,1,55.4,Intermediate
user_93,course_7,visual,9,1,1,56.4,Intermediate
user_93,course_7,visual,10,2,1,92.2,Intermediate
user_93,course_7,visual,11,2,0,101.0,Intermediate
user_93,course_7,visual,12,2,1,98.3,Intermediate
user_93,course_7,visual,13,2,1,72.6,Intermediate
user_93,course_19,visual,1,1,1,58.5,Intermediate
user_93,course_19,visual,2,3,0,157.7,Intermediate
user_93,course_19,visual,3,1,1,51.0,Intermediate
user_93,course_19,visual,4,2,1,79.8,Intermediate
user_93,course_19,visual,5,3,1,128.9,Intermediate
user_93,course_19,visual,6,3,1,140.6,Intermediate
user_93,course_19,visual,7,1,1,55.9,Intermediate
user_93,course_19,visual,8,2,1,89.4,Intermediate
user_93,course_19,visual,9,1,1,50.4,Intermediate
user_93,course_19,visual,10,3,0,180.6,Intermediate
user_93,course_19,visual,11,1,1,47.7,Intermediate
user_93,course_11,visual,1,3,1,160.2,Intermediate
user_93,course_11,visual,2,5,0,280.4,Intermediate
user_93,course_11,visual,3,4,1,195.3,Intermediate
user_93,course_11,visual,4,3,1,164.9,Intermediate
user_93,course_11,visual,5,5,0,318.8,Intermediate
user_93,course_11,visual,6,5,0,356.5,Intermediate
user_93,course_11,visual,7,5,1,216.2,Intermediate
user_93,course_11,visual,8,4,0,227.7,Intermediate
user_93,course_11,visual,9,4,0,225.6,Intermediate
user_93,course_11,visual,10,5,0,404.7,Intermediate
user_93,course_11,visual,11,3,0,159.9,Intermediate
user_93,course_11,visual,12,5,0,406.4,Intermediate
user_93,course_11,visual,13,5,0,300.9,Intermediate
user_93,course_47,visual,1,4,0,204.3,Intermediate
user_93,course_47,visual,2,2,1,96.3,Intermediate
user_93,course_47,visual,3,2,1,102.0,Intermediate
user_93,course_47,visual,4,3,0,169.1,Intermediate
user_93,course_47,visual,5,3,1,140.2,Intermediate
user_93,course_47,visual,6,4,0,201.2,Intermediate
user_93,course_47,visual,7,3,1,153.7,Intermediate
user_93,course_47,visual,8,4,0,230.9,Intermediate
user_93,course_47,visual,9,4,0,326.9,Intermediate
user_93,course_47,visual,10,2,1,77.1,Intermediate
user_93,course_47,visual,11,4,1,169.4,Intermediate
user_93,course_47,visual,12,4,1,171.0,Intermediate
user_93,course_34,visual,1,5,0,361.5,Intermediate
user_93,course_34,visual,2,4,0,277.1,Intermediate
user_93,course_34,visual,3,4,1,185.6,Intermediate
user_93,course_34,visual,4,4,1,180.4,Intermediate
user_93,course_34,visual,5,4,1,214.6,Intermediate
user_93,course_34,visual,6,5,1,225.0,Intermediate
user_93,course_34,visual,7,4,0,235.4,Intermediate
user_93,course_34,visual,8,4,0,313.6,Intermediate
user_93,course_34,visual,9,5,0,303.2,Intermediate
user_93,course_34,visual,10,5,1,231.1,Intermediate
user_93,course_34,visual,11,5,0,246.9,Intermediate
user_93,course_2,visual,1,4,0,249.9,Intermediate
user_93,course_2,visual,2,3,1,160.9,Intermediate
user_93,course_2,visual,3,3,1,161.3,Intermediate
user_93,course_2,visual,4,4,0,203.9,Intermediate
user_93,course_2,visual,5,2,1,100.5,Intermediate
user_93,course_2,visual,6,2,1,90.8,Intermediate
user_93,course_2,visual,7,2,1,91.5,Intermediate
user_93,course_2,visual,8,4,0,199.9,Intermediate
user_93,course_2,visual,9,4,1,181.6,Intermediate
user_93,course_2,visual,10,3,0,171.9,Intermediate
user_93,course_2,visual,11,2,1,86.3,Intermediate
user_93,course_2,visual,12,4,1,174.5,Intermediate
user_93,course_2,visual,13,4,0,261.1,Intermediate
user_94,course_19,motor,1,3,1,67.7,Advanced
user_94,course_19,motor,2,1,1,33.0,Advanced
user_94,course_19,motor,3,2,1,44.9,Advanced
user_94,course_19,motor,4,2,1,53.8,Advanced
user_94,course_19,motor,5,1,1,23.0,Advanced
user_94,course_19,motor,6,2,1,42.2,Advanced
user_94,course_19,motor,7,1,1,31.4,Advanced
user_94,course_19,motor,8,1,1,32.1,Advanced
user_94,course_19,motor,9,3,1,70.2,Advanced
user_94,course_19,motor,10,1,1,26.9,Advanced
user_94,course_19,motor,11,2,1,50.9,Advanced
user_94,course_19,motor,12,1,1,28.4,Advanced
user_94,course_19,motor,13,1,1,24.4,Advanced
user_94,course_35,motor,1,1,1,25.6,Advanced
user_94,course_35,motor,2,3,1,69.1,Advanced
user_94,course_35,motor,3,3,1,80.4,Advanced
user_94,course_35,motor,4,3,1,81.3,Advanced
user_94,course_35,motor,5,1,1,24.5,Advanced
user_94,course_35,motor,6,2,1,52.7,Advanced
user_94,course_35,motor,7,1,1,23.2,Advanced
user_94,course_35,motor,8,2,1,39.5,Advanced
user_94,course_35,motor,9,3,1,67.0,Advanced
user_94,course_35,motor,10,1,1,25.1,Advanced
user_94,course_35,motor,11,2,1,49.0,Advanced
user_94,course_35,motor,12,2,1,44.4,Advanced
user_94,course_35,motor,13,1,1,25.8,Advanced
user_94,course_9,motor,1,5,0,181.2,Advanced
user_94,course_9,motor,2,3,1,62.4,Advanced
user_94,course_9,motor,3,5,1,135.8,Advanced
user_94,course_9,motor,4,3,1,66.8,Advanced
user_94,course_9,motor,5,5,0,136.3,Advanced
user_94,course_9,motor,6,3,0,107.9,Advanced
user_94,course_9,motor,7,5,1,134.7,Advanced
user_94,course_9,motor,8,3,1,61.3,Advanced
user_94,course_9,motor,9,3,1,77.7,Advanced
user_94,course_9,motor,10,4,1,113.7,Advanced
user_94,course_9,motor,11,4,0,124.5,Advanced
user_94,course_9,motor,12,5,0,137.0,Advanced
user_94,course_41,motor,1,1,1,22.7,Advanced
user_94,course_41,motor,2,3,0,87.3,Advanced
user_94,course_41,motor,3,2,1,54.6,Advanced
user_94,course_41,motor,4,2,1,54.4,Advanced
user_94,course_41,motor,5,3,1,86.4,Advanced
user_94,course_41,motor,6,3,0,78.7,Advanced
user_94,course_41,motor,7,2,0,52.8,Advanced
user_94,course_41,motor,8,2,1,54.1,Advanced
user_94,course_41,motor,9,3,1,65.9,Advanced
user_94,course_41,motor,10,1,1,33.2,Advanced
user_94,course_41,motor,11,1,1,28.8,Advanced
user_95,course_8,motor,1,5,1,149.8,Intermediate
user_95,course_8,motor,2,4,0,200.6,Intermediate
user_95,course_8,motor,3,5,1,202.3,Intermediate
user_95,course_8,motor,4,4,0,171.3,Intermediate
user_95,course_8,motor,5,4,1,151.0,Intermediate
user_95,course_8,motor,6,5,0,228.9,Intermediate
user_95,course_8,motor,7,4,0,132.9,Intermediate
user_95,course_8,motor,8,5,0,250.3,Intermediate
user_95,course_8,motor,9,5,0,221.8,Intermediate
user_95,course_8,motor,10,4,0,223.3,Intermediate
user_95,course_8,motor,11,5,0,197.9,Intermediate
user_95,course_8,motor,12,4,1,141.9,Intermediate
user_95,course_41,motor,1,2,1,61.0,Intermediate
user_95,course_41,motor,2,1,1,32.7,Intermediate
user_95,course_41,motor,3,1,1,42.4,Intermediate
user_95,course_41,motor,4,1,1,38.4,Intermediate
user_95,course_41,motor,5,1,1,44.6,Intermediate
user_95,course_41,motor,6,1,1,33.6,Intermediate
user_95,course_41,motor,7,3,1,98.4,Intermediate
user_95,course_41,motor,8,2,1,74.8,Intermediate
user_95,course_41,motor,9,2,1,59.6,Intermediate
user_95,course_41,motor,10,2,1,52.0,Intermediate
user_95,course_41,motor,11,3,1,95.7,Intermediate
user_95,course_41,motor,12,3,0,154.1,Intermediate
user_95,course_41,motor,13,2,1,52.8,Intermediate
user_95,course_41,motor,14,1,0,50.3,Intermediate
user_95,course_41,motor,15,3,0,142.2,Intermediate
user_95,course_27,motor,1,2,1,54.5,Intermediate
user_95,course_27,motor,2,3,1,99.7,Intermediate
user_95,course_27,motor,3,2,1,62.8,Intermediate
user_95,course_27,motor,4,2,1,72.5,Intermediate
user_95,course_27,motor,5,2,1,66.6,Intermediate
user_95,course_27,motor,6,1,1,36.9,Intermediate
user_95,course_27,motor,7,2,1,58.5,Intermediate
user_95,course_27,motor,8,2,1,70.5,Intermediate
user_95,course_27,motor,9,3,0,147.7,Intermediate
user_95,course_27,motor,10,3,1,109.5,Intermediate
user_95,course_27,motor,11,3,1,87.5,Intermediate
user_95,course_5,motor,1,4,1,139.0,Intermediate
user_95,course_5,motor,2,2,1,68.5,Intermediate
user_95,course_5,motor,3,3,1,110.3,Intermediate
user_95,course_5,motor,4,3,1,93.1,Intermediate
user_95,course_5,motor,5,3,1,93.0,Intermediate
user_95,course_5,motor,6,3,0,129.6,Intermediate
user_95,course_5,motor,7,2,0,102.7,Intermediate
user_95,course_5,motor,8,3,0,148.1,Intermediate
user_95,course_5,motor,9,2,1,73.7,Intermediate
user_95,course_5,motor,10,4,0,153.8,Intermediate
user_95,course_5,motor,11,4,0,176.2,Intermediate
user_95,course_5,motor,12,3,1,101.6,Intermediate
user_96,course_42,cognitive,1,3,0,115.8,Intermediate
user_96,course_42,cognitive,2,4,1,87.3,Intermediate
user_96,course_42,cognitive,3,4,0,124.2,Intermediate
user_96,course_42,cognitive,4,5,0,170.5,Intermediate
user_96,course_42,cognitive,5,5,0,150.6,Intermediate
user_96,course_42,cognitive,6,4,0,130.9,Intermediate
user_96,course_42,cognitive,7,5,0,120.1,Intermediate
user_96,course_42,cognitive,8,4,0,117.0,Intermediate
user_96,course_42,cognitive,9,3,0,95.4,Intermediate
user_96,course_42,cognitive,10,4,0,101.4,Intermediate
user_96,course_42,cognitive,11,5,0,185.5,Intermediate
user_96,course_42,cognitive,12,4,0,128.1,Intermediate
user_96,course_42,cognitive,13,5,0,172.6,Intermediate
user_96,course_43,cognitive,1,3,1,82.0,Intermediate
user_96,course_43,cognitive,2,2,1,39.0,Intermediate
user_96,course_43,cognitive,3,3,0,77.6,Intermediate
user_96,course_43,cognitive,4,2,1,42.7,Intermediate
user_96,course_43,cognitive,5,2,1,42.6,Intermediate
user_96,course_43,cognitive,6,2,0,65.6,Intermediate
user_96,course_43,cognitive,7,1,1,28.9,Intermediate
user_96,course_43,cognitive,8,1,1,27.8,Intermediate
user_96,course_43,cognitive,9,1,1,28.7,Intermediate
user_96,course_43,cognitive,10,3,0,83.1,Intermediate
user_96,course_43,cognitive,11,1,1,22.6,Intermediate
user_96,course_26,cognitive,1,3,0,96.1,Intermediate
user_96,course_26,cognitive,2,3,1,75.8,Intermediate
user_96,course_26,cognitive,3,5,0,157.6,Intermediate
user_96,course_26,cognitive,4,4,1,81.8,Intermediate
user_96,course_26,cognitive,5,4,0,119.9,Intermediate
user_96,course_26,cognitive,6,4,1,86.5,Intermediate
user_96,course_26,cognitive,7,3,1,65.6,Intermediate
user_96,course_26,cognitive,8,3,1,71.9,Intermediate
user_96,course_26,cognitive,9,4,0,96.5,Intermediate
user_96,course_26,cognitive,10,5,1,102.5,Intermediate
user_96,course_26,cognitive,11,5,1,124.1,Intermediate
user_96,course_45,cognitive,1,2,1,44.3,Intermediate
user_96,course_45,cognitive,2,4,0,134.8,Intermediate
user_96,course_45,cognitive,3,3,1,59.7,Intermediate
user_96,course_45,cognitive,4,4,1,100.9,Intermediate
user_96,course_45,cognitive,5,2,0,60.7,Intermediate
user_96,course_45,cognitive,6,2,1,52.8,Intermediate
user_96,course_45,cognitive,7,4,0,138.7,Intermediate
user_96,course_45,cognitive,8,4,0,167.0,Intermediate
user_96,course_45,cognitive,9,2,0,66.6,Intermediate
user_96,course_45,cognitive,10,4,0,149.5,Intermediate
user_96,course_45,cognitive,11,3,1,79.0,Intermediate
user_96,course_45,cognitive,12,3,0,83.0,Intermediate
user_96,course_45,cognitive,13,4,0,126.5,Intermediate
user_96,course_45,cognitive,14,2,1,48.1,Intermediate
user_96,course_45,cognitive,15,4,0,121.2,Intermediate
user_96,course_10,cognitive,1,4,0,115.5,Intermediate
user_96,course_10,cognitive,2,5,0,169.4,Intermediate
user_96,course_10,cognitive,3,4,0,148.6,Intermediate
user_96,course_10,cognitive,4,4,0,115.9,Intermediate
user_96,course_10,cognitive,5,5,0,188.5,Intermediate
user_96,course_10,cognitive,6,3,1,64.0,Intermediate
user_96,course_10,cognitive,7,3,0,89.9,Intermediate
user_96,course_10,cognitive,8,4,0,108.8,Intermediate
user_96,course_10,cognitive,9,3,0,85.2,Intermediate
user_96,course_10,cognitive,10,5,0,203.3,Intermediate
user_96,course_36,cognitive,1,3,0,103.4,Intermediate
user_96,course_36,cognitive,2,3,0,116.5,Intermediate
user_96,course_36,cognitive,3,3,0,72.5,Intermediate
user_96,course_36,cognitive,4,5,0,203.5,Intermediate
user_96,course_36,cognitive,5,4,0,124.5,Intermediate
user_96,course_36,cognitive,6,4,1,99.4,Intermediate
user_96,course_36,cognitive,7,3,1,65.0,Intermediate
user_96,course_36,cognitive,8,5,1,118.7,Intermediate
user_96,course_36,cognitive,9,3,1,59.7,Intermediate
user_96,course_36,cognitive,10,3,0,93.4,Intermediate
user_96,course_36,cognitive,11,4,0,155.5,Intermediate
user_96,course_36,cognitive,12,3,0,125.0,Intermediate
user_96,course_36,cognitive,13,4,0,110.4,Intermediate
user_96,course_36,cognitive,14,5,0,183.7,Intermediate
user_96,course_36,cognitive,15,3,1,85.3,Intermediate
user_97,course_14,hearing,1,4,1,69.5,Intermediate
user_97,course_14,hearing,2,5,0,112.8,Intermediate
user_97,course_14,hearing,3,4,0,105.8,Intermediate
user_97,course_14,hearing,4,4,0,78.5,Intermediate
user_97,course_14,hearing,5,5,1,102.2,Intermediate
user_97,course_14,hearing,6,4,1,66.1,Intermediate
user_97,course_14,hearing,7,5,0,133.3,Intermediate
user_97,course_14,hearing,8,5,0,126.1,Intermediate
user_97,course_14,hearing,9,4,1,59.1,Intermediate
user_97,course_14,hearing,10,5,0,97.4,Intermediate
user_97,course_14,hearing,11,5,0,114.6,Intermediate
user_97,course_14,hearing,12,5,0,97.5,Intermediate
user_97,course_14,hearing,13,5,0,100.9,Intermediate
user_97,course_14,hearing,14,5,0,98.5,Intermediate
user_97,course_14,hearing,15,5,0,125.9,Intermediate
user_97,course_19,hearing,1,2,1,36.9,Intermediate
user_97,course_19,hearing,2,3,1,45.7,Intermediate
user_97,course_19,hearing,3,3,1,53.8,Intermediate
user_97,course_19,hearing,4,2,1,33.7,Intermediate
user_97,course_19,hearing,5,1,1,17.1,Intermediate
user_97,course_19,hearing,6,1,1,23.0,Intermediate
user_97,course_19,hearing,7,1,1,20.1,Intermediate
user_97,course_19,hearing,8,1,1,15.7,Intermediate
user_97,course_19,hearing,9,3,0,66.6,Intermediate
user_97,course_19,hearing,10,3,1,44.4,Intermediate
user_97,course_19,hearing,11,1,1,17.7,Intermediate
user_97,course_19,hearing,12,1,1,16.1,Intermediate
user_97,course_39,hearing,1,3,1,42.0,Intermediate
user_97,course_39,hearing,2,3,1,56.7,Intermediate
user_97,course_39,hearing,3,2,1,31.8,Intermediate
user_97,course_39,hearing,4,3,0,74.8,Intermediate
user_97,course_39,hearing,5,1,1,18.3,Intermediate
user_97,course_39,hearing,6,1,1,19.4,Intermediate
user_97,course_39,hearing,7,3,1,55.5,Intermediate
user_97,course_39,hearing,8,2,0,43.4,Intermediate
user_97,course_39,hearing,9,2,1,38.1,Intermediate
user_97,course_39,hearing,10,1,1,22.9,Intermediate
user_97,course_39,hearing,11,1,1,17.2,Intermediate
user_97,course_39,hearing,12,3,0,64.2,Intermediate
user_97,course_39,hearing,13,1,1,23.2,Intermediate
user_97,course_39,hearing,14,3,1,61.7,Intermediate
user_97,course_29,hearing,1,2,1,33.1,Intermediate
user_97,course_29,hearing,2,3,1,56.4,Intermediate
user_97,course_29,hearing,3,2,1,29.1,Intermediate
user_97,course_29,hearing,4,4,0,98.3,Intermediate
user_97,course_29,hearing,5,3,1,43.7,Intermediate
user_97,course_29,hearing,6,4,1,59.1,Intermediate
user_97,course_29,hearing,7,2,1,36.2,Intermediate
user_97,course_29,hearing,8,4,0,98.0,Intermediate
user_97,course_29,hearing,9,4,1,65.1,Intermediate
user_97,course_29,hearing,10,2,1,26.6,Intermediate
user_97,course_29,hearing,11,3,1,42.4,Intermediate
user_97,course_29,hearing,12,3,0,57.8,Intermediate
user_97,course_29,hearing,13,2,0,52.7,Intermediate
user_97,course_29,hearing,14,4,0,87.2,Intermediate
user_97,course_29,hearing,15,2,1,28.4,Intermediate
user_97,course_16,hearing,1,2,1,34.1,Intermediate
user_97,course_16,hearing,2,3,1,46.0,Intermediate
user_97,course_16,hearing,3,3,1,58.6,Intermediate
user_97,course_16,hearing,4,3,1,47.7,Intermediate
user_97,course_16,hearing,5,2,0,39.1,Intermediate
user_97,course_16,hearing,6,3,0,61.4,Intermediate
user_97,course_16,hearing,7,3,1,46.0,Intermediate
user_97,course_16,hearing,8,2,1,30.5,Intermediate
user_97,course_16,hearing,9,2,1,26.2,Intermediate
user_97,course_16,hearing,10,2,1,29.4,Intermediate
user_97,course_16,hearing,11,2,1,37.7,Intermediate
user_97,course_16,hearing,12,2,1,28.5,Intermediate
user_97,course_16,hearing,13,3,1,43.9,Intermediate
user_97,course_16,hearing,14,2,1,30.9,Intermediate
user_97,course_16,hearing,15,4,1,78.9,Intermediate
user_97,course_40,hearing,1,4,1,85.1,Intermediate
user_97,course_40,hearing,2,3,0,69.2,Intermediate
user_97,course_40,hearing,3,3,1,43.2,Intermediate
user_97,course_40,hearing,4,5,0,103.5,Intermediate
user_97,course_40,hearing,5,3,1,46.3,Intermediate
user_97,course_40,hearing,6,4,0,75.4,Intermediate
user_97,course_40,hearing,7,4,0,95.6,Intermediate
user_97,course_40,hearing,8,4,0,111.0,Intermediate
user_97,course_40,hearing,9,3,0,55.8,Intermediate
user_97,course_40,hearing,10,5,1,78.1,Intermediate
user_97,course_40,hearing,11,4,1,75.9,Intermediate
user_97,course_40,hearing,12,4,0,88.3,Intermediate
user_97,course_40,hearing,13,4,0,106.5,Intermediate
user_98,course_25,hearing,1,1,1,26.6,Beginner
user_98,course_25,hearing,2,2,0,39.6,Beginner
user_98,course_25,hearing,3,1,1,29.3,Beginner
user_98,course_25,hearing,4,1,1,24.6,Beginner
user_98,course_25,hearing,5,3,0,78.5,Beginner
user_98,course_25,hearing,6,3,0,105.1,Beginner
user_98,course_25,hearing,7,1,1,26.4,Beginner
user_98,course_25,hearing,8,1,1,26.5,Beginner
user_98,course_25,hearing,9,1,1,26.4,Beginner
user_98,course_25,hearing,10,3,1,69.2,Beginner
user_98,course_25,hearing,11,3,0,78.5,Beginner
user_98,course_41,hearing,1,2,1,41.7,Beginner
user_98,course_41,hearing,2,3,1,60.1,Beginner
user_98,course_41,hearing,3,2,1,49.9,Beginner
user_98,course_41,hearing,4,2,1,34.6,Beginner
user_98,course_41,hearing,5,1,1,26.3,Beginner
user_98,course_41,hearing,6,3,1,56.0,Beginner
user_98,course_41,hearing,7,2,1,42.9,Beginner
user_98,course_41,hearing,8,2,0,51.8,Beginner
user_98,course_41,hearing,9,3,0,70.4,Beginner
user_98,course_41,hearing,10,2,0,64.0,Beginner
user_98,course_41,hearing,11,2,1,49.2,Beginner
user_98,course_41,hearing,12,2,1,36.5,Beginner
user_98,course_21,hearing,1,3,0,91.6,Beginner
user_98,course_21,hearing,2,5,0,173.1,Beginner
user_98,course_21,hearing,3,4,0,118.2,Beginner
user_98,course_21,hearing,4,4,0,118.4,Beginner
user_98,course_21,hearing,5,4,0,106.0,Beginner
user_98,course_21,hearing,6,3,1,55.7,Beginner
user_98,course_21,hearing,7,3,0,105.0,Beginner
user_98,course_21,hearing,8,5,0,190.6,Beginner
user_98,course_21,hearing,9,4,0,142.2,Beginner
user_98,course_21,hearing,10,5,0,145.2,Beginner
user_98,course_21,hearing,11,3,1,75.7,Beginner
user_98,course_21,hearing,12,5,0,202.1,Beginner
user_98,course_21,hearing,13,3,0,97.2,Beginner
user_98,course_21,hearing,14,5,0,126.9,Beginner
user_98,course_43,hearing,1,3,0,75.5,Beginner
user_98,course_43,hearing,2,1,1,30.2,Beginner
user_98,course_43,hearing,3,3,0,79.1,Beginner
user_98,course_43,hearing,4,3,0,97.8,Beginner
user_98,course_43,hearing,5,2,0,58.6,Beginner
user_98,course_43,hearing,6,3,1,79.0,Beginner
user_98,course_43,hearing,7,2,0,69.1,Beginner
user_98,course_43,hearing,8,1,0,28.7,Beginner
user_98,course_43,hearing,9,3,0,94.9,Beginner
user_98,course_43,hearing,10,3,0,65.5,Beginner
user_98,course_43,hearing,11,2,0,45.3,Beginner
user_98,course_2,hearing,1,4,0,117.7,Beginner
user_98,course_2,hearing,2,4,0,132.1,Beginner
user_98,course_2,hearing,3,3,0,89.6,Beginner
user_98,course_2,hearing,4,2,0,57.0,Beginner
user_98,course_2,hearing,5,3,0,97.3,Beginner
user_98,course_2,hearing,6,4,0,108.9,Beginner
user_98,course_2,hearing,7,4,0,94.4,Beginner
user_98,course_2,hearing,8,3,0,78.1,Beginner
user_98,course_2,hearing,9,4,0,103.3,Beginner
user_98,course_2,hearing,10,3,1,79.5,Beginner
user_98,course_2,hearing,11,4,0,136.4,Beginner
user_98,course_2,hearing,12,2,1,43.7,Beginner
user_99,course_36,visual,1,4,0,361.5,Beginner
user_99,course_36,visual,2,3,1,175.5,Beginner
user_99,course_36,visual,3,4,1,205.0,Beginner
user_99,course_36,visual,4,4,1,267.3,Beginner
user_99,course_36,visual,5,4,0,394.1,Beginner
user_99,course_36,visual,6,5,0,382.8,Beginner
user_99,course_36,visual,7,4,1,275.7,Beginner
user_99,course_36,visual,8,5,0,428.8,Beginner
user_99,course_36,visual,9,4,0,318.8,Beginner
user_99,course_36,visual,10,5,0,449.7,Beginner
user_99,course_36,visual,11,4,0,283.8,Beginner
user_99,course_36,visual,12,5,0,516.3,Beginner
user_99,course_6,visual,1,3,0,272.0,Beginner
user_99,course_6,visual,2,4,0,313.1,Beginner
user_99,course_6,visual,3,4,0,272.3,Beginner
user_99,course_6,visual,4,4,0,342.1,Beginner
user_99,course_6,visual,5,3,0,250.3,Beginner
user_99,course_6,visual,6,3,0,174.9,Beginner
user_99,course_6,visual,7,4,1,243.3,Beginner
user_99,course_6,visual,8,4,0,361.7,Beginner
user_99,course_6,visual,9,2,1,123.5,Beginner
user_99,course_6,visual,10,4,0,418.0,Beginner
user_99,course_6,visual,11,3,0,195.8,Beginner
user_99,course_6,visual,12,4,1,214.0,Beginner
user_99,course_2,visual,1,4,0,311.2,Beginner
user_99,course_2,visual,2,4,0,400.6,Beginner
user_99,course_2,visual,3,3,0,235.5,Beginner
user_99,course_2,visual,4,4,0,323.0,Beginner
user_99,course_2,visual,5,4,0,293.0,Beginner
user_99,course_2,visual,6,3,0,284.0,Beginner
user_99,course_2,visual,7,4,1,232.3,Beginner
user_99,course_2,visual,8,2,0,167.7,Beginner
user_99,course_2,visual,9,3,0,187.4,Beginner
user_99,course_2,visual,10,2,1,119.0,Beginner
user_99,course_2,visual,11,2,1,115.2,Beginner
user_99,course_2,visual,12,2,0,181.0,Beginner
user_99,course_2,visual,13,2,1,109.3,Beginner
user_99,course_2,visual,14,3,0,287.2,Beginner
user_99,course_2,visual,15,3,1,204.1,Beginner
user_99,course_46,visual,1,4,1,210.2,Beginner
user_99,course_46,visual,2,4,0,392.3,Beginner
user_99,course_46,visual,3,3,0,195.3,Beginner
user_99,course_46,visual,4,5,0,376.0,Beginner
user_99,course_46,visual,5,3,0,295.1,Beginner
user_99,course_46,visual,6,4,0,357.0,Beginner
user_99,course_46,visual,7,3,1,165.7,Beginner
user_99,course_46,visual,8,4,0,412.7,Beginner
user_99,course_46,visual,9,5,0,330.8,Beginner
user_99,course_46,visual,10,3,0,227.4,Beginner
user_99,course_46,visual,11,4,0,374.9,Beginner
user_99,course_46,visual,12,4,0,327.9,Beginner
user_99,course_46,visual,13,4,0,379.2,Beginner
user_99,course_46,visual,14,5,1,259.1,Beginner
user_99,course_46,visual,15,4,0,298.2,Beginner
user_99,course_29,visual,1,4,0,304.1,Beginner
user_99,course_29,visual,2,2,0,178.2,Beginner
user_99,course_29,visual,3,3,1,152.6,Beginner
user_99,course_29,visual,4,3,0,229.7,Beginner
user_99,course_29,visual,5,3,1,163.0,Beginner
user_99,course_29,visual,6,2,1,113.0,Beginner
user_99,course_29,visual,7,3,0,231.4,Beginner
user_99,course_29,visual,8,4,0,331.3,Beginner
user_99,course_29,visual,9,3,0,175.9,Beginner
user_99,course_29,visual,10,2,0,166.9,Beginner
user_99,course_10,visual,1,4,0,249.9,Beginner
user_99,course_10,visual,2,5,0,411.6,Beginner
user_99,course_10,visual,3,3,0,267.9,Beginner
user_99,course_10,visual,4,3,1,203.5,Beginner
user_99,course_10,visual,5,3,0,261.5,Beginner
user_99,course_10,visual,6,5,0,396.9,Beginner
user_99,course_10,visual,7,5,0,521.3,Beginner
user_99,course_10,visual,8,5,0,352.5,Beginner
user_99,course_10,visual,9,5,0,503.2,Beginner
user_99,course_10,visual,10,5,1,306.7,Beginner
user_99,course_10,visual,11,3,0,178.9,Beginner
user_99,course_10,visual,12,5,0,485.5,Beginner
user_99,course_10,visual,13,4,0,351.5,Beginner
user_99,course_10,visual,14,3,0,247.0,Beginner
user_99,course_10,visual,15,5,0,416.6,Beginner
